id,answer,pred_base,margin,entropy,top1p,did_sc,sc_label,sc_gap,sc_accepted,p1,p2,p3,p4,p5
generation-for-nlp-425,2,2,0.421875,1.3451526165008545,0.37064966559410095,0,,0.0,0,0.1750825196504593,0.37064966559410095,0.21118980646133423,0.24307799339294434,
generation-for-nlp-426,1,1,4.421875,0.15697471797466278,0.9721809029579163,0,,0.0,0,0.9721809029579163,0.009383163414895535,0.006758439354598522,0.011677535250782967,
generation-for-nlp-427,4,4,3.515625,0.2605017423629761,0.9465110898017883,0,,0.0,0,0.01845403015613556,0.006895766593515873,0.028139034286141396,0.9465110898017883,
generation-for-nlp-428,2,2,4.3125,0.14694634079933167,0.9736131429672241,0,,0.0,0,0.010648179799318314,0.9736131429672241,0.002692281734198332,0.01304642390459776,
generation-for-nlp-429,3,3,0.921875,1.082432508468628,0.5877045392990112,0,,0.0,0,0.09898559749126434,0.07953716069459915,0.5877045392990112,0.23377272486686707,
generation-for-nlp-431,3,3,2.328125,0.5838283896446228,0.8454878926277161,0,,0.0,0,0.025135694071650505,0.04695965722203255,0.8454878926277161,0.08241675794124603,
generation-for-nlp-432,4,4,4.734375,0.06895003467798233,0.9888035655021667,0,,0.0,0,0.0017110730987042189,0.0007957228808663785,0.008689546026289463,0.9888035655021667,
generation-for-nlp-433,3,3,7.15625,0.007398009300231934,0.9991253018379211,0,,0.0,0,3.532657501637004e-05,6.009252683725208e-05,0.9991253018379211,0.0007792917895130813,
generation-for-nlp-434,1,1,3.171875,0.4295579195022583,0.9014626145362854,0,,0.0,0,0.9014626145362854,0.03779374435544014,0.030846353620290756,0.029897313565015793,
generation-for-nlp-435,2,2,2.484375,0.47938331961631775,0.8799782395362854,0,,0.0,0,0.02496306225657463,0.8799782395362854,0.02168828248977661,0.07337051630020142,
generation-for-nlp-436,3,3,2.6875,0.46383458375930786,0.8874690532684326,0,,0.0,0,0.03283512219786644,0.019302770495414734,0.8874690532684326,0.06039302796125412,
generation-for-nlp-437,3,3,1.4375,0.6287329792976379,0.7839899659156799,0,,0.0,0,0.012475556693971157,0.01732059381902218,0.7839899659156799,0.18621394038200378,
generation-for-nlp-439,3,3,5.671875,0.049963708966970444,0.9927190542221069,0,,0.0,0,0.003159607294946909,0.0007050036219879985,0.9927190542221069,0.003416349645704031,
generation-for-nlp-440,4,4,1.640625,0.9231523275375366,0.6915988922119141,0,,0.0,0,0.13407255709171295,0.04025588184595108,0.13407255709171295,0.6915988922119141,
generation-for-nlp-441,4,4,3.078125,0.40959683060646057,0.9057296514511108,0,,0.0,0,0.03623374551534653,0.016331827268004417,0.04170478880405426,0.9057296514511108,
generation-for-nlp-443,2,2,1.90625,0.8387922048568726,0.7460535168647766,0,,0.0,0,0.1108909547328949,0.7460535168647766,0.06318376213312149,0.0798717588186264,
generation-for-nlp-445,2,2,1.140625,1.1322060823440552,0.5792432427406311,0,,0.0,0,0.11229142546653748,0.5792432427406311,0.12332800030708313,0.18513727188110352,
generation-for-nlp-446,4,4,2.0625,0.6442678570747375,0.82065749168396,0,,0.0,0,0.03838266432285309,0.03662499040365219,0.10433488339185715,0.82065749168396,
generation-for-nlp-447,2,2,2.890625,0.44122886657714844,0.8964870572090149,0,,0.0,0,0.049792226403951645,0.8964870572090149,0.023520180955529213,0.03020051121711731,
generation-for-nlp-448,3,3,0.34375,1.2574398517608643,0.40586552023887634,0,,0.0,0,0.07507757842540741,0.2312551885843277,0.40586552023887634,0.28780174255371094,
generation-for-nlp-449,4,4,4.984375,0.06148669496178627,0.9904069304466248,0,,0.0,0,0.006778398994356394,0.0006817214889451861,0.0021329177543520927,0.9904069304466248,
generation-for-nlp-450,2,2,3.09375,0.29948100447654724,0.9345228672027588,0,,0.0,0,0.04236345738172531,0.9345228672027588,0.01464041881263256,0.008473224006593227,
generation-for-nlp-451,2,2,5.609375,0.05867815017700195,0.991414487361908,0,,0.0,0,0.0024961705785244703,0.991414487361908,0.002457470865920186,0.00363190658390522,
generation-for-nlp-452,1,1,6.0,0.03310093656182289,0.9955295920372009,0,,0.0,0,0.9955295920372009,0.0010950224241241813,0.0009078054572455585,0.002467671176418662,
generation-for-nlp-453,4,4,0.09375,1.2088817358016968,0.4104262590408325,0,,0.0,0,0.08469624072313309,0.13118012249469757,0.3736973702907562,0.4104262590408325,
generation-for-nlp-454,2,2,9.359375,0.0012973695993423462,0.9998799562454224,0,,0.0,0,1.9523924493114464e-05,0.9998799562454224,1.4284007193055004e-05,8.614359103376046e-05,
generation-for-nlp-455,2,2,8.578125,0.0034072704147547483,0.9996585845947266,0,,0.0,0,7.841725891921669e-05,0.9996585845947266,7.48262827983126e-05,0.0001881132338894531,
generation-for-nlp-456,2,2,3.828125,0.26579156517982483,0.9466738104820251,0,,0.0,0,0.013088115490972996,0.9466738104820251,0.020590495318174362,0.019647587090730667,
generation-for-nlp-457,1,1,9.9375,0.0012533930130302906,0.999887228012085,0,,0.0,0,0.999887228012085,4.6109675167826936e-05,1.8341161194257438e-05,4.832252670894377e-05,
generation-for-nlp-459,1,1,6.84375,0.020778615027666092,0.9974163770675659,0,,0.0,0,0.9974163770675659,0.0007779588922858238,0.0007423335337080061,0.0010633437195792794,
generation-for-nlp-460,2,2,6.59375,0.02375691942870617,0.9969504475593567,0,,0.0,0,0.0012621618807315826,0.9969504475593567,0.00042277126340195537,0.0013647224986925721,
generation-for-nlp-461,3,3,0.484375,0.8700997829437256,0.5853439569473267,0,,0.0,0,0.039833154529333115,0.014202949590981007,0.5853439569473267,0.3606199324131012,
generation-for-nlp-463,4,4,4.5,0.08110661059617996,0.9863030314445496,0,,0.0,0,0.0015299172373488545,0.0012102641630917788,0.010956837795674801,0.9863030314445496,
generation-for-nlp-464,2,2,1.421875,1.0379995107650757,0.6419532299041748,0,,0.0,0,0.1548784375190735,0.6419532299041748,0.09999703615903854,0.10317128151655197,
generation-for-nlp-465,4,4,1.71875,0.5298168063163757,0.8291910290718079,0,,0.0,0,0.020119722932577133,0.0020234936382621527,0.14866577088832855,0.8291910290718079,
generation-for-nlp-466,2,2,0.203125,1.3719745874404907,0.3165276348590851,0,,0.0,0,0.21754606068134308,0.3165276348590851,0.25834232568740845,0.20758390426635742,
generation-for-nlp-467,4,4,2.609375,0.569107174873352,0.8547296524047852,0,,0.0,0,0.06289144605398178,0.0326276533305645,0.04975122585892677,0.8547296524047852,
generation-for-nlp-469,2,2,5.578125,0.056588735431432724,0.9916947484016418,0,,0.0,0,0.0031563472002744675,0.9916947484016418,0.0014006205601617694,0.0037482548505067825,
generation-for-nlp-470,3,3,1.984375,0.5410383939743042,0.8460251092910767,0,,0.0,0,0.02117982506752014,0.016494864597916603,0.8460251092910767,0.11630011349916458,
generation-for-nlp-472,1,1,0.421875,1.3615517616271973,0.3470517098903656,0,,0.0,0,0.3470517098903656,0.22760207951068878,0.19774410128593445,0.22760207951068878,
generation-for-nlp-473,2,2,1.703125,0.9240772128105164,0.6991515159606934,0,,0.0,0,0.053912777453660965,0.6991515159606934,0.11961071938276291,0.12732495367527008,
generation-for-nlp-475,1,1,3.359375,0.3316992223262787,0.9289379715919495,0,,0.0,0,0.9289379715919495,0.032287076115608215,0.01623496040701866,0.022540010511875153,
generation-for-nlp-476,4,4,0.078125,1.3512276411056519,0.31485986709594727,0,,0.0,0,0.2452131062746048,0.14872927963733673,0.2911977767944336,0.31485986709594727,
generation-for-nlp-477,3,3,0.4375,0.9982656240463257,0.5419909954071045,0,,0.0,0,0.08311701565980911,0.02495625428855419,0.5419909954071045,0.3499356806278229,
generation-for-nlp-479,4,4,2.984375,0.3586576282978058,0.9193878769874573,0,,0.0,0,0.01878545805811882,0.015332244336605072,0.04649445414543152,0.9193878769874573,
generation-for-nlp-480,3,3,5.0,0.046046774834394455,0.9926388263702393,0,,0.0,0,0.0001150793832493946,0.0005576587282121181,0.9926388263702393,0.006688347551971674,
generation-for-nlp-481,4,4,1.40625,0.7609025239944458,0.7454301118850708,0,,0.0,0,0.0523374043405056,0.019557058811187744,0.18267551064491272,0.7454301118850708,
generation-for-nlp-482,2,2,1.1875,1.1493242979049683,0.5707387924194336,0,,0.0,0,0.11963334679603577,0.5707387924194336,0.13556234538555145,0.1740654855966568,
generation-for-nlp-483,3,3,3.625,0.1483502984046936,0.9702113270759583,0,,0.0,0,0.00208942499011755,0.0018439110135659575,0.9702113270759583,0.025855254381895065,
generation-for-nlp-484,1,1,11.828125,0.00022557965712621808,0.9999825954437256,0,,0.0,0,0.9999825954437256,6.962183761061169e-06,3.089450274273986e-06,7.296305739146192e-06,
generation-for-nlp-486,4,4,3.0625,0.2167820781469345,0.9504820108413696,0,,0.0,0,0.0018931067315861583,0.0031703568529337645,0.04445463791489601,0.9504820108413696,
generation-for-nlp-487,2,2,5.359375,0.05332285538315773,0.9921362400054932,0,,0.0,0,0.002070904476568103,0.9921362400054932,0.0011259311577305198,0.004666855558753014,
generation-for-nlp-488,2,2,3.09375,0.37217003107070923,0.9161539673805237,0,,0.0,0,0.029449721798300743,0.9161539673805237,0.01286563090980053,0.04153076186776161,
generation-for-nlp-490,4,4,7.875,0.005327149294316769,0.9994268417358398,0,,0.0,0,0.00014419796934816986,4.906089452560991e-05,0.0003799111000262201,0.9994268417358398,
generation-for-nlp-491,1,1,2.09375,0.7199642658233643,0.7947459816932678,0,,0.0,0,0.7947459816932678,0.03895462304353714,0.09793191403150558,0.06836749613285065,
generation-for-nlp-492,4,4,5.390625,0.06549681723117828,0.990022599697113,0,,0.0,0,0.004513634834438562,0.0010889649856835604,0.004374764859676361,0.990022599697113,
generation-for-nlp-493,1,1,2.28125,0.6809818744659424,0.8128435611724854,0,,0.0,0,0.8128435611724854,0.04241124913096428,0.061708007007837296,0.08303719758987427,
generation-for-nlp-494,3,3,1.078125,0.6442481279373169,0.7346087098121643,0,,0.0,0,0.013040866702795029,0.002412317553535104,0.7346087098121643,0.24993804097175598,
generation-for-nlp-495,1,1,2.625,0.5458950400352478,0.8609783053398132,0,,0.0,0,0.8609783053398132,0.05334708094596863,0.023305615410208702,0.06236905977129936,
generation-for-nlp-496,4,4,7.75,0.005292839370667934,0.9994229078292847,0,,0.0,0,0.00010715841926867142,3.942138209822588e-05,0.00043049396481364965,0.9994229078292847,
generation-for-nlp-498,1,1,0.8125,1.1359456777572632,0.5244712829589844,0,,0.0,0,0.5244712829589844,0.043729186058044434,0.1990668624639511,0.23273272812366486,
generation-for-nlp-499,4,4,6.1875,0.02568742446601391,0.996631920337677,0,,0.0,0,0.0007773470133543015,0.0005426756106317043,0.002048036316409707,0.996631920337677,
generation-for-nlp-500,4,4,3.8125,0.14500775933265686,0.9723552465438843,0,,0.0,0,0.0041645001620054245,0.0019981488585472107,0.02148212492465973,0.9723552465438843,
generation-for-nlp-501,1,1,0.140625,1.381709337234497,0.2887009382247925,0,,0.0,0,0.2887009382247925,0.22484050691127777,0.25082772970199585,0.2356308400630951,
generation-for-nlp-502,4,4,3.34375,0.3059794306755066,0.9342834949493408,0,,0.0,0,0.024897810071706772,0.007834444753825665,0.03298424184322357,0.9342834949493408,
generation-for-nlp-505,4,4,7.640625,0.0069626872427761555,0.9992225170135498,0,,0.0,0,0.00048015444190241396,3.216834375052713e-05,0.0002651664544828236,0.9992225170135498,
generation-for-nlp-506,4,4,0.625,1.141507863998413,0.5259657502174377,0,,0.0,0,0.11553933471441269,0.07696578651666641,0.28152918815612793,0.5259657502174377,
generation-for-nlp-507,4,4,0.734375,1.231736421585083,0.49239739775657654,0,,0.0,0,0.13461394608020782,0.13673381507396698,0.23625484108924866,0.49239739775657654,
generation-for-nlp-508,4,4,0.046875,1.2026405334472656,0.3810916543006897,0,,0.0,0,0.21045878529548645,0.044809263199567795,0.3636402189731598,0.3810916543006897,
generation-for-nlp-509,2,2,0.453125,1.2665470838546753,0.4303508996963501,0,,0.0,0,0.1970290094614029,0.4303508996963501,0.2735476791858673,0.0990724042057991,
generation-for-nlp-510,2,2,4.4375,0.1554514467716217,0.9725541472434998,0,,0.0,0,0.0076612550765275955,0.9725541472434998,0.00828379113227129,0.011500904336571693,
generation-for-nlp-512,4,4,3.890625,0.18168696761131287,0.9656369686126709,0,,0.0,0,0.01056094653904438,0.00407160772010684,0.019730444997549057,0.9656369686126709,
generation-for-nlp-513,1,1,0.1875,1.3651037216186523,0.32290101051330566,0,,0.0,0,0.32290101051330566,0.267694354057312,0.2254212349653244,0.1839834451675415,
generation-for-nlp-514,3,3,9.328125,0.001169494935311377,0.9998910427093506,0,,0.0,0,9.665150173532311e-06,1.0450517947901972e-05,0.9998910427093506,8.887906733434647e-05,
generation-for-nlp-515,1,1,10.3125,0.0006888824864290655,0.9999412298202515,0,,0.0,0,0.9999412298202515,1.5445639292011037e-05,1.0129497240995988e-05,3.32133422489278e-05,
generation-for-nlp-516,4,4,6.75,0.013676506467163563,0.9983213543891907,0,,0.0,0,0.0011689141392707825,9.299823432229459e-05,0.0004167891456745565,0.9983213543891907,
generation-for-nlp-517,2,2,5.15625,0.05788717791438103,0.9912152290344238,0,,0.0,0,0.0021682744845747948,0.9912152290344238,0.0009038713178597391,0.005712642800062895,
generation-for-nlp-518,2,2,7.359375,0.008777327835559845,0.9989989399909973,0,,0.0,0,0.00027352251345291734,0.9989989399909973,9.161857451545075e-05,0.0006359589169733226,
generation-for-nlp-519,3,3,7.34375,0.0068452926352620125,0.9992165565490723,0,,0.0,0,6.600475171580911e-05,7.13681656634435e-05,0.9992165565490723,0.0006461145239882171,
generation-for-nlp-520,2,2,9.90625,0.001322336494922638,0.9998811483383179,0,,0.0,0,3.4265594877069816e-05,0.9998811483383179,3.4805198083631694e-05,4.985614214092493e-05,
generation-for-nlp-521,3,3,8.15625,0.0033579592127352953,0.9996479749679565,0,,0.0,0,1.6958743799477816e-05,4.831096521229483e-05,0.9996479749679565,0.0002868353622034192,
generation-for-nlp-522,3,3,9.0625,0.0013486070092767477,0.9998698234558105,0,,0.0,0,5.464064543048153e-06,8.731549314688891e-06,0.9998698234558105,0.00011591769725782797,
generation-for-nlp-523,4,4,8.703125,0.0025031552650034428,0.9997530579566956,0,,0.0,0,0.00016602504183538258,2.3547358068753965e-05,5.73767174500972e-05,0.9997530579566956,
generation-for-nlp-525,3,3,7.0625,0.01014697551727295,0.9988092184066772,0,,0.0,0,0.0001793463743524626,0.00015581883781123906,0.9988092184066772,0.0008556137327104807,
generation-for-nlp-526,2,2,4.46875,0.11703662574291229,0.9797226786613464,0,,0.0,0,0.0014501174446195364,0.9797226786613464,0.011229223571717739,0.007598072290420532,
generation-for-nlp-527,4,4,7.296875,0.009021875448524952,0.9989649057388306,0,,0.0,0,0.00026509808958508074,9.305818821303546e-05,0.000676951662171632,0.9989649057388306,
generation-for-nlp-529,1,1,8.640625,0.0027623579371720552,0.9997264742851257,0,,0.0,0,0.9997264742851257,5.143079033587128e-05,4.538751454674639e-05,0.00017672801914159209,
generation-for-nlp-530,4,4,2.0,0.5789936780929565,0.8337207436561584,0,,0.0,0,0.0441855825483799,0.009261801838874817,0.11283183097839355,0.8337207436561584,
generation-for-nlp-531,1,1,11.296875,0.0003558813768904656,0.9999715089797974,0,,0.0,0,0.9999715089797974,1.0952931006613653e-05,5.093585969007108e-06,1.2411295756464824e-05,
generation-for-nlp-532,4,4,4.765625,0.06107611954212189,0.9899954795837402,0,,0.0,0,0.008432349190115929,0.00025864478084258735,0.0013135066255927086,0.9899954795837402,
generation-for-nlp-533,3,3,7.6875,0.0052430285140872,0.9994243383407593,0,,0.0,0,5.7357850892003626e-05,6.0110509366495535e-05,0.9994243383407593,0.0004582590772770345,
generation-for-nlp-534,1,1,12.078125,0.00013802011380903423,0.9999897480010986,0,,0.0,0,0.9999897480010986,2.8572949304361828e-06,1.7061686321540037e-06,5.682409209839534e-06,
generation-for-nlp-535,1,1,9.09375,0.002250219928100705,0.9997848868370056,0,,0.0,0,0.9997848868370056,6.013219535816461e-05,4.264010931365192e-05,0.00011234173871343955,
generation-for-nlp-537,2,2,9.640625,0.0010548195568844676,0.999904990196228,0,,0.0,0,1.5688307030359283e-05,0.999904990196228,1.42843646244728e-05,6.50262227281928e-05,
generation-for-nlp-538,2,2,1.78125,0.5358513593673706,0.8334779739379883,0,,0.0,0,0.1403805911540985,0.8334779739379883,0.005275677889585495,0.02086571417748928,
generation-for-nlp-539,2,2,7.078125,0.013312559574842453,0.998421311378479,0,,0.0,0,0.000502794049680233,0.998421311378479,0.00023382093058899045,0.000842021603602916,
generation-for-nlp-540,3,3,7.828125,0.004260172136127949,0.9995357990264893,0,,0.0,0,2.4672055587871e-05,4.131791502004489e-05,0.9995357990264893,0.00039818676305003464,
generation-for-nlp-541,1,1,9.59375,0.0011210883967578411,0.9998983144760132,0,,0.0,0,0.9998983144760132,1.0952129741781391e-05,2.2472311684396118e-05,6.814643711550161e-05,
generation-for-nlp-543,1,1,6.078125,0.04458099603652954,0.9937840700149536,0,,0.0,0,0.9937840700149536,0.0021070102229714394,0.0022782213054597378,0.0018306021811440587,
generation-for-nlp-544,3,3,2.21875,0.522362232208252,0.8566888570785522,0,,0.0,0,0.09316059201955795,0.0061446065083146095,0.8566888570785522,0.044005945324897766,
generation-for-nlp-545,3,3,8.984375,0.0018327508587390184,0.9998244643211365,0,,0.0,0,2.5462581106694415e-05,2.467918056936469e-05,0.9998244643211365,0.00012533122207969427,
generation-for-nlp-546,1,1,9.59375,0.0012122690677642822,0.9998899698257446,0,,0.0,0,0.9998899698257446,2.753342232608702e-05,1.4284149983723182e-05,6.814586231485009e-05,
generation-for-nlp-547,2,2,7.234375,0.00968201644718647,0.9988760352134705,0,,0.0,0,0.0007205472211353481,0.9988760352134705,7.360853487625718e-05,0.00032989055034704506,
generation-for-nlp-548,1,1,6.640625,0.01603212207555771,0.9980213642120361,0,,0.0,0,0.9980213642120361,0.00034542649518698454,0.0003296082722954452,0.0013036261079832911,
generation-for-nlp-550,3,3,6.453125,0.014092122204601765,0.9981879591941833,0,,0.0,0,6.003614907967858e-05,0.00017923483392223716,0.9981879591941833,0.0015727357240393758,
generation-for-nlp-551,3,3,6.359375,0.015054731629788876,0.9980297684669495,0,,0.0,0,0.0002195682900492102,2.3506770958192647e-05,0.9980297684669495,0.0017270386451855302,
generation-for-nlp-552,4,4,5.046875,0.08315973728895187,0.9869600534439087,0,,0.0,0,0.0063455551862716675,0.0029052067548036575,0.003789104288443923,0.9869600534439087,
generation-for-nlp-553,3,3,6.75,0.016686061397194862,0.9979352951049805,0,,0.0,0,0.000719868578016758,0.00017641138401813805,0.9979352951049805,0.0011684619821608067,
generation-for-nlp-554,3,3,5.953125,0.023298760876059532,0.9968120455741882,0,,0.0,0,8.860538218868896e-05,0.0005098887486383319,0.9968120455741882,0.0025894285645335913,
generation-for-nlp-555,3,3,8.953125,0.0016158632934093475,0.9998435974121094,0,,0.0,0,9.514854355074931e-06,1.750049523252528e-05,0.9998435974121094,0.0001293121458729729,
generation-for-nlp-556,1,1,3.0,0.4676569402217865,0.8889477849006653,0,,0.0,0,0.8889477849006653,0.044258102774620056,0.025217507034540176,0.04157664254307747,
generation-for-nlp-557,3,3,7.59375,0.006669168826192617,0.9992600083351135,0,,0.0,0,0.000179427326656878,5.7348421250935644e-05,0.9992600083351135,0.0005032164044678211,
generation-for-nlp-558,1,1,12.25,0.00014471217582467943,0.9999891519546509,0,,0.0,0,0.9999891519546509,4.2228052734571975e-06,1.73303590145224e-06,4.785065812029643e-06,
generation-for-nlp-559,1,1,11.671875,0.0001937645865837112,0.9999852180480957,0,,0.0,0,0.9999852180480957,3.500814955259557e-06,2.769372713373741e-06,8.530267223250121e-06,
generation-for-nlp-560,4,4,6.71875,0.016538921743631363,0.9979700446128845,0,,0.0,0,0.0012055950937792659,0.0003295913338661194,0.000494775187689811,0.9979700446128845,
generation-for-nlp-561,2,2,9.375,0.0011816703481599689,0.9998905658721924,0,,0.0,0,1.5205406270979438e-05,0.9998905658721924,9.36777996685123e-06,8.480894757667556e-05,
generation-for-nlp-562,2,2,8.8125,0.002101622987538576,0.9997946619987488,0,,0.0,0,4.197944872430526e-05,0.9997946619987488,1.4507708328892477e-05,0.00014883006224408746,
generation-for-nlp-563,4,4,7.8125,0.007205757312476635,0.999207079410553,0,,0.0,0,0.00040432429523207247,8.343703666469082e-05,0.00030519999563694,0.999207079410553,
generation-for-nlp-564,1,1,8.9375,0.002708563581109047,0.999736487865448,0,,0.0,0,0.999736487865448,5.737576793762855e-05,7.483211084036157e-05,0.00013133444008417428,
generation-for-nlp-565,4,4,8.921875,0.0028786046896129847,0.9997151494026184,0,,0.0,0,0.0001333998079644516,2.79621181107359e-05,0.0001233746443176642,0.9997151494026184,
generation-for-nlp-566,4,4,6.328125,0.020853552967309952,0.997322142124176,0,,0.0,0,0.000518183340318501,0.0003791110357269645,0.0017805971438065171,0.997322142124176,
generation-for-nlp-567,1,1,11.953125,0.00020591852080542594,0.9999843835830688,0,,0.0,0,0.9999843835830688,4.936936420563143e-06,4.28928478868329e-06,6.438978743972257e-06,
generation-for-nlp-568,3,3,5.578125,0.040006302297115326,0.9942307472229004,0,,0.0,0,0.0017475578933954239,0.0002638417645357549,0.9942307472229004,0.003757840022444725,
generation-for-nlp-569,2,2,9.40625,0.0013670864282175899,0.9998741149902344,0,,0.0,0,2.0782987121492624e-05,0.9998741149902344,2.282564491906669e-05,8.21983048808761e-05,
generation-for-nlp-570,3,3,8.515625,0.0026615087408572435,0.9997316002845764,0,,0.0,0,5.4748070397181436e-05,1.3416592082649004e-05,0.9997316002845764,0.00020026013953611255,
generation-for-nlp-571,4,4,5.671875,0.0477442592382431,0.9931212067604065,0,,0.0,0,0.0034177338238805532,0.0007991974707692862,0.002661733888089657,0.9931212067604065,
generation-for-nlp-573,3,3,7.5625,0.00888022780418396,0.9989946484565735,0,,0.0,0,0.000391801237128675,9.452645463170484e-05,0.9989946484565735,0.0005190523224882782,
generation-for-nlp-574,4,4,8.65625,0.0024542766623198986,0.9997560381889343,0,,0.0,0,5.561158832279034e-05,1.4282236406870652e-05,0.00017399326316080987,0.9997560381889343,
generation-for-nlp-576,4,4,8.453125,0.004043790511786938,0.9995782971382141,0,,0.0,0,0.0001940689980983734,1.4504568753181957e-05,0.00021314311015885323,0.9995782971382141,
generation-for-nlp-577,2,2,7.09375,0.01197092980146408,0.998579740524292,0,,0.0,0,0.00048740205238573253,0.998579740524292,0.00010377387661719695,0.0008290987461805344,
generation-for-nlp-578,3,3,5.953125,0.03934212028980255,0.9945060610771179,0,,0.0,0,0.0023157789837569,0.0005947412573732436,0.9945060610771179,0.0025834382977336645,
generation-for-nlp-579,3,3,7.8125,0.0055892206728458405,0.9993966817855835,0,,0.0,0,7.364690100075677e-05,0.00012527759827207774,0.9993966817855835,0.0004044010420329869,
generation-for-nlp-580,3,3,3.28125,0.16202868521213531,0.9630782604217529,0,,0.0,0,0.0005410517915152013,0.00018698247731663287,0.9630782604217529,0.036193687468767166,
generation-for-nlp-581,2,2,8.5625,0.003509104484692216,0.9996458292007446,0,,0.0,0,0.00011771675053751096,0.9996458292007446,4.538385110208765e-05,0.00019107313710264862,
generation-for-nlp-582,4,4,8.46875,0.003247627057135105,0.9996687173843384,0,,0.0,0,0.00010718478006310761,1.428098858013982e-05,0.00020985760784242302,0.9996687173843384,
generation-for-nlp-583,1,1,5.46875,0.04854554682970047,0.9929717183113098,0,,0.0,0,0.9929717183113098,0.001564516918733716,0.0012769215973094106,0.004186864942312241,
generation-for-nlp-584,1,1,6.890625,0.013835068792104721,0.9983260035514832,0,,0.0,0,0.9983260035514832,0.00013960753858555108,0.0010155749041587114,0.0005187049391679466,
generation-for-nlp-585,2,2,9.71875,0.0010486871469765902,0.9999055862426758,0,,0.0,0,2.6272982722730376e-05,0.9999055862426758,7.888579602877144e-06,6.0139456763863564e-05,
generation-for-nlp-586,3,3,6.984375,0.009754175320267677,0.9988351464271545,0,,0.0,0,5.4698975873179734e-05,0.00018504424951970577,0.9988351464271545,0.0009251630981452763,
generation-for-nlp-587,2,2,5.6875,0.03167421370744705,0.9955406785011292,0,,0.0,0,0.0033729441929608583,0.9955406785011292,0.0002725756785366684,0.0008137606200762093,
generation-for-nlp-589,2,2,4.25,0.12871906161308289,0.9768272042274475,0,,0.0,0,0.013933691196143627,0.9768272042274475,0.0009190266719087958,0.008320187218487263,
generation-for-nlp-590,1,1,8.34375,0.0031605036929249763,0.9996774196624756,0,,0.0,0,0.9996774196624756,3.943141928175464e-05,4.538528446573764e-05,0.00023780188348609954,
generation-for-nlp-591,1,1,8.453125,0.0031404432374984026,0.999683141708374,0,,0.0,0,0.999683141708374,6.107291847001761e-05,4.263576920493506e-05,0.000213165461900644,
generation-for-nlp-592,3,3,8.53125,0.0022985711693763733,0.9997676014900208,0,,0.0,0,1.240876463270979e-05,2.282321293023415e-05,0.9997676014900208,0.0001971624733414501,
generation-for-nlp-593,3,3,4.265625,0.10006599873304367,0.9822275042533875,0,,0.0,0,0.0035424656234681606,0.0004365174099802971,0.9822275042533875,0.01379350759088993,
generation-for-nlp-595,2,2,9.453125,0.001711543183773756,0.9998403787612915,0,,0.0,0,7.843151979614049e-05,0.9998403787612915,2.014288111240603e-05,6.108253001002595e-05,
generation-for-nlp-597,4,4,10.546875,0.0005962888244539499,0.9999496936798096,0,,0.0,0,2.6274141418980435e-05,5.954875177849317e-06,1.805793544917833e-05,0.9999496936798096,
generation-for-nlp-598,2,2,10.921875,0.0004958822974003851,0.9999591112136841,0,,0.0,0,1.6187181245186366e-05,0.9999591112136841,6.643206234002719e-06,1.805810461519286e-05,
generation-for-nlp-599,3,3,8.03125,0.0038044105749577284,0.9995959401130676,0,,0.0,0,1.8917859051725827e-05,6.012083395035006e-05,0.9995959401130676,0.00032501015812158585,
generation-for-nlp-600,2,2,6.875,0.016820132732391357,0.9979466795921326,0,,0.0,0,0.0010311759542673826,0.9979466795921326,0.00032447392004542053,0.0006977285374887288,
generation-for-nlp-601,4,4,8.09375,0.003941008355468512,0.9995860457420349,0,,0.0,0,7.84115691203624e-05,3.0230352422222495e-05,0.0003053157706744969,0.9995860457420349,
generation-for-nlp-602,4,4,6.421875,0.019649386405944824,0.9974735379219055,0,,0.0,0,0.0016214983770623803,0.00012700556544587016,0.0007780034793540835,0.9974735379219055,
generation-for-nlp-603,1,1,12.625,9.088683873414993e-05,0.9999934434890747,0,,0.0,0,0.9999934434890747,2.190772192989243e-06,1.0348474006605102e-06,3.288738298579119e-06,
generation-for-nlp-604,4,4,7.34375,0.010801058262586594,0.9987450838088989,0,,0.0,0,0.0006458096904680133,0.00011399218783481047,0.0004951594746671617,0.9987450838088989,
generation-for-nlp-605,3,3,8.875,0.002161629032343626,0.9997908473014832,0,,0.0,0,3.168763214489445e-05,3.762999040191062e-05,0.9997908473014832,0.0001398123858962208,
generation-for-nlp-607,3,3,9.46875,0.0009717487264424562,0.9999101161956787,0,,0.0,0,5.464284640765982e-06,7.126770469767507e-06,0.9999101161956787,7.722093869233504e-05,
generation-for-nlp-608,2,2,6.3125,0.02480415627360344,0.9967308044433594,0,,0.0,0,0.001261883764527738,0.9967308044433594,0.00019965902902185917,0.001807565102353692,
generation-for-nlp-611,1,1,1.796875,0.621901273727417,0.8119514584541321,0,,0.0,0,0.8119514584541321,0.010381916537880898,0.13463473320007324,0.04303184896707535,
generation-for-nlp-612,2,2,8.515625,0.0030993297696113586,0.9996891021728516,0,,0.0,0,4.4682172301691025e-05,0.9996891021728516,6.603596557397395e-05,0.00020025161211378872,
generation-for-nlp-613,4,4,9.859375,0.0009989294921979308,0.9999109506607056,0,,0.0,0,2.9309787350939587e-05,7.52737605580478e-06,5.2250346925575286e-05,0.9999109506607056,
generation-for-nlp-615,1,1,10.4375,0.0006927491049282253,0.9999411106109619,0,,0.0,0,0.9999411106109619,1.4738330719410442e-05,1.4738330719410442e-05,2.931067137978971e-05,
generation-for-nlp-616,4,4,7.5625,0.00610415730625391,0.9993181228637695,0,,0.0,0,0.0005192203680053353,2.9292410545167513e-05,0.00013334682444110513,0.9993181228637695,
generation-for-nlp-617,2,2,8.4375,0.0028071131091564894,0.9997157454490662,0,,0.0,0,2.884975037886761e-05,0.9997157454490662,3.882158125634305e-05,0.00021652936993632466,
generation-for-nlp-618,3,3,7.53125,0.006072675809264183,0.999321699142456,0,,0.0,0,5.9172507462790236e-05,8.344660454895347e-05,0.999321699142456,0.0005357041372917593,
generation-for-nlp-619,1,1,11.96875,0.00016372717800550163,0.9999877214431763,0,,0.0,0,0.9999877214431763,3.3405094654881395e-06,2.6015914045274258e-06,6.33917306913645e-06,
generation-for-nlp-620,2,2,8.8125,0.00315340724773705,0.9996874332427979,0,,0.0,0,0.00011233078839723021,0.9996874332427979,5.1428782171569765e-05,0.00014881409879308194,
generation-for-nlp-624,2,2,8.65625,0.003328691702336073,0.9996656179428101,0,,0.0,0,0.0001233685325132683,0.9996656179428101,3.704195114551112e-05,0.000173977532540448,
generation-for-nlp-625,3,3,7.953125,0.004441535100340843,0.9995266199111938,0,,0.0,0,3.589730113162659e-05,8.611314842710271e-05,0.9995266199111938,0.00035139539977535605,
generation-for-nlp-627,2,2,9.71875,0.0012430327478796244,0.9998880624771118,0,,0.0,0,2.5069415642064996e-05,0.9998880624771118,2.6686257115215994e-05,6.0138405387988314e-05,
generation-for-nlp-628,2,2,8.25,0.004280541557818651,0.9995548129081726,0,,0.0,0,0.0002611422387417406,0.9995548129081726,4.196937879896723e-05,0.00014198057760950178,
generation-for-nlp-629,3,3,8.09375,0.003252768889069557,0.9996541738510132,0,,0.0,0,1.4966129128879402e-05,2.5458244635956362e-05,0.9996541738510132,0.00030533657991327345,
generation-for-nlp-630,4,4,7.0,0.011400084011256695,0.9986470341682434,0,,0.0,0,0.000324701628414914,0.00011759913468267769,0.0009106482029892504,0.9986470341682434,
generation-for-nlp-631,1,1,5.671875,0.06267276406288147,0.990746259689331,0,,0.0,0,0.990746259689331,0.002739659044891596,0.003409560536965728,0.003104440402239561,
generation-for-nlp-632,2,2,9.125,0.0025012714322656393,0.999758780002594,0,,0.0,0,8.61331500345841e-05,0.999758780002594,4.610374890035018e-05,0.00010888250108109787,
generation-for-nlp-634,4,4,7.03125,0.00882047414779663,0.9989463686943054,0,,0.0,0,0.00014189413923304528,2.8827545975218527e-05,0.0008828950813040137,0.9989463686943054,
generation-for-nlp-637,2,2,7.0625,0.012627281248569489,0.9985101819038391,0,,0.0,0,0.0002489232865627855,0.9985101819038391,0.0003855398972518742,0.0008553576190024614,
generation-for-nlp-638,1,1,9.96875,0.0011890640016645193,0.9998940229415894,0,,0.0,0,0.9998940229415894,4.683611768996343e-05,2.9770846595056355e-05,2.930929076683242e-05,
generation-for-nlp-639,1,1,11.4375,0.00023114893701858819,0.9999821186065674,0,,0.0,0,0.9999821186065674,4.637811798602343e-06,2.5612430363253225e-06,1.0783235666167457e-05,
generation-for-nlp-641,3,3,9.453125,0.001013616332784295,0.9999064207077026,0,,0.0,0,7.0712835622543935e-06,8.075659025053028e-06,0.9999064207077026,7.843670027796179e-05,
generation-for-nlp-644,3,3,7.921875,0.004982861690223217,0.9994688630104065,0,,0.0,0,7.251035276567563e-05,9.606060484657064e-05,0.9994688630104065,0.00036252892459742725,
generation-for-nlp-647,3,3,8.953125,0.0014788229018449783,0.9998557567596436,0,,0.0,0,6.001016117807012e-06,9.008591405290645e-06,0.9998557567596436,0.00012931371747981757,
generation-for-nlp-650,4,4,8.25,0.004146472550928593,0.9995719790458679,0,,0.0,0,9.758340456755832e-05,6.919699808349833e-05,0.0002611467207316309,0.9995719790458679,
generation-for-nlp-651,4,4,6.921875,0.012009170837700367,0.9985419511795044,0,,0.0,0,0.0009845419554039836,2.9730588721577078e-05,0.00044376778532750905,0.9985419511795044,
generation-for-nlp-652,3,3,8.875,0.0019433039706200361,0.9998114705085754,0,,0.0,0,3.426320472499356e-05,1.4507952073472552e-05,0.9998114705085754,0.00013981526717543602,
generation-for-nlp-654,4,4,7.265625,0.011084492318332195,0.9986940026283264,0,,0.0,0,0.000698251067660749,6.394054798875004e-05,0.0005437984364107251,0.9986940026283264,
generation-for-nlp-655,4,4,6.984375,0.013730287551879883,0.9983497858047485,0,,0.0,0,0.0005696994485333562,0.00015574716962873936,0.0009247135021723807,0.9983497858047485,
generation-for-nlp-656,3,3,9.890625,0.0007007290259934962,0.999937891960144,0,,0.0,0,6.4386795202153735e-06,4.975425326847471e-06,0.999937891960144,5.064413562649861e-05,
generation-for-nlp-657,1,1,12.609375,9.238424536306411e-05,0.9999933242797852,0,,0.0,0,0.9999933242797852,2.0904490156681277e-06,1.191102001030231e-06,3.340528110129526e-06,
generation-for-nlp-658,1,1,10.96875,0.0003299925592727959,0.9999732971191406,0,,0.0,0,0.9999732971191406,2.6425223040860146e-06,6.747916813765187e-06,1.723141031106934e-05,
generation-for-nlp-659,3,3,7.65625,0.005651065614074469,0.9993752837181091,0,,0.0,0,0.0001252749061677605,2.6672569219954312e-05,0.9993752837181091,0.0004727825871668756,
generation-for-nlp-661,3,3,3.875,0.11698734015226364,0.9773851037025452,0,,0.0,0,0.0007161474204622209,0.001613863161765039,0.9773851037025452,0.020284980535507202,
generation-for-nlp-662,4,4,9.203125,0.0014838904608041048,0.9998600482940674,0,,0.0,0,3.168982584611513e-05,7.526993158535333e-06,0.00010071005090139806,0.9998600482940674,
generation-for-nlp-663,3,3,8.453125,0.002458350034430623,0.999749481678009,0,,0.0,0,1.5203260772977956e-05,2.212061735917814e-05,0.999749481678009,0.00021317960636224598,
generation-for-nlp-664,3,3,10.015625,0.0006716200150549412,0.999941349029541,0,,0.0,0,5.296331437421031e-06,8.664219421916641e-06,0.999941349029541,4.46934463980142e-05,
generation-for-nlp-666,4,4,8.953125,0.0017513365019112825,0.9998307228088379,0,,0.0,0,3.2187923352466896e-05,7.765697773720603e-06,0.00012931048695463687,0.9998307228088379,
generation-for-nlp-667,2,2,11.65625,0.00018436888058204204,0.999985933303833,0,,0.0,0,3.1875306376605295e-06,0.999985933303833,2.2252550024859374e-06,8.664605957164895e-06,
generation-for-nlp-668,3,3,8.734375,0.0020007980056107044,0.9998020529747009,0,,0.0,0,7.765474038023967e-06,2.9306595024536364e-05,0.9998020529747009,0.0001609248574823141,
generation-for-nlp-670,2,2,9.4375,0.0016603944823145866,0.999846339225769,0,,0.0,0,4.133075344725512e-05,0.999846339225769,3.2695315894670784e-05,7.966711564222351e-05,
generation-for-nlp-672,4,4,10.453125,0.000504842319060117,0.9999575614929199,0,,0.0,0,9.080172276298981e-06,4.495011125982273e-06,2.8856728022219613e-05,0.9999575614929199,
generation-for-nlp-673,3,3,3.890625,0.11198881268501282,0.9782540798187256,0,,0.0,0,0.0011634554248303175,0.0005942349089309573,0.9782540798187256,0.019988246262073517,
generation-for-nlp-674,4,4,9.84375,0.0009418633999302983,0.9999165534973145,0,,0.0,0,2.0144416339462623e-05,1.028876067721285e-05,5.307346873451024e-05,0.9999165534973145,
generation-for-nlp-675,2,2,5.984375,0.03637266904115677,0.9949402809143066,0,,0.0,0,0.002176423091441393,0.9949402809143066,0.0003782056155614555,0.0025050477124750614,
generation-for-nlp-676,3,3,3.359375,0.27011215686798096,0.9434307813644409,0,,0.0,0,0.017011642456054688,0.006766763515770435,0.9434307813644409,0.03279080241918564,
generation-for-nlp-677,4,4,8.953125,0.002090792404487729,0.9997976422309875,0,,0.0,0,0.0001293061941396445,1.3004665561311413e-05,6.0132962971692905e-05,0.9997976422309875,
generation-for-nlp-678,4,4,8.59375,0.0038143873680382967,0.9996106028556824,0,,0.0,0,0.00016600138042122126,3.821568679995835e-05,0.0001851879060268402,0.9996106028556824,
generation-for-nlp-679,2,2,6.953125,0.009060951881110668,0.9989063739776611,0,,0.0,0,6.296263018157333e-05,0.9989063739776611,7.594742783112451e-05,0.0009545990615151823,
generation-for-nlp-680,4,4,5.53125,0.034560926258563995,0.9950088262557983,0,,0.0,0,0.0008133258670568466,0.00023669132497161627,0.003941264469176531,0.9950088262557983,
generation-for-nlp-682,4,4,7.546875,0.006850408390164375,0.9992357492446899,0,,0.0,0,0.0001822484628064558,5.4720916523365304e-05,0.0005273534916341305,0.9992357492446899,
generation-for-nlp-683,2,2,4.90625,0.05837336927652359,0.9907150268554688,0,,0.0,0,0.0003428976924624294,0.9907150268554688,0.007331476081162691,0.0016105116810649633,
generation-for-nlp-684,4,4,7.84375,0.006206808611750603,0.9993202686309814,0,,0.0,0,0.0002530483470764011,3.478567305137403e-05,0.00039192894473671913,0.9993202686309814,
generation-for-nlp-685,1,1,4.015625,0.1116294413805008,0.9790945649147034,0,,0.0,0,0.9790945649147034,0.017654720693826675,0.00032335746800526977,0.0029274397529661655,
generation-for-nlp-686,4,4,4.8125,0.06778709590435028,0.9891822934150696,0,,0.0,0,0.0015830900520086288,0.0011949790641665459,0.008039594627916813,0.9891822934150696,
generation-for-nlp-687,2,2,5.65625,0.03351740911602974,0.9952787160873413,0,,0.0,0,0.0008135464740917087,0.9952787160873413,0.0004287088813725859,0.003479097271338105,
generation-for-nlp-688,1,1,5.9375,0.020517956465482712,0.997143566608429,0,,0.0,0,0.997143566608429,7.463802467100322e-05,0.00015077294665388763,0.002631081035360694,
generation-for-nlp-689,3,3,5.9375,0.02726910449564457,0.9962967038154602,0,,0.0,0,0.002628846326842904,0.0002727826649788767,0.9962967038154602,0.0008017528452910483,
generation-for-nlp-690,4,4,7.125,0.009412156417965889,0.9988977909088135,0,,0.0,0,6.807824684074149e-05,0.0002303057408425957,0.0008038460509851575,0.9988977909088135,
generation-for-nlp-691,1,1,11.078125,0.0003578136092983186,0.9999712705612183,0,,0.0,0,0.9999712705612183,9.516068530501798e-06,3.844839739031158e-06,1.544610313430894e-05,
generation-for-nlp-692,4,4,7.234375,0.012236427515745163,0.9985647797584534,0,,0.0,0,0.0005269993562251329,0.00018790739704854786,0.0007203226559795439,0.9985647797584534,
generation-for-nlp-693,4,4,7.671875,0.00652406457811594,0.9992838501930237,0,,0.0,0,0.00016856039292179048,8.214977424358949e-05,0.00046541017945855856,0.9992838501930237,
generation-for-nlp-694,1,1,7.0625,0.00957567896693945,0.998873770236969,0,,0.0,0,0.998873770236969,0.00011223935871385038,0.0001582828554091975,0.0008556690881960094,
generation-for-nlp-695,3,3,7.1875,0.007039861753582954,0.9991680383682251,0,,0.0,0,4.396651274873875e-05,3.2673135137883946e-05,0.9991680383682251,0.0007553477771580219,
generation-for-nlp-696,3,3,3.6875,0.2061927318572998,0.9584865570068359,0,,0.0,0,0.0015339645324274898,0.015984276309609413,0.9584865570068359,0.02399524301290512,
generation-for-nlp-697,3,3,5.234375,0.03702802211046219,0.9942758679389954,0,,0.0,0,0.0003036938142031431,0.00012080104352207854,0.9942758679389954,0.005299644079059362,
generation-for-nlp-698,1,1,9.484375,0.0015985943609848619,0.9998514652252197,0,,0.0,0,0.9998514652252197,1.520481237093918e-05,5.738236723118462e-05,7.601928518852219e-05,
generation-for-nlp-699,3,3,5.671875,0.04016456753015518,0.9941266775131226,0,,0.0,0,2.612113894429058e-05,0.0024259898345917463,0.9941266775131226,0.0034211939200758934,
generation-for-nlp-701,3,3,7.140625,0.007023540325462818,0.9991582632064819,0,,0.0,0,1.7488498997408897e-05,3.267281499574892e-05,0.9991582632064819,0.0007915899041108787,
generation-for-nlp-703,2,2,7.15625,0.007039670832455158,0.9991607666015625,0,,0.0,0,3.3187421649927273e-05,0.9991607666015625,2.6666844860301353e-05,0.0007793194381520152,
generation-for-nlp-704,4,4,4.078125,0.15074604749679565,0.9722408652305603,0,,0.0,0,0.01646897941827774,0.0019064228981733322,0.00938374176621437,0.9722408652305603,
generation-for-nlp-705,1,1,5.3125,0.04518350213766098,0.9933159947395325,0,,0.0,0,0.9933159947395325,0.0048966375179588795,0.001145021989941597,0.0006422990700230002,
generation-for-nlp-706,2,2,8.84375,0.002854144899174571,0.9997205138206482,0,,0.0,0,7.029713742667809e-05,0.9997205138206482,6.501422467408702e-05,0.00014424034452531487,
generation-for-nlp-708,2,2,5.96875,0.019684361293911934,0.99726402759552,0,,0.0,0,0.0001036371395457536,0.99726402759552,8.198372961487621e-05,0.002550438977777958,
generation-for-nlp-710,2,2,8.9375,0.0028019072487950325,0.9997227787971497,0,,0.0,0,0.00012337559019215405,0.9997227787971497,2.2468366296379827e-05,0.00013133265019860119,
generation-for-nlp-712,2,2,4.875,0.05044116824865341,0.9917706251144409,0,,0.0,0,0.0003029285871889442,0.9917706251144409,0.00035415939055383205,0.007572261616587639,
generation-for-nlp-713,3,3,4.859375,0.053750984370708466,0.9912994503974915,0,,0.0,0,0.0004011245328001678,0.0006116418517194688,0.9912994503974915,0.007687853649258614,
generation-for-nlp-714,1,1,6.203125,0.015790781006217003,0.9978652596473694,0,,0.0,0,0.9978652596473694,5.21434485563077e-05,6.38874844298698e-05,0.0020187797490507364,
generation-for-nlp-715,4,4,5.546875,0.03450726345181465,0.9950336217880249,0,,0.0,0,0.0008261544862762094,0.0002599610306788236,0.0038802572526037693,0.9950336217880249,
generation-for-nlp-716,1,1,9.9375,0.0006731746252626181,0.9999405145645142,0,,0.0,0,0.9999405145645142,7.4108943408646155e-06,3.6686585644929437e-06,4.832510239793919e-05,
generation-for-nlp-717,3,3,5.1875,0.0403294563293457,0.9937811493873596,0,,0.0,0,0.00021190695406403393,0.00045567157212644815,0.9937811493873596,0.005551216192543507,
generation-for-nlp-718,3,3,3.828125,0.10914585739374161,0.9780313372612,0,,0.0,0,0.00024765756097622216,0.000448449922259897,0.9780313372612,0.021272532641887665,
generation-for-nlp-719,2,2,8.1875,0.004685673862695694,0.9995108842849731,0,,0.0,0,0.0001419743348378688,0.9995108842849731,6.919276347616687e-05,0.00027797225629910827,
generation-for-nlp-720,2,2,1.703125,0.7600733637809753,0.7598433494567871,0,,0.0,0,0.13837775588035583,0.7598433494567871,0.01652686484158039,0.0852520540356636,
generation-for-nlp-721,1,1,0.65625,0.9547883868217468,0.5971060395240784,0,,0.0,0,0.5971060395240784,0.037579916417598724,0.055539511144161224,0.3097745478153229,
generation-for-nlp-722,1,1,7.640625,0.009240895509719849,0.9989649057388306,0,,0.0,0,0.9989649057388306,0.00023032120952848345,0.0003248049761168659,0.0004800306633114815,
generation-for-nlp-723,1,1,11.125,0.000492895080242306,0.9999595880508423,0,,0.0,0,0.9999595880508423,1.2805120604753029e-05,1.4738602658326272e-05,1.2805120604753029e-05,
generation-for-nlp-724,4,4,8.28125,0.004501276649534702,0.9995285272598267,0,,0.0,0,0.00018517269927542657,3.319963434478268e-05,0.0002531010832171887,0.9995285272598267,
generation-for-nlp-725,3,3,6.484375,0.013030095025897026,0.9983162879943848,0,,0.0,0,2.388380016782321e-05,0.00013531094009522349,0.9983162879943848,0.001524543622508645,
generation-for-nlp-726,4,4,5.25,0.05696903169155121,0.9914785027503967,0,,0.0,0,0.0052028014324605465,0.0012166147353127599,0.0021021219436079264,0.9914785027503967,
generation-for-nlp-727,3,3,7.546875,0.005161207169294357,0.9994155168533325,0,,0.0,0,3.070117236347869e-05,2.6260106096742675e-05,0.9994155168533325,0.0005274483119137585,
generation-for-nlp-728,4,4,0.5,0.6974541544914246,0.6188359260559082,0,,0.0,0,0.3753429651260376,0.001021825009956956,0.00479927659034729,0.6188359260559082,
generation-for-nlp-729,4,4,0.28125,0.786240816116333,0.556731104850769,0,,0.0,0,0.42024266719818115,0.0030616603326052427,0.019964532926678658,0.556731104850769,
generation-for-nlp-730,4,4,4.9375,0.07065040618181229,0.9889547824859619,0,,0.0,0,0.0016848030500113964,0.0022671502083539963,0.007093284744769335,0.9889547824859619,
generation-for-nlp-732,4,4,5.390625,0.05823014676570892,0.9911999106407166,0,,0.0,0,0.003688302356749773,0.0005927641177549958,0.004519002046436071,0.9911999106407166,
generation-for-nlp-733,1,1,9.890625,0.000976146140601486,0.9999136924743652,0,,0.0,0,0.9999136924743652,2.247265729238279e-05,1.3210992619860917e-05,5.064291326561943e-05,
generation-for-nlp-734,2,2,6.828125,0.014586370438337326,0.9982171654701233,0,,0.0,0,0.0005785941029898822,0.9982171654701233,0.00012318979133851826,0.0010809560772031546,
generation-for-nlp-735,3,3,3.9375,0.13871562480926514,0.9740542769432068,0,,0.0,0,0.005702142603695393,0.0012525945203378797,0.9740542769432068,0.01899103634059429,
generation-for-nlp-737,1,1,11.671875,0.0001915653410833329,0.9999853372573853,0,,0.0,0,0.9999853372573853,4.092868039151654e-06,2.026116590059246e-06,8.530268132744823e-06,
generation-for-nlp-738,4,4,5.453125,0.039528314024209976,0.9941995143890381,0,,0.0,0,0.0013823886401951313,0.00016002308984752744,0.00425805663689971,0.9941995143890381,
generation-for-nlp-739,3,3,4.875,0.07648834586143494,0.9878925085067749,0,,0.0,0,0.0029079513624310493,0.0016569008585065603,0.9878925085067749,0.007542651612311602,
generation-for-nlp-740,3,3,8.640625,0.0019779051654040813,0.9998006224632263,0,,0.0,0,3.6395995266502723e-06,1.8921731680165976e-05,0.9998006224632263,0.00017674113041721284,
generation-for-nlp-742,2,2,8.28125,0.0032054816838353872,0.9996702671051025,0,,0.0,0,4.132347385166213e-05,0.9996702671051025,3.53458417521324e-05,0.00025313696824014187,
generation-for-nlp-743,4,4,4.40625,0.12582124769687653,0.9782462120056152,0,,0.0,0,0.006800604052841663,0.003017749637365341,0.011935430578887463,0.9782462120056152,
generation-for-nlp-744,3,3,6.609375,0.010994883254170418,0.9985874891281128,0,,0.0,0,2.7930576834478416e-05,3.877776543959044e-05,0.9985874891281128,0.0013457706663757563,
generation-for-nlp-745,3,3,8.8125,0.0019833503756672144,0.999805748462677,0,,0.0,0,9.514493285678327e-06,3.590732376324013e-05,0.999805748462677,0.0001488317211624235,
generation-for-nlp-746,1,1,6.75,0.010410411283373833,0.9987040758132935,0,,0.0,0,0.9987040758132935,5.0581649702508e-05,7.593204645672813e-05,0.0011693622218444943,
generation-for-nlp-747,1,1,7.5,0.008178486488759518,0.9990822076797485,0,,0.0,0,0.9990822076797485,0.00011226278002141044,0.0002529880730435252,0.0005525767337530851,
generation-for-nlp-749,1,1,6.015625,0.02284085936844349,0.9969276785850525,0,,0.0,0,0.9969276785850525,0.0024328252766281366,0.000248528755037114,0.0003909905790351331,
generation-for-nlp-750,4,4,3.09375,0.3780286908149719,0.9143277406692505,0,,0.0,0,0.04144797846674919,0.012444940395653248,0.031779270619153976,0.9143277406692505,
generation-for-nlp-751,2,2,5.3125,0.06174617260694504,0.9907770156860352,0,,0.0,0,0.004884121939539909,0.9907770156860352,0.00188299675937742,0.002455890877172351,
generation-for-nlp-752,2,2,5.78125,0.03836142271757126,0.9946340322494507,0,,0.0,0,0.0005765171954408288,0.9946340322494507,0.0017211624654009938,0.0030683036893606186,
generation-for-nlp-753,4,4,7.484375,0.009490430355072021,0.9989196062088013,0,,0.0,0,0.0003979412722401321,0.00012136524310335517,0.0005611872184090316,0.9989196062088013,
generation-for-nlp-754,4,4,9.421875,0.0015043028397485614,0.9998595714569092,0,,0.0,0,5.224766209721565e-05,7.295408067875542e-06,8.09227567515336e-05,0.9998595714569092,
generation-for-nlp-755,1,1,12.078125,0.00012007766781607643,0.9999910593032837,0,,0.0,0,0.9999910593032837,2.0580350792442914e-06,1.1365549426045618e-06,5.682416485797148e-06,
generation-for-nlp-756,4,4,6.3125,0.02000105008482933,0.997423529624939,0,,0.0,0,0.0018088213400915265,0.0002730911655817181,0.0004945042310282588,0.997423529624939,
generation-for-nlp-757,4,4,2.0625,0.7725566625595093,0.7702106833457947,0,,0.0,0,0.03546474874019623,0.09640318155288696,0.09792129695415497,0.7702106833457947,
generation-for-nlp-758,4,4,8.359375,0.004577065818011761,0.9995211362838745,0,,0.0,0,0.00023407849948853254,3.821226709987968e-05,0.00020657356071751565,0.9995211362838745,
generation-for-nlp-759,4,4,8.84375,0.002702903700992465,0.9997332692146301,0,,0.0,0,0.00014424219261854887,2.1777315851068124e-05,0.00010069728159578517,0.9997332692146301,
generation-for-nlp-761,1,1,4.6875,0.06665341556072235,0.9890187978744507,0,,0.0,0,0.9890187978744507,0.0012718383222818375,0.0006007738411426544,0.009108548052608967,
generation-for-nlp-762,1,1,4.796875,0.09447944164276123,0.9844323396682739,0,,0.0,0,0.9844323396682739,0.0013061255449429154,0.0061345710419118404,0.008126986213028431,
generation-for-nlp-763,4,4,7.953125,0.005530614405870438,0.9994055032730103,0,,0.0,0,0.0001970910670934245,4.6087458031252027e-05,0.00035135282087139785,0.9994055032730103,
generation-for-nlp-764,1,1,2.40625,0.6725770235061646,0.8175953030586243,0,,0.0,0,0.8175953030586243,0.0475897490978241,0.061106450855731964,0.07370845228433609,
generation-for-nlp-765,3,3,5.890625,0.026629988104104996,0.9963538646697998,0,,0.0,0,0.00021580122120212764,0.0006751823239028454,0.9963538646697998,0.0027551653329283,
generation-for-nlp-767,1,1,5.65625,0.04930151253938675,0.9929528832435608,0,,0.0,0,0.9929528832435608,0.0017182533629238605,0.0034709670580923557,0.0018578747985884547,
generation-for-nlp-768,1,1,9.984375,0.0009284162661060691,0.9999185800552368,0,,0.0,0,0.9999185800552368,1.6700339983799495e-05,1.8630576960276812e-05,4.611111944541335e-05,
generation-for-nlp-769,2,2,7.140625,0.007687459699809551,0.9990923404693604,0,,0.0,0,4.129958324483596e-05,0.9990923404693604,7.478389306925237e-05,0.0007915376918390393,
generation-for-nlp-770,2,2,2.140625,0.6273525953292847,0.8247681260108948,0,,0.0,0,0.01850844919681549,0.8247681260108948,0.0969773381948471,0.05974600836634636,
generation-for-nlp-771,3,3,3.984375,0.12035125494003296,0.9776974320411682,0,,0.0,0,0.0018009697087109089,0.00231249094940722,0.9776974320411682,0.01818915084004402,
generation-for-nlp-772,2,2,5.46875,0.06289118528366089,0.9905768632888794,0,,0.0,0,0.004176767077296972,0.9905768632888794,0.0014434519689530134,0.003802989609539509,
generation-for-nlp-773,3,3,4.734375,0.05977368354797363,0.9901286959648132,0,,0.0,0,0.0004332067910581827,0.0007369096274487674,0.9901286959648132,0.008701191283762455,
generation-for-nlp-774,4,4,5.9375,0.036141663789749146,0.9949690699577332,0,,0.0,0,0.002044619293883443,0.00036089675268158317,0.002625343156978488,0.9949690699577332,
generation-for-nlp-778,4,4,0.984375,0.9585856199264526,0.6428123116493225,0,,0.0,0,0.2402014285326004,0.061688825488090515,0.055297501385211945,0.6428123116493225,
generation-for-nlp-780,1,1,8.703125,0.0031244992278516293,0.9996891021728516,0,,0.0,0,0.9996891021728516,4.2636023863451555e-05,0.00010227850725641474,0.00016601441893726587,
generation-for-nlp-781,4,4,6.28125,0.024293173104524612,0.9968441724777222,0,,0.0,0,0.0008406915003433824,0.0004499897186178714,0.001865155529230833,0.9968441724777222,
generation-for-nlp-782,2,2,9.09375,0.0018144253408536315,0.9998279809951782,0,,0.0,0,2.8852988180005923e-05,0.9998279809951782,3.07138470816426e-05,0.0001123465845012106,
generation-for-nlp-783,2,2,9.328125,0.0011093852808699012,0.9998960494995117,0,,0.0,0,4.7473854465351906e-06,0.9998960494995117,1.0288549674442038e-05,8.887951116776094e-05,
generation-for-nlp-784,4,4,7.765625,0.005846390035003424,0.9993630051612854,0,,0.0,0,0.00016338727436959743,4.9830305215436965e-05,0.0004237943503540009,0.9993630051612854,
generation-for-nlp-786,1,1,8.21875,0.00493267085403204,0.9994847774505615,0,,0.0,0,0.9994847774505615,8.746557432459667e-05,0.00015837968385312706,0.00026941290707327425,
generation-for-nlp-787,2,2,9.015625,0.0018744277767837048,0.9998207688331604,0,,0.0,0,1.777568286343012e-05,0.9998207688331604,4.005811206297949e-05,0.0001214747317135334,
generation-for-nlp-788,4,4,4.46875,0.11833132803440094,0.9795764684677124,0,,0.0,0,0.001832846668548882,0.011227548122406006,0.007363205309957266,0.9795764684677124,
generation-for-nlp-790,4,4,6.15625,0.03676140308380127,0.9950005412101746,0,,0.0,0,0.0021095892880111933,0.0010281316936016083,0.001861706143245101,0.9950005412101746,
generation-for-nlp-791,3,3,9.5,0.0009749482269398868,0.9999103546142578,0,,0.0,0,4.784688826475758e-06,1.005035937851062e-05,0.9999103546142578,7.484512752853334e-05,
generation-for-nlp-792,1,1,9.453125,0.0013243656139820814,0.9998785257339478,0,,0.0,0,0.9998785257339478,2.04608677449869e-05,2.247186603199225e-05,7.843451749067754e-05,
generation-for-nlp-794,4,4,8.28125,0.004128018859773874,0.99956876039505,0,,0.0,0,0.00025311126955784857,1.982520734600257e-05,0.0001583929843036458,0.99956876039505,
generation-for-nlp-795,1,1,11.0,0.0002702633792068809,0.9999781847000122,0,,0.0,0,0.9999781847000122,4.029385308967903e-06,1.0676807278287015e-06,1.6701336789992638e-05,
generation-for-nlp-796,2,2,5.90625,0.03467857837677002,0.9952049255371094,0,,0.0,0,0.00039031493361108005,0.9952049255371094,0.001695450977422297,0.002709322376176715,
generation-for-nlp-797,4,4,1.546875,0.7882257699966431,0.7389112710952759,0,,0.0,0,0.09105173498392105,0.01271367073059082,0.15732328593730927,0.7389112710952759,
generation-for-nlp-798,2,2,9.015625,0.0019437510054558516,0.9998144507408142,0,,0.0,0,3.704746632138267e-05,0.9998144507408142,2.710450644372031e-05,0.0001214739604620263,
generation-for-nlp-799,2,2,8.921875,0.0024684749078005552,0.9997606873512268,0,,0.0,0,3.882332384819165e-05,0.9997606873512268,6.708068394800648e-05,0.00013340589066501707,
generation-for-nlp-800,4,4,4.53125,0.13294515013694763,0.9769869446754456,0,,0.0,0,0.008858241140842438,0.00363541510887444,0.010519422590732574,0.9769869446754456,
generation-for-nlp-801,4,4,8.46875,0.003787640482187271,0.9996108412742615,0,,0.0,0,0.0001535261981189251,2.585803304100409e-05,0.00020984545699320734,0.9996108412742615,
generation-for-nlp-802,4,4,8.046875,0.003402302274480462,0.9996364116668701,0,,0.0,0,3.1191542802844197e-05,1.2407136637193616e-05,0.00031998430495150387,0.9996364116668701,
generation-for-nlp-803,2,2,7.46875,0.006719932891428471,0.9992458820343018,0,,0.0,0,7.838488090783358e-05,0.9992458820343018,0.00010547839337959886,0.000570210802834481,
generation-for-nlp-805,4,4,5.5625,0.03819047659635544,0.9945183396339417,0,,0.0,0,0.0013402868062257767,0.00032335921423509717,0.0038181215059012175,0.9945183396339417,
generation-for-nlp-806,1,1,10.71875,0.0005463801207952201,0.9999545812606812,0,,0.0,0,0.9999545812606812,1.5445844837813638e-05,7.888966138125397e-06,2.2125155737739988e-05,
generation-for-nlp-807,3,3,8.21875,0.00308806961402297,0.9996778964996338,0,,0.0,0,1.7226318959728815e-05,3.5346110962564126e-05,0.9996778964996338,0.00026946497382596135,
generation-for-nlp-808,2,2,6.390625,0.023657051846385002,0.9969651103019714,0,,0.0,0,0.0006548106321133673,0.9969651103019714,0.0007080190698616207,0.001672117505222559,
generation-for-nlp-810,4,4,1.875,0.7151777148246765,0.7909319996833801,0,,0.0,0,0.038767680525779724,0.12129335105419159,0.04900694265961647,0.7909319996833801,
generation-for-nlp-812,4,4,9.828125,0.001115528168156743,0.99989914894104,0,,0.0,0,5.390831211116165e-05,5.593804871750763e-06,4.1332936234539375e-05,0.99989914894104,
generation-for-nlp-813,2,2,8.40625,0.004945072345435619,0.9994872808456421,0,,0.0,0,0.000123346530017443,0.9994872808456421,0.00016598090587649494,0.00022335171524900943,
generation-for-nlp-814,4,4,8.546875,0.0032123541459441185,0.9996747970581055,0,,0.0,0,0.00011058785457862541,2.045669680228457e-05,0.00019408772641327232,0.9996747970581055,
generation-for-nlp-815,4,4,6.25,0.02068229578435421,0.9973058700561523,0,,0.0,0,0.0005691037513315678,0.00019977422198280692,0.0019252533093094826,0.9973058700561523,
generation-for-nlp-816,2,2,7.46875,0.007385523524135351,0.9991728663444519,0,,0.0,0,0.0001464315428165719,0.9991728663444519,0.00011053233902202919,0.000570169126149267,
generation-for-nlp-817,4,4,9.96875,0.00085466168820858,0.9999244213104248,0,,0.0,0,4.6837540139677e-05,3.7263714602886466e-06,2.5070326955756173e-05,0.9999244213104248,
generation-for-nlp-818,4,4,7.921875,0.006239347159862518,0.9993189573287964,0,,0.0,0,0.0002779188798740506,4.066851397510618e-05,0.00036247455864213407,0.9993189573287964,
generation-for-nlp-819,4,4,8.796875,0.003150991629809141,0.9996854066848755,0,,0.0,0,0.000131327731651254,3.2183244911720976e-05,0.00015115727728698403,0.9996854066848755,
generation-for-nlp-820,4,4,8.59375,0.0035222573205828667,0.9996428489685059,0,,0.0,0,0.00018519388686399907,3.218187703168951e-05,0.00013979169307276607,0.9996428489685059,
generation-for-nlp-821,1,1,8.28125,0.005171075463294983,0.9994550347328186,0,,0.0,0,0.9994550347328186,0.00022686165175400674,6.499695882666856e-05,0.0002530824567656964,
generation-for-nlp-822,3,3,8.953125,0.0016054235165938735,0.9998445510864258,0,,0.0,0,9.740501809574198e-06,1.6312269508489408e-05,0.9998445510864258,0.00012931227684020996,
generation-for-nlp-823,3,3,4.203125,0.09528324007987976,0.9828543663024902,0,,0.0,0,0.0007786730420775712,0.0016744103049859405,0.9828543663024902,0.01469248253852129,
generation-for-nlp-824,1,1,9.875,0.0008239791495725513,0.9999271631240845,0,,0.0,0,0.9999271631240845,5.1441114919725806e-05,6.642993866989855e-06,1.4738125173607841e-05,
generation-for-nlp-825,4,4,7.96875,0.004439693875610828,0.9995286464691162,0,,0.0,0,7.481655484298244e-05,5.062341006123461e-05,0.0003459481813479215,0.9995286464691162,
generation-for-nlp-826,1,1,4.109375,0.15322904288768768,0.9722784161567688,0,,0.0,0,0.9722784161567688,0.01596289873123169,0.007659083232283592,0.004099611658602953,
generation-for-nlp-827,2,2,6.640625,0.012891313061118126,0.9983963370323181,0,,0.0,0,0.00010873412247747183,0.9983963370323181,0.00019083431106992066,0.0013041159836575389,
generation-for-nlp-828,4,4,9.203125,0.0019019069150090218,0.9998182654380798,0,,0.0,0,7.141113746911287e-05,9.664446224633139e-06,0.00010070583812193945,0.9998182654380798,
generation-for-nlp-829,4,4,9.6875,0.0010351829696446657,0.9999064207077026,0,,0.0,0,2.6686746423365548e-05,4.86001727040275e-06,6.204853707458824e-05,0.9999064207077026,
generation-for-nlp-830,3,3,6.671875,0.011162427254021168,0.9985966086387634,0,,0.0,0,4.6050157834542915e-05,9.302387479692698e-05,0.9985966086387634,0.0012642459478229284,
generation-for-nlp-831,4,4,9.046875,0.0021915966644883156,0.9997890591621399,0,,0.0,0,7.14090492692776e-05,2.1778530935989693e-05,0.00011773361620726064,0.9997890591621399,
generation-for-nlp-832,4,4,7.6875,0.007878042757511139,0.9991082549095154,0,,0.0,0,0.0004042843356728554,2.928625872300472e-05,0.00045811416930519044,0.9991082549095154,
generation-for-nlp-833,4,4,8.0,0.006543033756315708,0.999295711517334,0,,0.0,0,0.00023771107953507453,0.0001312765380134806,0.00033522635931149125,0.999295711517334,
generation-for-nlp-835,3,3,6.65625,0.011535060591995716,0.9985489249229431,0,,0.0,0,3.3689404517645016e-05,0.00013324418978299946,0.9985489249229431,0.0012840937124565244,
generation-for-nlp-836,3,3,8.46875,0.002763071795925498,0.999721109867096,0,,0.0,0,2.5065230147447437e-05,4.3990850826958194e-05,0.999721109867096,0.00020986860909033567,
generation-for-nlp-837,3,3,6.078125,0.021338921040296555,0.9971511960029602,0,,0.0,0,0.0002335234748898074,0.00032932087196968496,0.9971511960029602,0.002285940106958151,
generation-for-nlp-838,2,2,8.53125,0.0029619713313877583,0.999703586101532,0,,0.0,0,5.38977692485787e-05,0.999703586101532,4.538647408480756e-05,0.0001971498568309471,
generation-for-nlp-839,4,4,7.75,0.006930968724191189,0.9992432594299316,0,,0.0,0,0.00019705906743183732,0.00012923449685331434,0.0004304165777284652,0.9992432594299316,
generation-for-nlp-840,2,2,5.078125,0.07666121423244476,0.9878608584403992,0,,0.0,0,0.005024328362196684,0.9878608584403992,0.0009589098626747727,0.006155936047434807,
generation-for-nlp-841,2,2,8.390625,0.004115812014788389,0.999579131603241,0,,0.0,0,8.346810500370339e-05,0.999579131603241,0.00011057727533625439,0.00022688982426188886,
generation-for-nlp-842,1,1,7.234375,0.011517530307173729,0.9986513257026672,0,,0.0,0,0.9986513257026672,0.0007203851127997041,0.0001332578540313989,0.0004951129085384309,
generation-for-nlp-843,3,3,6.921875,0.011779285967350006,0.9985851049423218,0,,0.0,0,0.0003456216072663665,8.469822205370292e-05,0.9985851049423218,0.0009845844469964504,
generation-for-nlp-844,3,3,6.71875,0.012845762073993683,0.9984114170074463,0,,0.0,0,0.0003349297330714762,4.750313746626489e-05,0.9984114170074463,0.0012061282759532332,
generation-for-nlp-845,2,2,5.234375,0.05491287261247635,0.991775631904602,0,,0.0,0,0.0009932697284966707,0.991775631904602,0.0019447277300059795,0.0052863177843391895,
generation-for-nlp-846,2,2,8.703125,0.0019463143544271588,0.9998064637184143,0,,0.0,0,1.3209575627115555e-05,0.9998064637184143,1.4282956726674456e-05,0.00016603390395175666,
generation-for-nlp-847,4,4,11.25,0.00023477313516195863,0.9999815225601196,0,,0.0,0,4.0928525777417235e-06,1.4255456335376948e-06,1.3007057532377075e-05,0.9999815225601196,
generation-for-nlp-848,4,4,8.640625,0.002396252006292343,0.9997616410255432,0,,0.0,0,4.682991493609734e-05,1.4735684999322984e-05,0.0001767342328093946,0.9997616410255432,
generation-for-nlp-849,1,1,12.40625,0.0001032323925755918,0.9999924898147583,0,,0.0,0,0.9999924898147583,2.3687871362199076e-06,1.0348464911658084e-06,4.09289714298211e-06,
generation-for-nlp-850,2,2,7.328125,0.015596817247569561,0.9981393814086914,0,,0.0,0,0.0006555818836204708,0.9981393814086914,0.0005695793661288917,0.0006354117067530751,
generation-for-nlp-851,4,4,9.578125,0.0013611646136268973,0.9998759031295776,0,,0.0,0,3.535311407176778e-05,1.9523844457580708e-05,6.921803287696093e-05,0.9998759031295776,
generation-for-nlp-852,4,4,8.875,0.0020406872499734163,0.9998006224632263,0,,0.0,0,5.3067313274368644e-05,6.539175501529826e-06,0.00013981375377625227,0.9998006224632263,
generation-for-nlp-853,3,3,9.203125,0.0011881316313520074,0.9998867511749268,0,,0.0,0,3.4462007079127943e-06,9.008870620164089e-06,0.9998867511749268,0.0001007127357297577,
generation-for-nlp-854,1,1,9.984375,0.0010415127035230398,0.9999079704284668,0,,0.0,0,0.9999079704284668,2.8407937861629762e-05,1.750162300595548e-05,4.61106319562532e-05,
generation-for-nlp-855,1,1,12.984375,6.145764928078279e-05,0.9999957084655762,0,,0.0,0,0.9999957084655762,1.0511462278373074e-06,9.276333230445744e-07,2.2959147827350534e-06,
generation-for-nlp-858,4,4,8.234375,0.0035902191884815693,0.9996274709701538,0,,0.0,0,8.612183592049405e-05,2.1105062842252664e-05,0.00026527390582486987,0.9996274709701538,
generation-for-nlp-859,2,2,5.578125,0.05221571773290634,0.9924458861351013,0,,0.0,0,0.003751093754544854,0.9924458861351013,0.0023109817411750555,0.001492082024924457,
generation-for-nlp-860,3,3,6.546875,0.012382866814732552,0.9984163045883179,0,,0.0,0,4.258174158167094e-05,0.00010873629798879847,0.9984163045883179,0.0014323197538033128,
generation-for-nlp-861,4,4,5.140625,0.03866034001111984,0.9938820600509644,0,,0.0,0,0.00020864282851107419,9.114930435316637e-05,0.005818215198814869,0.9938820600509644,
generation-for-nlp-862,4,4,10.203125,0.0008750739507377148,0.9999233484268188,0,,0.0,0,3.7051500839879736e-05,6.961771305213915e-06,3.269783337600529e-05,0.9999233484268188,
generation-for-nlp-863,2,2,9.546875,0.0010678146500140429,0.9999029636383057,0,,0.0,0,1.2028616765746847e-05,0.9999029636383057,1.3630208741233218e-05,7.141719106584787e-05,
generation-for-nlp-864,4,4,9.203125,0.0015633198199793696,0.9998527765274048,0,,0.0,0,3.535229552653618e-05,1.112409336201381e-05,0.00010070931602967903,0.9998527765274048,
generation-for-nlp-865,1,1,7.546875,0.0057356636971235275,0.999358594417572,0,,0.0,0,0.999358594417572,6.010655852151103e-05,5.387916462495923e-05,0.0005274182767607272,
generation-for-nlp-866,3,3,9.359375,0.0010885936208069324,0.9998983144760132,0,,0.0,0,3.36640800924215e-06,1.2217982657602988e-05,0.9998983144760132,8.614516991656274e-05,
generation-for-nlp-867,2,2,7.984375,0.0042499336414039135,0.9995490908622742,0,,0.0,0,4.330138108343817e-05,0.9995490908622742,6.706648855470121e-05,0.0003405917377676815,
generation-for-nlp-868,3,3,7.6875,0.004810862243175507,0.9994675517082214,0,,0.0,0,4.537575659924187e-05,2.8842587198596448e-05,0.9994675517082214,0.00045827889698557556,
generation-for-nlp-869,1,1,9.734375,0.0015033362433314323,0.9998629093170166,0,,0.0,0,0.9998629093170166,3.647487028501928e-05,4.133143738727085e-05,5.920455441810191e-05,
generation-for-nlp-870,3,3,7.375,0.006236407905817032,0.9992833733558655,0,,0.0,0,3.2170300983125344e-05,5.8252884628018364e-05,0.9992833733558655,0.0006262775277718902,
generation-for-nlp-871,3,3,9.3125,0.0010407412191852927,0.999901533126831,0,,0.0,0,3.4462516396160936e-06,4.747411367134191e-06,0.999901533126831,9.027965279528871e-05,
generation-for-nlp-872,4,4,10.40625,0.0006914699915796518,0.9999407529830933,0,,0.0,0,3.024108082172461e-05,5.17363878316246e-06,2.392266469541937e-05,0.9999407529830933,
generation-for-nlp-873,2,2,7.015625,0.010706422850489616,0.9987356066703796,0,,0.0,0,0.0001374995190417394,0.9987356066703796,0.0002302683424204588,0.0008966094464994967,
generation-for-nlp-874,1,1,10.734375,0.0004986011190339923,0.999958872795105,0,,0.0,0,0.999958872795105,1.112527388613671e-05,8.267601515399292e-06,2.1782230760436505e-05,
generation-for-nlp-875,1,1,11.84375,0.00016529395361430943,0.9999874830245972,0,,0.0,0,0.9999874830245972,3.288718744443031e-06,1.994708782149246e-06,7.183221896411851e-06,
generation-for-nlp-876,2,2,9.421875,0.0011352375149726868,0.9998953342437744,0,,0.0,0,1.3844747627445031e-05,0.9998953342437744,9.817395948630292e-06,8.092565258266404e-05,
generation-for-nlp-877,3,3,8.3125,0.002555405255407095,0.9997327923774719,0,,0.0,0,6.48784771328792e-06,1.544241968076676e-05,0.9997327923774719,0.0002453641500324011,
generation-for-nlp-879,1,1,12.578125,8.764560334384441e-05,0.9999936819076538,0,,0.0,0,0.9999936819076538,1.87386706329562e-06,9.57077759267122e-07,3.4465690532670124e-06,
generation-for-nlp-880,4,4,8.828125,0.0031125512905418873,0.9996914863586426,0,,0.0,0,0.00014650754746980965,4.6100645704427734e-05,0.00011589701898628846,0.9996914863586426,
generation-for-nlp-881,3,3,7.703125,0.004736938513815403,0.999474823474884,0,,0.0,0,1.1119887858512811e-05,6.299845699686557e-05,0.999474823474884,0.0004511772422119975,
generation-for-nlp-882,1,1,6.609375,0.018284710124135017,0.9977044463157654,0,,0.0,0,0.9977044463157654,0.00019675560179166496,0.0013445805525407195,0.0007542413077317178,
generation-for-nlp-883,1,1,12.546875,0.00010103709064424038,0.9999927282333374,0,,0.0,0,0.9999927282333374,2.225270236522192e-06,1.5056931488288683e-06,3.555971261448576e-06,
generation-for-nlp-884,4,4,8.453125,0.004366776440292597,0.9995474219322205,0,,0.0,0,0.00019406300270929933,4.537938366411254e-05,0.00021313653269317,0.9995474219322205,
generation-for-nlp-885,3,3,7.625,0.005124339833855629,0.9994294047355652,0,,0.0,0,3.371911225258373e-05,4.906102185486816e-05,0.9994294047355652,0.000487816781969741,
generation-for-nlp-886,1,1,8.828125,0.0026713102124631405,0.9997386336326599,0,,0.0,0,0.9997386336326599,4.005482333013788e-05,7.483227091142908e-05,0.00014651445962954313,
generation-for-nlp-887,1,1,10.0,0.0007552241440862417,0.9999340772628784,0,,0.0,0,0.9999340772628784,8.664156666782219e-06,1.1842498679470737e-05,4.5396936911856756e-05,
generation-for-nlp-888,2,2,7.09375,0.015236666426062584,0.9981749057769775,0,,0.0,0,0.00082876265514642,0.9981749057769775,0.0003509201924316585,0.0006454409449361265,
generation-for-nlp-889,2,2,9.015625,0.0016743550077080727,0.9998397827148438,0,,0.0,0,2.4679558919160627e-05,0.9998397827148438,1.4061989531910513e-05,0.00012147704546805471,
generation-for-nlp-890,3,3,6.53125,0.012780174612998962,0.9983685612678528,0,,0.0,0,7.130759331630543e-05,0.00010538578499108553,0.9983685612678528,0.0014548058388754725,
generation-for-nlp-892,4,4,6.25,0.02295955829322338,0.9969745874404907,0,,0.0,0,0.0019246137235313654,0.00013303411833476275,0.0009677564958110452,0.9969745874404907,
generation-for-nlp-893,1,1,7.484375,0.007969342172145844,0.9991082549095154,0,,0.0,0,0.9991082549095154,0.0001794000854715705,0.0001510700094513595,0.000561293214559555,
generation-for-nlp-894,4,4,8.890625,0.0016254959627985954,0.999840497970581,0,,0.0,0,0.00013765163021162152,2.601208279884304e-06,1.9220475223846734e-05,0.999840497970581,
generation-for-nlp-895,4,4,7.5,0.005549342837184668,0.9993698000907898,0,,0.0,0,0.0005527358152903616,1.643240284465719e-05,6.10537754255347e-05,0.9993698000907898,
generation-for-nlp-896,3,3,8.6875,0.0018792529590427876,0.9998118281364441,0,,0.0,0,1.121088098443579e-05,8.396561497647781e-06,0.9998118281364441,0.00016864945064298809,
generation-for-nlp-897,3,3,7.15625,0.007670298218727112,0.9990944862365723,0,,0.0,0,1.9206132492399774e-05,0.00010712321090977639,0.9990944862365723,0.000779267749749124,
generation-for-nlp-898,4,4,9.703125,0.0009524039924144745,0.999914288520813,0,,0.0,0,2.0144370864727534e-05,4.565599283523625e-06,6.108704110374674e-05,0.999914288520813,
generation-for-nlp-899,3,3,6.921875,0.010224595665931702,0.9987726807594299,0,,0.0,0,0.0001510192669229582,9.15978234843351e-05,0.9987726807594299,0.0009847694309428334,
generation-for-nlp-900,4,4,9.578125,0.00133368035312742,0.9998772144317627,0,,0.0,0,6.921812746440992e-05,7.410425041598501e-06,4.6109213144518435e-05,0.9998772144317627,
generation-for-nlp-901,4,4,8.78125,0.0018986567156389356,0.9998133778572083,0,,0.0,0,1.3843611668562517e-05,1.9219951354898512e-05,0.00015355731011368334,0.9998133778572083,
generation-for-nlp-902,4,4,3.4375,0.1703222095966339,0.9641625881195068,0,,0.0,0,0.004327586852014065,0.0005168564966879785,0.030992956832051277,0.9641625881195068,
generation-for-nlp-903,3,3,7.203125,0.0074365693144500256,0.9991312623023987,0,,0.0,0,6.599912012461573e-05,5.916122972848825e-05,0.9991312623023987,0.0007436098530888557,
generation-for-nlp-904,1,1,7.53125,0.010865810327231884,0.9987601041793823,0,,0.0,0,0.9987601041793823,0.00030033389339223504,0.0005354030872695148,0.00040414344402961433,
generation-for-nlp-905,2,2,9.40625,0.0013815949205309153,0.9998725652694702,0,,0.0,0,1.4969399671826977e-05,0.9998725652694702,3.023901990673039e-05,8.219817391363904e-05,
generation-for-nlp-909,3,3,6.75,0.011099142953753471,0.9986239671707153,0,,0.0,0,2.4649547412991524e-05,0.00018213687872048467,0.9986239671707153,0.0011692683910951018,
generation-for-nlp-910,4,4,8.96875,0.002051599556580186,0.9998014569282532,0,,0.0,0,6.013319216435775e-05,1.1123522199341096e-05,0.00012730197340715677,0.9998014569282532,
generation-for-nlp-911,4,4,9.609375,0.0009781226981431246,0.9999110698699951,0,,0.0,0,6.709077570121735e-05,4.029114734294126e-06,1.777728903107345e-05,0.9999110698699951,
generation-for-nlp-912,4,4,6.671875,0.015846874564886093,0.998026430606842,0,,0.0,0,0.0012635241728276014,0.00010371637472417206,0.0006062454776838422,0.998026430606842,
generation-for-nlp-913,1,1,7.5625,0.010815570130944252,0.9987651109695435,0,,0.0,0,0.9987651109695435,0.0002650450624059886,0.0004508568672463298,0.0005189330549910665,
generation-for-nlp-914,1,1,9.84375,0.0012272355379536748,0.9998892545700073,0,,0.0,0,0.9998892545700073,1.3630021385324653e-05,4.399825047585182e-05,5.307201718096621e-05,
generation-for-nlp-915,4,4,8.59375,0.0022955015301704407,0.9997702240943909,0,,0.0,0,3.071207174798474e-05,1.3843015040038154e-05,0.00018521749007049948,0.9997702240943909,
generation-for-nlp-916,4,4,6.796875,0.013405697420239449,0.9983722567558289,0,,0.0,0,0.00035651682992465794,0.00015575066208839417,0.0011154424864798784,0.9983722567558289,
generation-for-nlp-917,4,4,7.296875,0.009444858878850937,0.9989020824432373,0,,0.0,0,0.0006769091123715043,4.129172157263383e-05,0.00037971162237226963,0.9989020824432373,
generation-for-nlp-918,2,2,7.765625,0.006372321862727404,0.9993047714233398,0,,0.0,0,0.0004237696703057736,0.9993047714233398,7.137445936677977e-05,0.00020017463248223066,
generation-for-nlp-919,4,4,4.703125,0.0680183470249176,0.988835871219635,0,,0.0,0,0.008965673856437206,0.0005137740517966449,0.0016846004873514175,0.988835871219635,
generation-for-nlp-920,4,4,7.140625,0.009385315701365471,0.9989044666290283,0,,0.0,0,0.00022322147560771555,8.084545697784051e-05,0.0007913888548500836,0.9989044666290283,
generation-for-nlp-921,4,4,9.453125,0.0013540007639676332,0.9998753070831299,0,,0.0,0,3.48049943568185e-05,1.1477468433440663e-05,7.843426283216104e-05,0.9998753070831299,
generation-for-nlp-922,2,2,10.15625,0.0005756044993177056,0.9999502897262573,0,,0.0,0,4.4252901716390625e-06,0.9999502897262573,6.438759101001779e-06,3.88306871172972e-05,
generation-for-nlp-923,1,1,7.40625,0.012946095317602158,0.9984918832778931,0,,0.0,0,0.9984918832778931,0.0004578315420076251,0.0004437455500010401,0.0006065282505005598,
generation-for-nlp-924,4,4,8.484375,0.0030703218653798103,0.9996894598007202,0,,0.0,0,8.21831199573353e-05,2.1776360881631263e-05,0.00020660833979491144,0.9996894598007202,
generation-for-nlp-925,2,2,4.640625,0.12169557064771652,0.9795167446136475,0,,0.0,0,0.00555770006030798,0.9795167446136475,0.005471535958349705,0.009453966282308102,
generation-for-nlp-927,4,4,7.828125,0.005446413531899452,0.9994103908538818,0,,0.0,0,0.00014877285866532475,4.262413858668879e-05,0.00039813679177314043,0.9994103908538818,
generation-for-nlp-929,3,3,9.625,0.0008969384944066405,0.9999185800552368,0,,0.0,0,4.747492312162649e-06,1.0615382961987052e-05,0.9999185800552368,6.605112866964191e-05,
generation-for-nlp-930,4,4,8.6875,0.0030565550550818443,0.9996923208236694,0,,0.0,0,0.0001686292962403968,1.5684969184803776e-05,0.0001233718212461099,0.9996923208236694,
generation-for-nlp-933,2,2,6.359375,0.018742114305496216,0.9976006150245667,0,,0.0,0,0.0004164882411714643,0.9976006150245667,0.00025659098173491657,0.0017262959154322743,
generation-for-nlp-934,4,4,6.984375,0.012261489406228065,0.9985369443893433,0,,0.0,0,0.00041687916382215917,0.00012131874973420054,0.0009248869027942419,0.9985369443893433,
generation-for-nlp-935,4,4,9.4375,0.0020325619261711836,0.9998087286949158,0,,0.0,0,7.030333654256538e-05,4.1329196392325684e-05,7.966411067172885e-05,0.9998087286949158,
generation-for-nlp-936,2,2,6.359375,0.02272023633122444,0.9970831274986267,0,,0.0,0,0.0017254004487767816,0.9970831274986267,0.0004943354870192707,0.0006971248076297343,
generation-for-nlp-937,4,4,7.4375,0.007736756466329098,0.9991174340248108,0,,0.0,0,0.000588235619943589,2.5050094336620532e-05,0.00026931389584206045,0.9991174340248108,
generation-for-nlp-938,2,2,9.203125,0.0022557235788553953,0.9997852444648743,0,,0.0,0,5.390216756495647e-05,0.9997852444648743,6.013221718603745e-05,0.00010070251300930977,
generation-for-nlp-940,2,2,5.421875,0.05378395691514015,0.9919479489326477,0,,0.0,0,0.0032068705186247826,0.9919479489326477,0.0004619935352820903,0.004383272957056761,
generation-for-nlp-941,4,4,0.5,1.029799222946167,0.5353515148162842,0,,0.0,0,0.12133418023586273,0.01860719919204712,0.32470712065696716,0.5353515148162842,
generation-for-nlp-942,4,4,8.765625,0.002276427811011672,0.9997772574424744,0,,0.0,0,4.132789763389155e-05,2.546137875469867e-05,0.00015596985758747905,0.9997772574424744,
generation-for-nlp-943,2,2,8.171875,0.004644440952688456,0.9995162487030029,0,,0.0,0,0.00010226082667941228,0.9995162487030029,9.911459346767515e-05,0.0002823512186296284,
generation-for-nlp-944,4,4,7.984375,0.005618957802653313,0.9993972778320312,0,,0.0,0,5.5591630371054634e-05,0.00020654796389862895,0.0003405399911571294,0.9993972778320312,
generation-for-nlp-945,3,3,7.390625,0.006623230874538422,0.9992457628250122,0,,0.0,0,9.164121001958847e-05,4.6080091124167666e-05,0.9992457628250122,0.000616544799413532,
generation-for-nlp-946,2,2,9.171875,0.0015610832488164306,0.9998531341552734,0,,0.0,0,2.2122911104816012e-05,0.9998531341552734,2.0782550564035773e-05,0.00010390621173428372,
generation-for-nlp-947,2,2,6.390625,0.03311329707503319,0.9955892562866211,0,,0.0,0,0.0015933437971398234,0.9955892562866211,0.0011476423824205995,0.0016698099207133055,
generation-for-nlp-950,4,4,9.421875,0.0012411049101501703,0.9998852014541626,0,,0.0,0,2.7966874768026173e-05,5.862175385118462e-06,8.092483039945364e-05,0.9998852014541626,
generation-for-nlp-951,1,1,9.4375,0.0014438644284382463,0.9998670816421509,0,,0.0,0,0.9998670816421509,7.966876728460193e-05,1.952367165358737e-05,3.3733875170582905e-05,
generation-for-nlp-952,4,4,9.609375,0.0008954808581620455,0.9999185800552368,0,,0.0,0,9.817624231800437e-06,4.565619292407064e-06,6.709127774229273e-05,0.9999185800552368,
generation-for-nlp-953,2,2,9.484375,0.001537949196062982,0.9998584985733032,0,,0.0,0,3.218881829525344e-05,0.9998584985733032,3.321059557492845e-05,7.601982360938564e-05,
generation-for-nlp-954,3,3,7.109375,0.007492646109312773,0.999103844165802,0,,0.0,0,1.6428029994131066e-05,6.29750793450512e-05,0.999103844165802,0.0008166732150129974,
generation-for-nlp-955,1,1,9.09375,0.002605745568871498,0.9997480511665344,0,,0.0,0,0.9997480511665344,5.474896897794679e-05,0.00011233759869355708,8.47968622110784e-05,
generation-for-nlp-956,3,3,8.015625,0.003712459234520793,0.9996048808097839,0,,0.0,0,2.7959033104707487e-05,3.703969923662953e-05,0.9996048808097839,0.00033013123902492225,
generation-for-nlp-957,4,4,7.375,0.012619046494364738,0.9985266923904419,0,,0.0,0,0.0005698004388250411,0.00027769856387749314,0.0006258033099584281,0.9985266923904419,
generation-for-nlp-958,2,2,6.265625,0.024962712079286575,0.9967191815376282,0,,0.0,0,0.001113595557399094,0.9967191815376282,0.0002728983527049422,0.0018942899769172072,
generation-for-nlp-959,2,2,9.96875,0.0008376442710869014,0.9999264478683472,0,,0.0,0,7.766440830891952e-06,0.9999264478683472,1.892411455628462e-05,4.683763472712599e-05,
generation-for-nlp-960,3,3,6.0625,0.01724640652537346,0.9976008534431458,0,,0.0,0,1.614900611457415e-05,6.000083885737695e-05,0.9976008534431458,0.0023229855578392744,
generation-for-nlp-962,4,4,4.6875,0.11055713891983032,0.9815734028816223,0,,0.0,0,0.006310922093689442,0.009039978496730328,0.003075697924941778,0.9815734028816223,
generation-for-nlp-963,4,4,6.890625,0.013794012367725372,0.9983429908752441,0,,0.0,0,0.00040397467091679573,0.00023748444800730795,0.0010155922500416636,0.9983429908752441,
generation-for-nlp-964,4,4,8.8125,0.002739002462476492,0.9997308850288391,0,,0.0,0,8.613074896857142e-05,3.4260443499078974e-05,0.00014882057439535856,0.9997308850288391,
generation-for-nlp-965,2,2,6.0625,0.020924054086208344,0.9971784353256226,0,,0.0,0,8.32676378195174e-05,0.9971784353256226,0.00041631198837421834,0.002322001848369837,
generation-for-nlp-966,4,4,6.8125,0.016455762088298798,0.9979713559150696,0,,0.0,0,0.0007544431136921048,0.00017641775775700808,0.0010977082420140505,0.9979713559150696,
generation-for-nlp-967,3,3,9.5625,0.000888653623405844,0.9999184608459473,0,,0.0,0,3.997789008280961e-06,7.182726221799385e-06,0.9999184608459473,7.031105633359402e-05,
generation-for-nlp-968,3,3,6.765625,0.013619460165500641,0.9983425140380859,0,,0.0,0,0.0003246026171837002,0.00018208555411547422,0.9983425140380859,0.0011508162133395672,
generation-for-nlp-969,2,2,4.625,0.0693720132112503,0.9884514808654785,0,,0.0,0,0.0010374486446380615,0.9884514808654785,0.0008206894854083657,0.009690437465906143,
generation-for-nlp-972,1,1,10.625,0.0005260385223664343,0.9999562501907349,0,,0.0,0,0.9999562501907349,1.1300441656203475e-05,8.139401870721485e-06,2.429976848361548e-05,
generation-for-nlp-973,1,1,7.84375,0.00744200311601162,0.9991771578788757,0,,0.0,0,0.9991771578788757,7.961379014886916e-05,0.00039187283255159855,0.0003512725525069982,
generation-for-nlp-974,4,4,7.515625,0.00963679887354374,0.9988835453987122,0,,0.0,0,0.0005439016385935247,4.534924300969578e-05,0.0005271675763651729,0.9988835453987122,
generation-for-nlp-975,4,4,7.015625,0.010356067679822445,0.9987731575965881,0,,0.0,0,0.00024132823455147445,8.877969958120957e-05,0.0008966432069428265,0.9987731575965881,
generation-for-nlp-976,1,1,12.515625,0.00011293514398857951,0.9999916553497314,0,,0.0,0,0.9999916553497314,3.5559673960960936e-06,1.018801754071319e-06,3.6688461477751844e-06,
generation-for-nlp-977,4,4,8.03125,0.005064257886260748,0.9994655251502991,0,,0.0,0,0.00010885056690312922,0.00010067030962090939,0.0003249677538406104,0.9994655251502991,
generation-for-nlp-978,2,2,6.703125,0.012388510629534721,0.9984737038612366,0,,0.0,0,0.00016581258387304842,0.9984737038612366,0.0001353322877548635,0.0012251983862370253,
generation-for-nlp-979,1,1,9.765625,0.0014115270460024476,0.9998719692230225,0,,0.0,0,0.9998719692230225,2.930864502559416e-05,5.7383545936318114e-05,4.133181209908798e-05,
generation-for-nlp-981,1,1,9.09375,0.002020600950345397,0.9998077750205994,0,,0.0,0,0.9998077750205994,5.063754724687897e-05,2.930676237156149e-05,0.00011234430712647736,
generation-for-nlp-982,4,4,8.9375,0.0020708583761006594,0.9998003840446472,0,,0.0,0,4.683173028752208e-05,2.1441126591525972e-05,0.00013134283653926104,0.9998003840446472,
generation-for-nlp-983,2,2,7.125,0.013305582106113434,0.9984161853790283,0,,0.0,0,0.0006064822664484382,0.9984161853790283,0.00017376008327119052,0.0008034585043787956,
generation-for-nlp-984,2,2,9.546875,0.0014101647539064288,0.9998711347579956,0,,0.0,0,3.535294672474265e-05,0.9998711347579956,2.212330946349539e-05,7.141491369111463e-05,
generation-for-nlp-985,3,3,9.203125,0.0013641312252730131,0.9998716115951538,0,,0.0,0,1.5205118870653678e-05,1.2410056115186308e-05,0.9998716115951538,0.00010071121505461633,
generation-for-nlp-986,1,1,2.6875,0.31530681252479553,0.9230902194976807,0,,0.0,0,0.9230902194976807,0.06281707435846329,0.0031767284963279963,0.010915970429778099,
generation-for-nlp-987,1,1,6.40625,0.019290566444396973,0.9975466132164001,0,,0.0,0,0.9975466132164001,0.00048689779941923916,0.0016471539856866002,0.00031931535340845585,
generation-for-nlp-988,2,2,6.828125,0.01696806773543358,0.9978801012039185,0,,0.0,0,0.0009388338075950742,0.9978801012039185,0.0001005106169031933,0.0010805911151692271,
generation-for-nlp-989,3,3,10.265625,0.0004837964952457696,0.9999583959579468,0,,0.0,0,2.924962018369115e-06,3.814869614870986e-06,0.9999583959579468,3.4807886549970135e-05,
generation-for-nlp-991,2,2,7.453125,0.00763122271746397,0.9991426467895508,0,,0.0,0,0.00018223149527329952,0.9991426467895508,9.602925274521112e-05,0.0005791305447928607,
generation-for-nlp-992,3,3,7.546875,0.0057260459288954735,0.9993595480918884,0,,0.0,0,5.825732660014182e-05,5.4727694077882916e-05,0.9993595480918884,0.0005274188006296754,
generation-for-nlp-993,4,4,6.03125,0.03512764349579811,0.9951604008674622,0,,0.0,0,0.002390861976891756,0.0004354082921054214,0.0020133075304329395,0.9951604008674622,
generation-for-nlp-994,4,4,9.671875,0.0010123898973688483,0.9999088048934937,0,,0.0,0,2.078370744129643e-05,7.410659236484207e-06,6.30258145974949e-05,0.9999088048934937,
generation-for-nlp-995,2,2,8.453125,0.00414320919662714,0.9995774626731873,0,,0.0,0,0.00010551339801168069,0.9995774626731873,0.00010387755901319906,0.00021314292098395526,
generation-for-nlp-996,2,2,7.046875,0.013049274682998657,0.99843829870224,0,,0.0,0,0.0005697499727830291,0.99843829870224,0.00012321707617957145,0.0008687649969942868,
generation-for-nlp-998,3,3,9.125,0.0013194434577599168,0.9998739957809448,0,,0.0,0,9.66498555499129e-06,7.468521744158352e-06,0.9998739957809448,0.00010889505210798234,
generation-for-nlp-999,4,4,5.96875,0.024212412536144257,0.9967177510261536,0,,0.0,0,0.0025490419939160347,0.00019051347044296563,0.0005427223513834178,0.9967177510261536,
generation-for-nlp-1000,1,1,10.234375,0.000911691808141768,0.9999207258224487,0,,0.0,0,0.9999207258224487,2.2826709027867764e-05,2.046172994596418e-05,3.591145286918618e-05,
generation-for-nlp-1001,4,4,8.46875,0.004192227963358164,0.9995711445808411,0,,0.0,0,0.00020983711874578148,7.481973443645984e-05,0.00014421879313886166,0.9995711445808411,
generation-for-nlp-1003,3,3,8.984375,0.0015165634686127305,0.999853253364563,0,,0.0,0,8.33156536828028e-06,1.3005389519094024e-05,0.999853253364563,0.0001253348309546709,
generation-for-nlp-1004,3,3,6.0625,0.0313011109828949,0.995653510093689,0,,0.0,0,0.0023184509482234716,7.57001107558608e-05,0.995653510093689,0.0019523317459970713,
generation-for-nlp-1005,1,1,7.640625,0.005335264839231968,0.9994100332260132,0,,0.0,0,0.9994100332260132,5.826026972499676e-05,5.1414510380709544e-05,0.000480244547361508,
generation-for-nlp-1006,3,3,9.953125,0.00075003772508353,0.9999343156814575,0,,0.0,0,9.07996127352817e-06,9.07996127352817e-06,0.9999343156814575,4.7575595090165734e-05,
generation-for-nlp-1007,3,3,9.828125,0.0007271458161994815,0.9999351501464844,0,,0.0,0,5.594006324827205e-06,5.337838047125842e-06,0.9999351501464844,5.391025115386583e-05,
generation-for-nlp-1008,1,1,5.65625,0.034815188497304916,0.9950997233390808,0,,0.0,0,0.9950997233390808,0.0034784716553986073,0.0004857034655287862,0.000936217955313623,
generation-for-nlp-1009,1,1,8.125,0.004498631693422794,0.9995301961898804,0,,0.0,0,0.9995301961898804,7.481667125830427e-05,9.911597589962184e-05,0.00029590565827675164,
generation-for-nlp-1010,1,1,7.328125,0.006397339981049299,0.9992595314979553,0,,0.0,0,0.9992595314979553,3.941493923775852e-05,4.4662974687526e-05,0.000656317628454417,
generation-for-nlp-1012,1,1,9.171875,0.0018059068825095892,0.9998297691345215,0,,0.0,0,0.9998297691345215,4.00584758608602e-05,2.6270990929333493e-05,0.00010390378156444058,
generation-for-nlp-1014,4,4,8.734375,0.0033925550524145365,0.9996569156646729,0,,0.0,0,0.00015595108561683446,2.626644891279284e-05,0.00016090150165837258,0.9996569156646729,
generation-for-nlp-1016,3,3,5.4375,0.032508447766304016,0.9951685667037964,0,,0.0,0,0.00015769571473356336,0.0003444391186349094,0.9951685667037964,0.004329327028244734,
generation-for-nlp-1019,3,3,6.90625,0.011995098553597927,0.9985645413398743,0,,0.0,0,0.00015336550131905824,0.0002820823574438691,0.9985645413398743,0.001000068848952651,
generation-for-nlp-1021,3,3,8.84375,0.0019341030856594443,0.9998118281364441,0,,0.0,0,2.7531268642633222e-05,1.643967152631376e-05,0.9998118281364441,0.00014425351400859654,
generation-for-nlp-1022,1,1,11.8125,0.00019919633632525802,0.999984860420227,0,,0.0,0,0.999984860420227,4.356832960183965e-06,3.393105089344317e-06,7.4112226684519555e-06,
generation-for-nlp-1023,4,4,7.75,0.007259143982082605,0.999198853969574,0,,0.0,0,0.0002912214840762317,7.961551455082372e-05,0.0004303974565118551,0.999198853969574,
generation-for-nlp-1026,1,1,8.09375,0.00644636619836092,0.9993103742599487,0,,0.0,0,0.9993103742599487,0.00017121937707997859,0.00021308597933966666,0.0003052315441891551,
generation-for-nlp-1027,1,1,6.578125,0.015618806704878807,0.9980570673942566,0,,0.0,0,0.9980570673942566,0.0002775679458864033,0.0002775679458864033,0.0013877524761483073,
generation-for-nlp-1030,3,3,8.59375,0.002069867681711912,0.9997907280921936,0,,0.0,0,5.953928393864771e-06,1.805506326491013e-05,0.9997907280921936,0.00018522128812037408,
generation-for-nlp-1031,2,2,7.03125,0.010962685570120811,0.9986862540245056,0,,0.0,0,0.0008826652192510664,0.9986862540245056,2.707392195588909e-05,0.00040411355439573526,
generation-for-nlp-1033,2,2,8.296875,0.004831616301089525,0.9994927644729614,0,,0.0,0,0.00020982067508157343,0.9994927644729614,4.830346369999461e-05,0.0002491682243999094,
generation-for-nlp-1034,3,3,7.625,0.007388983387500048,0.9991718530654907,0,,0.0,0,0.0004876910534221679,4.0032111428445205e-05,0.9991718530654907,0.000300457701086998,
generation-for-nlp-1035,3,3,7.140625,0.008779595606029034,0.9989758729934692,0,,0.0,0,0.00013969841529615223,9.305920684710145e-05,0.9989758729934692,0.0007914453744888306,
generation-for-nlp-1037,3,3,9.890625,0.0006733546033501625,0.9999401569366455,0,,0.0,0,3.5006573853024747e-06,5.682127266481984e-06,0.9999401569366455,5.064425204182044e-05,
generation-for-nlp-1039,1,1,9.515625,0.001455480931326747,0.9998667240142822,0,,0.0,0,0.9998667240142822,2.8406766432453878e-05,3.11987278109882e-05,7.368153455900028e-05,
generation-for-nlp-1040,3,3,6.125,0.02433573082089424,0.9967380166053772,0,,0.0,0,0.0021803556010127068,9.883909660857171e-05,0.9967380166053772,0.0009827633621171117,
generation-for-nlp-1041,1,1,10.59375,0.00060523662250489,0.9999493360519409,0,,0.0,0,0.9999493360519409,1.2029174285999034e-05,2.5070952688110992e-05,1.363084084005095e-05,
generation-for-nlp-1042,3,3,7.65625,0.005485779605805874,0.9993962049484253,0,,0.0,0,6.601661880267784e-05,6.49931316729635e-05,0.9993962049484253,0.00047279251157306135,
generation-for-nlp-1045,4,4,6.75,0.01449565589427948,0.998230516910553,0,,0.0,0,0.0011688077356666327,0.00019685935694724321,0.0004039291525259614,0.998230516910553,
generation-for-nlp-1046,4,4,6.46875,0.013465503230690956,0.9982669353485107,0,,0.0,0,9.299317025579512e-05,9.155144653050229e-05,0.0015484752366319299,0.9982669353485107,
generation-for-nlp-1047,2,2,5.765625,0.04441872984170914,0.9936515092849731,0,,0.0,0,0.0031135438475757837,0.9936515092849731,0.0006130930851213634,0.002621866762638092,
generation-for-nlp-1048,3,3,9.96875,0.000620416714809835,0.9999451637268066,0,,0.0,0,3.0893345410731854e-06,4.860205535806017e-06,0.9999451637268066,4.6838511480018497e-05,
generation-for-nlp-1049,2,2,10.265625,0.0006938464939594269,0.9999406337738037,0,,0.0,0,1.5206167518044822e-05,0.9999406337738037,9.368248356622644e-06,3.480726809357293e-05,
generation-for-nlp-1050,4,4,7.59375,0.006703890394419432,0.9992515444755554,0,,0.0,0,0.0005032121553085744,3.216927871108055e-05,0.0002130734355887398,0.9992515444755554,
generation-for-nlp-1051,4,4,6.71875,0.011242378503084183,0.9985983967781067,0,,0.0,0,0.0012063541216775775,2.1415349692688324e-05,0.00017379179189447314,0.9985983967781067,
generation-for-nlp-1052,3,3,7.453125,0.00720132514834404,0.9991887211799622,0,,0.0,0,0.0001738945284159854,5.824736945214681e-05,0.9991887211799622,0.0005791572039015591,
generation-for-nlp-1053,3,3,8.421875,0.002489424077793956,0.9997451901435852,0,,0.0,0,1.921864168252796e-05,1.5685798643971793e-05,0.9997451901435852,0.00021994569397065789,
generation-for-nlp-1055,1,1,8.609375,0.003148813731968403,0.9996851682662964,0,,0.0,0,0.9996851682662964,9.312527981819585e-05,3.943172487197444e-05,0.00018233043374493718,
generation-for-nlp-1056,2,2,6.40625,0.021570004522800446,0.9972212314605713,0,,0.0,0,0.001646616728976369,0.9972212314605713,0.0002228453231509775,0.0009093480766750872,
generation-for-nlp-1057,3,3,8.484375,0.002859976375475526,0.9997122883796692,0,,0.0,0,3.7043682823423296e-05,4.3990461563225836e-05,0.9997122883796692,0.00020661306916736066,
generation-for-nlp-1058,2,2,8.359375,0.003872513771057129,0.9996045231819153,0,,0.0,0,7.252018986037001e-05,0.9996045231819153,8.885359420673922e-05,0.000234098028158769,
generation-for-nlp-1059,4,4,7.765625,0.006398710422217846,0.9992990493774414,0,,0.0,0,0.0004237672546878457,5.3875955927651376e-05,0.00022330964566208422,0.9992990493774414,
generation-for-nlp-1060,3,3,9.765625,0.0007847163360565901,0.999929666519165,0,,0.0,0,5.255053565633716e-06,7.646058293175884e-06,0.999929666519165,5.738685649703257e-05,
generation-for-nlp-1062,3,3,9.671875,0.0009332463960163295,0.9999159574508667,0,,0.0,0,7.3530413828848395e-06,1.3630385183205362e-05,0.9999159574508667,6.302626570686698e-05,
generation-for-nlp-1063,1,1,9.71875,0.0008270323742181063,0.9999256134033203,0,,0.0,0,0.9999256134033203,7.646027370356023e-06,6.53999313726672e-06,6.014066093484871e-05,
generation-for-nlp-1064,2,2,8.3125,0.004777702037245035,0.9995015859603882,0,,0.0,0,0.00024530739756301045,0.9995015859603882,6.499998562503606e-05,0.00018808369350153953,
generation-for-nlp-1065,3,3,7.5625,0.005794225726276636,0.9993521571159363,0,,0.0,0,2.7951964511885308e-05,0.00010065889364341274,0.9993521571159363,0.000519238063134253,
generation-for-nlp-1066,4,4,7.359375,0.01039851177483797,0.9987797141075134,0,,0.0,0,0.0006358193350024521,4.06465696869418e-05,0.0005438451189547777,0.9987797141075134,
generation-for-nlp-1067,1,1,8.6875,0.0026612102519720793,0.9997374415397644,0,,0.0,0,0.9997374415397644,5.5610555136809126e-05,3.82205362257082e-05,0.00016863692144397646,
generation-for-nlp-1068,1,1,11.6875,0.00022014173737261444,0.9999830722808838,0,,0.0,0,0.9999830722808838,5.771855285274796e-06,2.7693668016581796e-06,8.398000318265986e-06,
generation-for-nlp-1069,4,4,9.75,0.0013673098292201757,0.9998745918273926,0,,0.0,0,5.828735447721556e-05,9.817192221817095e-06,5.7383695093449205e-05,0.9998745918273926,
generation-for-nlp-1070,2,2,4.734375,0.10806505382061005,0.9820373058319092,0,,0.0,0,0.006616915576159954,0.9820373058319092,0.002715576672926545,0.008630084805190563,
generation-for-nlp-1071,1,1,11.4375,0.00019855474238283932,0.999984622001648,0,,0.0,0,0.999984622001648,3.340499006299069e-06,1.3081581755614025e-06,1.078326295100851e-05,
generation-for-nlp-1072,2,2,9.765625,0.0012444613967090845,0.9998874664306641,0,,0.0,0,4.198334499960765e-05,0.9998874664306641,1.3210646102379542e-05,5.7384433603147045e-05,
generation-for-nlp-1073,3,3,9.09375,0.0014497826341539621,0.9998617172241211,0,,0.0,0,8.138633347698487e-06,1.7776412278180942e-05,0.9998617172241211,0.00011235037527512759,
generation-for-nlp-1074,2,2,8.078125,0.005564013496041298,0.9994115829467773,0,,0.0,0,0.00015111587708815932,0.9994115829467773,0.00012725232227239758,0.0003100696485489607,
generation-for-nlp-1075,3,3,9.109375,0.0013268098700791597,0.9998729228973389,0,,0.0,0,8.075388905126601e-06,8.3317290773266e-06,0.9998729228973389,0.00011060977703891695,
generation-for-nlp-1077,4,4,6.71875,0.013967239297926426,0.9982798099517822,0,,0.0,0,0.0012059692526236176,9.74572540144436e-05,0.0004167717997916043,0.9982798099517822,
generation-for-nlp-1078,1,1,11.0625,0.00047607283340767026,0.9999610185623169,0,,0.0,0,0.9999610185623169,1.4738623576704413e-05,8.530060767952818e-06,1.5689185602241196e-05,
generation-for-nlp-1080,4,4,8.265625,0.003983126953244209,0.9995868802070618,0,,0.0,0,0.00025710187037475407,3.070644015679136e-05,0.0001253014343092218,0.9995868802070618,
generation-for-nlp-1082,1,1,10.328125,0.0005723474314436316,0.9999514818191528,0,,0.0,0,0.9999514818191528,1.0129601832886692e-05,5.771672931587091e-06,3.2698753784643486e-05,
generation-for-nlp-1086,3,3,5.375,0.03804953396320343,0.994377076625824,0,,0.0,0,0.0003441651933826506,0.0006738427327945828,0.994377076625824,0.004604879766702652,
generation-for-nlp-1087,4,4,6.734375,0.012556401081383228,0.9984544515609741,0,,0.0,0,0.0011874801712110639,6.699303776258603e-05,0.00029100451502017677,0.9984544515609741,
generation-for-nlp-1088,2,2,7.53125,0.007454841397702694,0.9991700649261475,0,,0.0,0,0.00011766071838792413,0.9991700649261475,0.00017662966274656355,0.0005356228211894631,
generation-for-nlp-1089,4,4,8.34375,0.004308718256652355,0.9995506405830383,0,,0.0,0,0.00023777173191774637,2.92992262984626e-05,0.00018230589921586215,0.9995506405830383,
generation-for-nlp-1090,2,2,7.421875,0.010256415233016014,0.998810887336731,0,,0.0,0,0.0005973156658001244,0.998810887336731,8.083788270596415e-05,0.0005109111662022769,
generation-for-nlp-1091,3,3,8.203125,0.0029150638729333878,0.9996931552886963,0,,0.0,0,1.1656088645395357e-05,2.143882738891989e-05,0.9996931552886963,0.00027371259056963027,
generation-for-nlp-1092,4,4,8.203125,0.005293249152600765,0.9994358420372009,0,,0.0,0,0.00027364215929992497,4.1313785914098844e-05,0.00024915405083447695,0.9994358420372009,
generation-for-nlp-1093,2,2,9.75,0.0011177122360095382,0.9998996257781982,0,,0.0,0,3.0239836632972583e-05,0.9998996257781982,1.184209031634964e-05,5.82888133067172e-05,
generation-for-nlp-1094,1,1,6.1875,0.021460846066474915,0.9971926808357239,0,,0.0,0,0.9971926808357239,0.00037906182114966214,0.00204918859526515,0.00037906182114966214,
generation-for-nlp-1095,1,1,6.4375,0.022892974317073822,0.9970321655273438,0,,0.0,0,0.9970321655273438,0.0011493057245388627,0.00022280307894106954,0.0015956530114635825,
generation-for-nlp-1096,3,3,7.5625,0.006847390905022621,0.9992413520812988,0,,0.0,0,0.00012723065447062254,0.0001122806643252261,0.9992413520812988,0.0005191804957576096,
generation-for-nlp-1097,2,2,9.1875,0.0014398036291822791,0.9998645782470703,0,,0.0,0,1.862957105913665e-05,0.9998645782470703,1.4508723324979655e-05,0.00010229646431980655,
generation-for-nlp-1098,3,3,9.9375,0.000683534424751997,0.9999396800994873,0,,0.0,0,3.7556553706963314e-06,8.203105608117767e-06,0.9999396800994873,4.832506238017231e-05,
generation-for-nlp-1100,2,2,9.09375,0.0018377496162429452,0.999825656414032,0,,0.0,0,3.882584860548377e-05,0.999825656414032,2.31839730986394e-05,0.00011234631529077888,
generation-for-nlp-1101,1,1,6.59375,0.025037240236997604,0.9967987537384033,0,,0.0,0,0.9967987537384033,0.0008538915426470339,0.0009828231995925307,0.0013645149301737547,
generation-for-nlp-1102,4,4,8.734375,0.0024233933072537184,0.9997612833976746,0,,0.0,0,5.919853720115498e-05,1.86276465683477e-05,0.00016091830912046134,0.9997612833976746,
generation-for-nlp-1103,1,1,11.5,0.00021653066505677998,0.9999833106994629,0,,0.0,0,0.9999833106994629,2.994399892486399e-06,3.6119356536801206e-06,1.012992379401112e-05,
generation-for-nlp-1104,2,2,8.09375,0.005845900624990463,0.9993793964385986,0,,0.0,0,0.0001880607014754787,0.9993793964385986,0.0001272482331842184,0.00030525264446623623,
generation-for-nlp-1105,3,3,8.21875,0.0031430665403604507,0.9996730089187622,0,,0.0,0,2.585964284662623e-05,3.168389594065957e-05,0.9996730089187622,0.00026946363504976034,
generation-for-nlp-1107,3,3,6.046875,0.02006133645772934,0.9972831010818481,0,,0.0,0,0.0001351709070149809,0.00022285914747044444,0.9972831010818481,0.0023588156327605247,
generation-for-nlp-1108,1,1,7.625,0.0074640740640461445,0.9991704225540161,0,,0.0,0,0.9991704225540161,0.00048769035493023694,8.086697926046327e-05,0.0002610418014228344,
generation-for-nlp-1109,2,2,10.265625,0.0006635269382968545,0.9999432563781738,0,,0.0,0,1.363075807603309e-05,0.9999432563781738,8.26747236715164e-06,3.480735904304311e-05,
generation-for-nlp-1110,4,4,8.375,0.0033874548971652985,0.9996556043624878,0,,0.0,0,5.73711258766707e-05,5.648166552418843e-05,0.00023048045113682747,0.9996556043624878,
generation-for-nlp-1112,1,1,10.421875,0.0006339346873573959,0.9999463558197021,0,,0.0,0,0.9999463558197021,1.0615677638270427e-05,1.321142462984426e-05,2.977240364998579e-05,
generation-for-nlp-1113,1,1,11.234375,0.00032603685394860804,0.9999741315841675,0,,0.0,0,0.9999741315841675,6.339086667139782e-06,6.339086667139782e-06,1.3211791156209074e-05,
generation-for-nlp-1114,1,1,10.15625,0.0009407090838067234,0.9999179840087891,0,,0.0,0,0.9999179840087891,3.882943565258756e-05,2.144364952982869e-05,2.1781339455628768e-05,
generation-for-nlp-1115,2,2,8.0625,0.004281683824956417,0.9995483756065369,0,,0.0,0,0.00010387453949078918,0.9995483756065369,3.268557338742539e-05,0.00031499567558057606,
generation-for-nlp-1119,3,3,9.734375,0.0009247472626157105,0.9999170303344727,0,,0.0,0,6.143702648842009e-06,1.750178125803359e-05,0.9999170303344727,5.9207759477430955e-05,
generation-for-nlp-1120,4,4,9.5,0.0017191028455272317,0.9998394250869751,0,,0.0,0,6.708596629323438e-05,1.8629101759870537e-05,7.483981607947499e-05,0.9998394250869751,
generation-for-nlp-1122,3,3,9.046875,0.001356460154056549,0.9998687505722046,0,,0.0,0,4.494611857808195e-06,9.008708730107173e-06,0.9998687505722046,0.00011774300219258294,
generation-for-nlp-1123,4,4,6.484375,0.024510987102985382,0.996782660484314,0,,0.0,0,0.0015222016954794526,0.00019657383381854743,0.0014986020978540182,0.996782660484314,
generation-for-nlp-1124,4,4,7.78125,0.006471517030149698,0.9992966651916504,0,,0.0,0,0.00041719633736647666,0.00010384838242316619,0.00018225958046969026,0.9992966651916504,
generation-for-nlp-1126,4,4,8.875,0.0027848207391798496,0.9997240900993347,0,,0.0,0,0.00013980305811855942,2.0140538254054263e-05,0.00011590080248424783,0.9997240900993347,
generation-for-nlp-1127,4,4,10.125,0.0007280358695425093,0.999936580657959,0,,0.0,0,4.006275412393734e-05,3.7850991247978527e-06,1.9525028619682416e-05,0.999936580657959,
generation-for-nlp-1128,4,4,6.890625,0.015684086829423904,0.9980731010437012,0,,0.0,0,0.001015317626297474,0.0001331806997768581,0.0007784711197018623,0.9980731010437012,
generation-for-nlp-1129,3,3,7.828125,0.004601646214723587,0.9995007514953613,0,,0.0,0,7.718932465650141e-05,2.391213820374105e-05,0.9995007514953613,0.0003981727932114154,
generation-for-nlp-1130,1,1,11.953125,0.0001423954963684082,0.99998939037323,0,,0.0,0,0.99998939037323,2.2603055640502134e-06,1.9333415366418194e-06,6.43901103103417e-06,
generation-for-nlp-1131,3,3,6.578125,0.012225214391946793,0.9984480142593384,0,,0.0,0,7.35769935999997e-05,9.01484236237593e-05,0.9984480142593384,0.0013882961357012391,
generation-for-nlp-1132,4,4,6.421875,0.01740175113081932,0.997771680355072,0,,0.0,0,0.0016219830140471458,9.589748515281826e-05,0.0005103796138428152,0.997771680355072,
generation-for-nlp-1133,4,4,5.8125,0.03740319982171059,0.9948123693466187,0,,0.0,0,0.002974435221403837,0.000717615825124085,0.0014956399099901319,0.9948123693466187,
generation-for-nlp-1135,1,1,12.390625,0.00011406656267354265,0.999991774559021,0,,0.0,0,0.999991774559021,2.684185574253206e-06,1.482348125136923e-06,4.157347575528547e-06,
generation-for-nlp-1136,4,4,8.703125,0.002624017419293523,0.9997408986091614,0,,0.0,0,0.00016602301911916584,2.7962838430539705e-05,6.50155488983728e-05,0.9997408986091614,
generation-for-nlp-1137,2,2,8.34375,0.0032892811577767134,0.9996640682220459,0,,0.0,0,6.501055031549186e-05,0.9996640682220459,3.320413816254586e-05,0.00023779869661666453,
generation-for-nlp-1138,1,1,10.171875,0.0011169781209900975,0.999901294708252,0,,0.0,0,0.999901294708252,3.071609899052419e-05,3.8226800825214013e-05,2.9771063054795377e-05,
generation-for-nlp-1139,3,3,9.921875,0.0007388216909021139,0.9999349117279053,0,,0.0,0,4.565693870972609e-06,1.1478153282951098e-05,0.9999349117279053,4.908583650831133e-05,
generation-for-nlp-1141,3,3,8.59375,0.0022025001235306263,0.9997790455818176,0,,0.0,0,1.3628518900077324e-05,2.2121270376374014e-05,0.9997790455818176,0.00018521911988500506,
generation-for-nlp-1142,4,4,4.109375,0.14165456593036652,0.9745726585388184,0,,0.0,0,0.016000565141439438,0.005443918518722057,0.003982855938374996,0.9745726585388184,
generation-for-nlp-1143,4,4,7.34375,0.007759429514408112,0.99910968542099,0,,0.0,0,0.00021304318215698004,3.1175106414593756e-05,0.0006460454314947128,0.99910968542099,
generation-for-nlp-1144,4,4,8.03125,0.00669116759672761,0.9992786049842834,0,,0.0,0,0.0003249069850426167,0.00013544138346333057,0.0002610700612422079,0.9992786049842834,
generation-for-nlp-1145,3,3,8.65625,0.0021961224265396595,0.9997817873954773,0,,0.0,0,1.618431087990757e-05,2.796398075588513e-05,0.9997817873954773,0.0001739977451507002,
generation-for-nlp-1146,4,4,7.859375,0.005550990346819162,0.9994041919708252,0,,0.0,0,0.00011229896335862577,9.756702638696879e-05,0.00038588506868109107,0.9994041919708252,
generation-for-nlp-1147,2,2,7.15625,0.01673136278986931,0.9979826211929321,0,,0.0,0,0.0006869360222481191,0.9979826211929321,0.0005519685801118612,0.0007784005720168352,
generation-for-nlp-1148,3,3,5.796875,0.03144567087292671,0.9955893754959106,0,,0.0,0,0.00010674739314708859,0.0012802878627553582,0.9955893754959106,0.003023635596036911,
generation-for-nlp-1149,4,4,9.53125,0.0014841449446976185,0.9998618364334106,0,,0.0,0,7.253886724356562e-05,7.295424438780174e-06,5.8286608691560104e-05,0.9998618364334106,
generation-for-nlp-1150,2,2,8.9375,0.0020716870203614235,0.9998006224632263,0,,0.0,0,4.2640778701752424e-05,0.9998006224632263,2.546197356423363e-05,0.0001313428656430915,
generation-for-nlp-1152,1,1,11.015625,0.00029202119912952185,0.999976634979248,0,,0.0,0,0.999976634979248,4.42540704170824e-06,2.561228939157445e-06,1.6442381820525043e-05,
generation-for-nlp-1153,1,1,5.84375,0.024082180112600327,0.9966464638710022,0,,0.0,0,0.9966464638710022,0.0028882366605103016,0.00013092851440887898,0.00033433764474466443,
generation-for-nlp-1155,2,2,9.375,0.001254045171663165,0.9998841285705566,0,,0.0,0,1.862993485701736e-05,0.9998841285705566,1.241021163878031e-05,8.48084018798545e-05,
generation-for-nlp-1157,4,4,9.375,0.0016173840267583728,0.9998480081558228,0,,0.0,0,5.920367402723059e-05,8.012345460883807e-06,8.480533870169893e-05,0.9998480081558228,
generation-for-nlp-1158,3,3,8.28125,0.002705848077312112,0.9997174143791199,0,,0.0,0,1.0286711585649755e-05,1.921810871863272e-05,0.9997174143791199,0.0002531489299144596,
generation-for-nlp-1159,4,4,11.03125,0.00036583200562745333,0.9999703168869019,0,,0.0,0,1.618736314412672e-05,2.36873461290088e-06,1.1125401215394959e-05,0.9999703168869019,
generation-for-nlp-1160,3,3,6.015625,0.029758958145976067,0.9959981441497803,0,,0.0,0,0.0010618317173793912,0.0005094723892398179,0.9959981441497803,0.002430556807667017,
generation-for-nlp-1161,1,1,10.375,0.000490968581289053,0.9999585151672363,0,,0.0,0,0.9999585151672363,5.77171340410132e-06,4.565801191347418e-06,3.1201590900309384e-05,
generation-for-nlp-1162,2,2,9.359375,0.0015837769024074078,0.9998528957366943,0,,0.0,0,2.144225436495617e-05,0.9998528957366943,3.943834235542454e-05,8.61412554513663e-05,
generation-for-nlp-1163,3,3,9.1875,0.0014281654730439186,0.9998654127120972,0,,0.0,0,9.81710218184162e-06,2.2471571355708875e-05,0.9998654127120972,0.00010229655163129792,
generation-for-nlp-1164,2,2,4.921875,0.060453932732343674,0.9904404878616333,0,,0.0,0,0.007215812336653471,0.9904404878616333,0.0004612914635799825,0.001882357057183981,
generation-for-nlp-1165,2,2,9.453125,0.0014360789209604263,0.9998667240142822,0,,0.0,0,4.610872929333709e-05,0.9998667240142822,8.66357277118368e-06,7.843358616810292e-05,
generation-for-nlp-1166,1,1,9.578125,0.0013624010607600212,0.9998756647109985,0,,0.0,0,0.9998756647109985,3.7633184547303244e-05,1.7501057300250977e-05,6.92180183250457e-05,
generation-for-nlp-1167,1,1,12.75,8.568337943870574e-05,0.9999939203262329,0,,0.0,0,0.9999939203262329,1.8448158698447514e-06,1.3496961628334248e-06,2.9023028673691442e-06,
generation-for-nlp-1169,4,4,9.28125,0.0015489044599235058,0.9998540878295898,0,,0.0,0,9.314101771451533e-05,5.954305834166007e-06,4.6834247768856585e-05,0.9998540878295898,
generation-for-nlp-1170,4,4,8.328125,0.002982272068038583,0.9996918439865112,0,,0.0,0,0.00024155020946636796,6.538464276673039e-06,6.01266001467593e-05,0.9996918439865112,
generation-for-nlp-1171,1,1,10.671875,0.0004683106089942157,0.9999613761901855,0,,0.0,0,0.9999613761901855,8.530064405931626e-06,6.962035968172131e-06,2.3187121769296937e-05,
generation-for-nlp-1172,2,2,8.734375,0.003086127107962966,0.9996939897537231,0,,0.0,0,0.0001609074679436162,0.9996939897537231,4.7564160922775045e-05,9.759531531017274e-05,
generation-for-nlp-1173,2,2,8.578125,0.00396810844540596,0.9995978474617004,0,,0.0,0,0.00012928036449011415,0.9995978474617004,8.478412200929597e-05,0.00018810179608408362,
generation-for-nlp-1174,1,1,8.28125,0.005151747260242701,0.999457061290741,0,,0.0,0,0.999457061290741,6.299733649939299e-05,0.00022686211741529405,0.00025308298063464463,
generation-for-nlp-1175,1,1,7.75,0.007237286306917667,0.999204695224762,0,,0.0,0,0.999204695224762,0.0004303999594412744,0.00010383881453890353,0.00026105076540261507,
generation-for-nlp-1176,4,4,7.015625,0.013481298461556435,0.9983742237091064,0,,0.0,0,0.0006257077329792082,0.00010375252168159932,0.0008962850552052259,0.9983742237091064,
generation-for-nlp-1177,2,2,9.609375,0.0008348013507202268,0.999923586845398,0,,0.0,0,3.966698386648204e-06,0.999923586845398,5.296237304719398e-06,6.709161243634298e-05,
generation-for-nlp-1178,3,3,9.640625,0.0008583409362472594,0.9999221563339233,0,,0.0,0,4.565635208564345e-06,8.332139259437099e-06,0.9999221563339233,6.502733594970778e-05,
generation-for-nlp-1180,1,1,8.5,0.004103934392333031,0.9995806813240051,0,,0.0,0,0.9995806813240051,6.706860585836694e-05,0.00020338305330369622,0.00014879820810165256,
generation-for-nlp-1181,1,1,9.828125,0.0010143667459487915,0.9999097585678101,0,,0.0,0,0.9999097585678101,1.1299916877760552e-05,5.390888327383436e-05,2.5069959519896656e-05,
generation-for-nlp-1182,4,4,6.375,0.01642022654414177,0.9978850483894348,0,,0.0,0,0.0017000169027596712,0.00010533475142437965,0.00030959604191593826,0.9978850483894348,
generation-for-nlp-1183,1,1,12.96875,7.503722736146301e-05,0.9999947547912598,0,,0.0,0,0.9999947547912598,2.123371814377606e-06,8.44618909923156e-07,2.3320676518778782e-06,
generation-for-nlp-1184,4,4,9.28125,0.0015891068615019321,0.999850869178772,0,,0.0,0,4.5393160689854994e-05,1.0614664461172651e-05,9.314071940025315e-05,0.999850869178772,
generation-for-nlp-1185,3,3,9.078125,0.0014472639886662364,0.9998617172241211,0,,0.0,0,1.0698031474021263e-05,1.3418338312476408e-05,0.9998617172241211,0.0001141196335083805,
generation-for-nlp-1186,4,4,6.71875,0.017358243465423584,0.997832715511322,0,,0.0,0,0.0012054292019456625,0.00014623513561673462,0.0008156341500580311,0.997832715511322,
generation-for-nlp-1187,2,2,8.5,0.00355140445753932,0.9996402263641357,0,,0.0,0,0.00011232548422412947,0.9996402263641357,4.398728924570605e-05,0.00020339517504908144,
generation-for-nlp-1188,2,2,8.625,0.002901853295043111,0.9997114539146423,0,,0.0,0,7.140351226553321e-05,0.9997114539146423,3.7627003621309996e-05,0.00017950839537661523,
generation-for-nlp-1189,2,2,8.9375,0.0024960653390735388,0.9997550845146179,0,,0.0,0,9.760128159541637e-05,0.9997550845146179,1.5932972019072622e-05,0.00013133688480593264,
generation-for-nlp-1191,4,4,5.71875,0.039723850786685944,0.9943156838417053,0,,0.0,0,0.002175056841224432,0.00024403462884947658,0.003265146631747484,0.9943156838417053,
generation-for-nlp-1192,2,2,9.0625,0.0017236024141311646,0.9998358488082886,0,,0.0,0,3.218809069949202e-05,0.9998358488082886,1.5934259863570333e-05,0.0001159137609647587,
generation-for-nlp-1194,4,4,6.546875,0.01621725782752037,0.9979686141014099,0,,0.0,0,0.0004232030769344419,0.00017641727754380554,0.0014316774904727936,0.9979686141014099,
generation-for-nlp-1195,3,3,6.390625,0.014014547690749168,0.9981681108474731,0,,0.0,0,5.552326183533296e-05,0.0001021228963509202,0.9981681108474731,0.0016741352155804634,
generation-for-nlp-1196,4,4,7.8125,0.0045371288433671,0.9995050430297852,0,,0.0,0,7.599294622195885e-05,1.4503505553875584e-05,0.0004044448724016547,0.9995050430297852,
generation-for-nlp-1199,4,4,7.859375,0.0053118132054805756,0.9994264841079712,0,,0.0,0,0.00014877525973133743,3.881034717778675e-05,0.00038589368341490626,0.9994264841079712,
generation-for-nlp-1200,4,4,9.8125,0.001334640895947814,0.9998781681060791,0,,0.0,0,5.475609577842988e-05,1.2217736184538808e-05,5.475609577842988e-05,0.9998781681060791,
generation-for-nlp-1201,3,3,7.234375,0.008388606831431389,0.9990302324295044,0,,0.0,0,0.0001879949850263074,6.1033035308355466e-05,0.9990302324295044,0.0007206584559753537,
generation-for-nlp-1202,1,1,13.578125,3.719909364008345e-05,0.9999974966049194,0,,0.0,0,0.9999974966049194,7.690364327572752e-07,4.556390251764242e-07,1.267926677428477e-06,
generation-for-nlp-1203,3,3,7.8125,0.004273789469152689,0.9995328187942505,0,,0.0,0,4.262935908627696e-05,2.0136685634497553e-05,0.9995328187942505,0.000404456106480211,
generation-for-nlp-1204,3,3,4.40625,0.09549558907747269,0.9836133718490601,0,,0.0,0,0.003385013435035944,0.0010006080847233534,0.9836133718490601,0.0120009146630764,
generation-for-nlp-1205,1,1,10.9375,0.0004289164789952338,0.9999649524688721,0,,0.0,0,0.9999649524688721,1.2218796655361075e-05,5.0145845307270065e-06,1.7778245819499716e-05,
generation-for-nlp-1207,2,2,8.484375,0.0033711621072143316,0.9996602535247803,0,,0.0,0,0.0002066023153020069,0.9996602535247803,5.474416320794262e-05,7.841738988645375e-05,
generation-for-nlp-1208,4,4,10.578125,0.0005927316378802061,0.9999498128890991,0,,0.0,0,2.5465773433097638e-05,4.494976110436255e-06,2.0145085727563128e-05,0.9999498128890991,
generation-for-nlp-1209,1,1,2.75,0.37169748544692993,0.9126843810081482,0,,0.0,0,0.9126843810081482,0.015950897708535194,0.05834595859050751,0.013018743135035038,
generation-for-nlp-1210,2,2,9.625,0.0009225981193594635,0.9999164342880249,0,,0.0,0,9.817603313422296e-06,0.9999164342880249,7.645956429769285e-06,6.605098315048963e-05,
generation-for-nlp-1211,3,3,8.90625,0.001997011248022318,0.9998067021369934,0,,0.0,0,4.331253876443952e-05,1.4507882951875217e-05,0.9998067021369934,0.00013551294978242368,
generation-for-nlp-1212,1,1,10.703125,0.0005164113244973123,0.9999572038650513,0,,0.0,0,0.9999572038650513,9.818003491091076e-06,1.0451209163875319e-05,2.2473634089692496e-05,
generation-for-nlp-1213,4,4,5.453125,0.04624663665890694,0.9932364821434021,0,,0.0,0,0.002009415300562978,0.0005001830286346376,0.004253932274878025,0.9932364821434021,
generation-for-nlp-1214,1,1,9.640625,0.0010710261994972825,0.9999033212661743,0,,0.0,0,0.9999033212661743,2.2472424461739138e-05,9.222663720720448e-06,6.50261135888286e-05,
generation-for-nlp-1215,1,1,10.234375,0.000837307539768517,0.9999275207519531,0,,0.0,0,0.9999275207519531,2.355146898480598e-05,1.3006355402467307e-05,3.591170025174506e-05,
generation-for-nlp-1216,3,3,8.828125,0.0023224973119795322,0.9997732043266296,0,,0.0,0,6.013149322825484e-05,2.0141527784289792e-05,0.9997732043266296,0.0001465195236960426,
generation-for-nlp-1217,3,3,9.40625,0.0012720371596515179,0.9998824596405029,0,,0.0,0,2.6686107958084904e-05,8.596289262641221e-06,0.9998824596405029,8.219898882089183e-05,
generation-for-nlp-1218,1,1,9.546875,0.001671220874413848,0.999845027923584,0,,0.0,0,0.999845027923584,2.429706546536181e-05,7.14130510459654e-05,5.920349576626904e-05,
generation-for-nlp-1219,2,2,9.5625,0.0011698328889906406,0.9998936653137207,0,,0.0,0,2.3550670448457822e-05,0.9998936653137207,1.2410329873091541e-05,7.030931010376662e-05,
generation-for-nlp-1220,1,1,11.1875,0.00032863017986528575,0.9999737739562988,0,,0.0,0,0.9999737739562988,1.3845833564118948e-05,3.844849288725527e-06,8.530169907317031e-06,
generation-for-nlp-1221,1,1,5.515625,0.05565377324819565,0.9917471408843994,0,,0.0,0,0.9917471408843994,0.0008495641523040831,0.003413005033507943,0.0039902073331177235,
generation-for-nlp-1223,3,3,5.921875,0.0235123373568058,0.996769905090332,0,,0.0,0,0.00010855698928935453,0.00044995619100518525,0.996769905090332,0.0026715127751231194,
generation-for-nlp-1224,4,4,7.34375,0.010867485776543617,0.9987377524375916,0,,0.0,0,0.0006458049174398184,0.0001213431460200809,0.0004951558075845242,0.9987377524375916,
generation-for-nlp-1226,1,1,10.390625,0.0007775547564961016,0.9999333620071411,0,,0.0,0,0.9999333620071411,1.8342007024330087e-05,1.7502066839369945e-05,3.07170812448021e-05,
generation-for-nlp-1227,3,3,9.546875,0.0009494188125245273,0.999913215637207,0,,0.0,0,7.586430911032949e-06,7.766338057990652e-06,0.999913215637207,7.141791866160929e-05,
generation-for-nlp-1228,2,2,7.265625,0.008211156353354454,0.9990575909614563,0,,0.0,0,9.753318590810522e-05,0.9990575909614563,0.00014641464804299176,0.0006985052605159581,
generation-for-nlp-1229,2,2,8.53125,0.0032177313696593046,0.9996753931045532,0,,0.0,0,9.913037501974031e-05,0.9996753931045532,2.840132947312668e-05,0.00019714429799932986,
generation-for-nlp-1230,1,1,9.671875,0.0017913829069584608,0.9998339414596558,0,,0.0,0,0.9998339414596558,6.302109977696091e-05,4.198110036668368e-05,6.108213710831478e-05,
generation-for-nlp-1231,2,2,7.21875,0.007579721510410309,0.9991174340248108,0,,0.0,0,0.00011052620538976043,0.9991174340248108,4.002993227913976e-05,0.0007320710574276745,
generation-for-nlp-1232,3,3,8.171875,0.0032395629677921534,0.999660849571228,0,,0.0,0,2.2466974769486114e-05,3.4258042433066294e-05,0.999660849571228,0.0002823920513037592,
generation-for-nlp-1233,4,4,4.015625,0.10654884576797485,0.9798722863197327,0,,0.0,0,0.017668744549155235,0.00014137662947177887,0.002317634876817465,0.9798722863197327,
generation-for-nlp-1234,3,3,6.09375,0.020347269251942635,0.9972789883613586,0,,0.0,0,0.00016561418306082487,0.000304611079627648,0.9972789883613586,0.002250788500532508,
generation-for-nlp-1235,1,1,10.53125,0.0004780409508384764,0.99996018409729,0,,0.0,0,0.99996018409729,7.411039860016899e-06,5.771723408543039e-06,2.6688181606004946e-05,
generation-for-nlp-1236,1,1,11.34375,0.0003306737053208053,0.9999737739562988,0,,0.0,0,0.9999737739562988,8.800947398412973e-06,5.5942223298188765e-06,1.1842967978736851e-05,
generation-for-nlp-1237,1,1,7.796875,0.008513408713042736,0.9990585446357727,0,,0.0,0,0.9990585446357727,0.00027784646954387426,0.00025298207765445113,0.00041063042590394616,
generation-for-nlp-1238,2,2,6.328125,0.026110321283340454,0.9965636134147644,0,,0.0,0,0.001343043171800673,0.9965636134147644,0.00031405503978021443,0.0017792428843677044,
generation-for-nlp-1239,2,2,7.6875,0.006483256816864014,0.9992877840995789,0,,0.0,0,0.0001880434574559331,0.9992877840995789,6.600945926038548e-05,0.0004581964749377221,
generation-for-nlp-1240,4,4,4.75,0.0561668798327446,0.9906458854675293,0,,0.0,0,0.00857076607644558,0.00021794383064843714,0.0005653032567352057,0.9906458854675293,
generation-for-nlp-1241,3,3,9.453125,0.0011767756659537554,0.9998921155929565,0,,0.0,0,1.6440992112620734e-05,1.3005894288653508e-05,0.9998921155929565,7.84355797804892e-05,
generation-for-nlp-1243,1,1,7.09375,0.014331739395856857,0.9982958436012268,0,,0.0,0,0.9982958436012268,0.0003401646972633898,0.0005351541913114488,0.0008288630633614957,
generation-for-nlp-1244,2,2,8.390625,0.004256223328411579,0.9995598196983337,0,,0.0,0,0.00016860695905052125,0.9995598196983337,4.4676395191345364e-05,0.00022688544413540512,
generation-for-nlp-1245,1,1,10.4375,0.0007166360737755895,0.99993896484375,0,,0.0,0,0.99993896484375,1.618685564608313e-05,1.544560473121237e-05,2.9310607715160586e-05,
generation-for-nlp-1246,3,3,9.1875,0.0013900434132665396,0.9998688697814941,0,,0.0,0,8.397040801355615e-06,2.0460669475141913e-05,0.9998688697814941,0.0001022969008772634,
generation-for-nlp-1247,4,4,7.5625,0.006914861500263214,0.9992311000823975,0,,0.0,0,0.0005191751988604665,7.0262722147163e-05,0.00017942213162314147,0.9992311000823975,
generation-for-nlp-1248,2,2,10.46875,0.0005212066462263465,0.9999563694000244,0,,0.0,0,7.64626201998908e-06,0.9999563694000244,7.64626201998908e-06,2.8409313017618842e-05,
generation-for-nlp-1249,4,4,10.125,0.0008467824663966894,0.9999260902404785,0,,0.0,0,2.586618938948959e-05,8.012971193238627e-06,4.0062332118395716e-05,0.9999260902404785,
generation-for-nlp-1250,3,3,8.078125,0.004471607971936464,0.9995237588882446,0,,0.0,0,0.00031010445673018694,1.260110002476722e-05,0.9995237588882446,0.00015351282490883023,
generation-for-nlp-1251,3,3,5.84375,0.04011577367782593,0.9943458437919617,0,,0.0,0,0.002881569555029273,0.0004929783754050732,0.9943458437919617,0.0022795090917497873,
generation-for-nlp-1254,3,3,5.828125,0.03850258141756058,0.994517982006073,0,,0.0,0,0.0023522754199802876,0.00020235295232851058,0.994517982006073,0.002927454188466072,
generation-for-nlp-1255,3,3,5.28125,0.06515876948833466,0.9900808930397034,0,,0.0,0,0.0011412928579375148,0.0037421551533043385,0.9900808930397034,0.005035619717091322,
generation-for-nlp-1256,1,1,11.25,0.00033862009877339005,0.9999730587005615,0,,0.0,0,0.9999730587005615,6.96211736794794e-06,6.96211736794794e-06,1.3006947483518161e-05,
generation-for-nlp-1257,1,1,9.984375,0.0011348985135555267,0.9998981952667236,0,,0.0,0,0.9998981952667236,4.611018084688112e-05,1.0952127922791988e-05,4.4691518269246444e-05,
generation-for-nlp-1258,2,2,7.453125,0.010807709768414497,0.9987655878067017,0,,0.0,0,0.0003456840931903571,0.9987655878067017,0.0003098692395724356,0.0005789119750261307,
generation-for-nlp-1260,2,2,8.609375,0.0036121848970651627,0.9996358156204224,0,,0.0,0,0.00012530757521744817,0.9996358156204224,5.648054866469465e-05,0.00018232144066132605,
generation-for-nlp-1261,4,4,8.390625,0.003534954506903887,0.9996367692947388,0,,0.0,0,0.00022690290643367916,1.862532735685818e-05,0.00011771568097174168,0.9996367692947388,
generation-for-nlp-1262,1,1,12.0,0.00016654343926347792,0.9999874830245972,0,,0.0,0,0.9999874830245972,4.029422598250676e-06,2.3320508262258954e-06,6.144135568320053e-06,
generation-for-nlp-1263,3,3,8.015625,0.004247419070452452,0.9995514750480652,0,,0.0,0,6.106487853685394e-05,5.736515231546946e-05,0.9995514750480652,0.00033011363120749593,
generation-for-nlp-1264,1,1,9.625,0.0011933615896850824,0.9998921155929565,0,,0.0,0,0.9998921155929565,2.282605601067189e-05,1.8923465177067555e-05,6.604938243981451e-05,
generation-for-nlp-1265,1,1,13.1875,5.261802289169282e-05,0.9999964237213135,0,,0.0,0,0.9999964237213135,1.0348504702051287e-06,7.112416255949938e-07,1.8738721792033175e-06,
generation-for-nlp-1266,2,2,5.171875,0.05026565119624138,0.992377519607544,0,,0.0,0,0.0056306710466742516,0.992377519607544,0.0004997504875063896,0.0014919792301952839,
generation-for-nlp-1267,2,2,8.78125,0.0038088662549853325,0.9996165037155151,0,,0.0,0,0.00015352708578575402,0.9996165037155151,8.347122638951987e-05,0.00014649656077381223,
generation-for-nlp-1268,1,1,12.203125,0.00014626617485191673,0.9999891519546509,0,,0.0,0,0.9999891519546509,2.332054691578378e-06,3.500828825053759e-06,5.014705493522342e-06,
generation-for-nlp-1269,3,3,10.09375,0.0006020368309691548,0.9999476671218872,0,,0.0,0,3.583699935916229e-06,7.410947091557318e-06,0.9999476671218872,4.133494076086208e-05,
generation-for-nlp-1270,2,2,8.375,0.00400879792869091,0.9995896220207214,0,,0.0,0,0.00011588521010708064,0.9995896220207214,6.399788981070742e-05,0.00023046524438541383,
generation-for-nlp-1271,4,4,8.796875,0.0027764784172177315,0.9997232556343079,0,,0.0,0,0.000151163010741584,1.3208476957515813e-05,0.00011233481200179085,0.9997232556343079,
generation-for-nlp-1272,3,3,8.265625,0.0033297098707407713,0.9996556043624878,0,,0.0,0,6.92027824698016e-05,1.8052624000119977e-05,0.9996556043624878,0.0002571195363998413,
generation-for-nlp-1274,1,1,11.765625,0.0002716733142733574,0.9999788999557495,0,,0.0,0,0.9999788999557495,5.9550493460847065e-06,7.4111785579589196e-06,7.766848284518346e-06,
generation-for-nlp-1275,2,2,9.625,0.0012256645131856203,0.9998890161514282,0,,0.0,0,2.9770697437925264e-05,0.9998890161514282,1.5205383533611894e-05,6.604917871300131e-05,
generation-for-nlp-1276,1,1,11.421875,0.0002032268384937197,0.9999842643737793,0,,0.0,0,0.9999842643737793,2.769369984889636e-06,2.0580212094500894e-06,1.0953070159303024e-05,
generation-for-nlp-1278,2,2,9.1875,0.00135915563441813,0.9998718500137329,0,,0.0,0,1.3844422028341796e-05,0.9998718500137329,1.2028242053929716e-05,0.00010229720646748319,
generation-for-nlp-1280,1,1,11.328125,0.000326816167216748,0.9999741315841675,0,,0.0,0,0.9999741315841675,6.339086667139782e-06,7.527851721533807e-06,1.2029472600261215e-05,
generation-for-nlp-1281,4,4,8.953125,0.0021929084323346615,0.9997866749763489,0,,0.0,0,0.00012930478260386735,1.1476450708869379e-05,7.253341027535498e-05,0.9997866749763489,
generation-for-nlp-1282,4,4,8.890625,0.0032395394518971443,0.9996777772903442,0,,0.0,0,0.00013549548748414963,4.907321272185072e-05,0.00013762922026216984,0.9996777772903442,
generation-for-nlp-1283,4,4,7.890625,0.00481632724404335,0.9994837045669556,0,,0.0,0,9.757478983374313e-05,4.467299368116073e-05,0.00037404242902994156,0.9994837045669556,
generation-for-nlp-1284,1,1,7.8125,0.005456221289932728,0.9994117021560669,0,,0.0,0,0.9994117021560669,9.910422522807494e-05,8.476833318127319e-05,0.0004044070956297219,
generation-for-nlp-1285,3,3,6.828125,0.016074854880571365,0.9980403780937195,0,,0.0,0,0.00028193427715450525,0.0005968548939563334,0.9980403780937195,0.0010807645739987493,
generation-for-nlp-1287,3,3,8.953125,0.0020468144211918116,0.9998020529747009,0,,0.0,0,5.5614145821891725e-05,1.3004722859477624e-05,0.9998020529747009,0.00012930677621625364,
generation-for-nlp-1288,4,4,6.375,0.01909779943525791,0.9975433349609375,0,,0.0,0,0.0006154943839646876,0.0001416948507539928,0.0016994347097352147,0.9975433349609375,
generation-for-nlp-1289,2,2,9.15625,0.0021257810294628143,0.999795138835907,0,,0.0,0,8.61362786963582e-05,0.999795138835907,1.3209426469984464e-05,0.00010553637548582628,
generation-for-nlp-1290,2,2,7.734375,0.00836518406867981,0.9990625977516174,0,,0.0,0,0.00040426585474051535,0.9990625977516174,9.602155478205532e-05,0.0004371156101115048,
generation-for-nlp-1291,3,3,8.71875,0.0018629733240231872,0.9998142123222351,0,,0.0,0,4.9360965022060554e-06,1.7499980458524078e-05,0.9998142123222351,0.00016346103802789003,
generation-for-nlp-1293,3,3,8.21875,0.003646465949714184,0.99962317943573,0,,0.0,0,5.8272697060601786e-05,4.9070535169448704e-05,0.99962317943573,0.0002694502181839198,
generation-for-nlp-1294,3,3,6.078125,0.03176095336675644,0.9956466555595398,0,,0.0,0,0.0018340331735089421,0.00023684305779170245,0.9956466555595398,0.002282491186633706,
generation-for-nlp-1295,3,3,9.375,0.0010995527263730764,0.9998975992202759,0,,0.0,0,4.529994384938618e-06,1.3005966138734948e-05,0.9998975992202759,8.480954420519993e-05,
generation-for-nlp-1296,2,2,9.359375,0.0012540165334939957,0.9998838901519775,0,,0.0,0,1.644085750740487e-05,0.9998838901519775,1.3418635717243887e-05,8.614392572781071e-05,
generation-for-nlp-1297,1,1,10.359375,0.0008742330828681588,0.9999243021011353,0,,0.0,0,0.9999243021011353,3.16918631142471e-05,1.6441521438537166e-05,2.753436638158746e-05,
generation-for-nlp-1298,1,1,12.4375,0.00013059916091151536,0.9999904632568359,0,,0.0,0,0.9999904632568359,3.966963959101122e-06,1.9637896002677735e-06,3.668841827675351e-06,
generation-for-nlp-1299,3,3,7.15625,0.00826001726090908,0.9990355968475342,0,,0.0,0,8.607083873357624e-05,9.906692866934463e-05,0.9990355968475342,0.0007792218239046633,
generation-for-nlp-1302,3,3,10.109375,0.000578241772018373,0.9999496936798096,0,,0.0,0,3.6686922157969093e-06,5.862553280167049e-06,0.9999496936798096,4.069418355356902e-05,
generation-for-nlp-1303,1,1,8.828125,0.002283336827531457,0.9997780919075012,0,,0.0,0,0.9997780919075012,4.0056402212940156e-05,3.534965435392223e-05,0.0001465202367398888,
generation-for-nlp-1305,3,3,10.578125,0.0004011771234218031,0.9999666213989258,0,,0.0,0,3.212468300262117e-06,4.710773737315321e-06,0.9999666213989258,2.5466202714596875e-05,
generation-for-nlp-1306,1,1,10.25,0.0009627259569242597,0.9999157190322876,0,,0.0,0,0.9999157190322876,1.568847437738441e-05,3.3212498237844557e-05,3.535452196956612e-05,
generation-for-nlp-1308,3,3,6.4375,0.013285389170050621,0.9982703924179077,0,,0.0,0,6.698069046251476e-05,6.491992098744959e-05,0.9982703924179077,0.0015976347494870424,
generation-for-nlp-1309,1,1,9.609375,0.0014157744590193033,0.999870777130127,0,,0.0,0,0.999870777130127,2.144263817172032e-05,6.708806904498488e-05,4.0690974856261164e-05,
generation-for-nlp-1310,3,3,8.5625,0.002983484882861376,0.9996994733810425,0,,0.0,0,9.168282122118399e-05,1.7773525541997515e-05,0.9996994733810425,0.00019108338165096939,
generation-for-nlp-1311,1,1,11.5625,0.0001690475910436362,0.999987006187439,0,,0.0,0,0.999987006187439,1.8162021433454356e-06,1.6536708926651045e-06,9.51621859712759e-06,
generation-for-nlp-1313,1,1,4.765625,0.05284561216831207,0.991107165813446,0,,0.0,0,0.991107165813446,8.021438407013193e-05,0.00037090759724378586,0.008441817946732044,
generation-for-nlp-1314,1,1,10.828125,0.0005743397050537169,0.9999521970748901,0,,0.0,0,0.9999521970748901,1.5689047359046526e-05,1.2218641131767072e-05,1.9832812540698797e-05,
generation-for-nlp-1315,4,4,7.421875,0.009699033573269844,0.9988883137702942,0,,0.0,0,0.0005973619408905506,0.00010380594176240265,0.0004105604602955282,0.9988883137702942,
generation-for-nlp-1316,2,2,6.078125,0.03438194841146469,0.995347797870636,0,,0.0,0,0.0022818059660494328,0.995347797870636,0.0008264153730124235,0.0015439471462741494,
generation-for-nlp-1317,2,2,9.265625,0.0017404110403731465,0.9998369216918945,0,,0.0,0,4.3313848436810076e-05,0.9998369216918945,2.50681350735249e-05,9.46061554714106e-05,
generation-for-nlp-1318,3,3,8.078125,0.0037356684915721416,0.9996065497398376,0,,0.0,0,3.0230972697609104e-05,5.305701051838696e-05,0.9996065497398376,0.0003101301263086498,
generation-for-nlp-1319,3,3,7.875,0.004734392277896404,0.9994900226593018,0,,0.0,0,0.0001006727761705406,2.9297449145815335e-05,0.9994900226593018,0.0003799351106863469,
generation-for-nlp-1320,4,4,8.09375,0.005417151376605034,0.9994155168533325,0,,0.0,0,0.00030526367481797934,2.2113226805231534e-05,0.0002570577780716121,0.9994155168533325,
generation-for-nlp-1321,1,1,11.296875,0.0002736113965511322,0.9999784231185913,0,,0.0,0,0.9999784231185913,6.339113951980835e-06,2.8129647944297176e-06,1.2411382158461493e-05,
generation-for-nlp-1322,1,1,11.796875,0.0002327540423721075,0.9999821186065674,0,,0.0,0,0.9999821186065674,4.9369255066267215e-06,5.422151389211649e-06,7.527911748184124e-06,
generation-for-nlp-1323,2,2,9.9375,0.0008119454141706228,0.9999285936355591,0,,0.0,0,1.6441592379123904e-05,0.9999285936355591,6.643003416684223e-06,4.832452395930886e-05,
generation-for-nlp-1324,3,3,7.828125,0.005325227044522762,0.9994258880615234,0,,0.0,0,0.00011586622713366523,6.011060395394452e-05,0.9994258880615234,0.00039814296178519726,
generation-for-nlp-1325,3,3,7.828125,0.004036992322653532,0.9995571970939636,0,,0.0,0,1.8335107597522438e-05,2.6263829568051733e-05,0.9995571970939636,0.00039819529047235847,
generation-for-nlp-1326,2,2,10.109375,0.0008768815314397216,0.9999231100082397,0,,0.0,0,4.069310307386331e-05,0.9999231100082397,8.13913266028976e-06,2.796793523884844e-05,
generation-for-nlp-1327,1,1,8.625,0.0036260830238461494,0.9996351003646851,0,,0.0,0,0.9996351003646851,0.00012145217624492943,6.40008001937531e-05,0.0001794946874724701,
generation-for-nlp-1328,4,4,8.625,0.0036811293102800846,0.9996248483657837,0,,0.0,0,0.0001634300861041993,3.2181294955080375e-05,0.0001794928393792361,0.9996248483657837,
generation-for-nlp-1329,4,4,10.375,0.0007165893912315369,0.999937891960144,0,,0.0,0,3.120094697806053e-05,2.9478421765816165e-06,2.7968348149443045e-05,0.999937891960144,
generation-for-nlp-1332,2,2,11.1875,0.0002742540673352778,0.9999783039093018,0,,0.0,0,5.173832960281288e-06,0.9999783039093018,2.705201268327073e-06,1.384589631925337e-05,
generation-for-nlp-1333,1,1,10.90625,0.0003692404134199023,0.9999700784683228,0,,0.0,0,0.9999700784683228,6.540284175571287e-06,5.014609996578656e-06,1.83426800504094e-05,
generation-for-nlp-1334,2,2,9.625,0.0009405727032572031,0.9999148845672607,0,,0.0,0,1.2218185474921484e-05,0.9999148845672607,6.853780632809503e-06,6.605088128708303e-05,
generation-for-nlp-1335,4,4,6.203125,0.02385527268052101,0.9968487620353699,0,,0.0,0,0.0020167233888059855,0.00018181311315856874,0.0009526327485218644,0.9968487620353699,
generation-for-nlp-1336,4,4,5.8125,0.02873741090297699,0.996024489402771,0,,0.0,0,0.0029780594632029533,0.0002444540150463581,0.0007529713329859078,0.996024489402771,
generation-for-nlp-1337,3,3,7.6875,0.0050792088732123375,0.9994394183158875,0,,0.0,0,7.840006583137438e-05,2.391067027929239e-05,0.9994394183158875,0.0004582660039886832,
generation-for-nlp-1338,2,2,7.421875,0.008308901451528072,0.9990610480308533,0,,0.0,0,0.00023765525838825852,0.9990610480308533,0.00010382389154983684,0.000597465259488672,
generation-for-nlp-1339,4,4,9.71875,0.0010585648706182837,0.9999045133590698,0,,0.0,0,2.9309598176041618e-05,6.048377599654486e-06,6.013939491822384e-05,0.9999045133590698,
generation-for-nlp-1340,2,2,7.703125,0.008219502866268158,0.999087929725647,0,,0.0,0,0.00045100259012542665,0.999087929725647,0.00015106693899724633,0.00030996924033388495,
generation-for-nlp-1341,2,2,8.96875,0.0019515594467520714,0.99981290102005,0,,0.0,0,2.710446460696403e-05,0.99981290102005,3.269422086304985e-05,0.0001273034285986796,
generation-for-nlp-1342,4,4,9.84375,0.0008490451727993786,0.9999245405197144,0,,0.0,0,5.3073890740051866e-05,5.337781203706982e-06,1.696343497314956e-05,0.9999245405197144,
generation-for-nlp-1344,3,3,7.703125,0.004541831091046333,0.9994953870773315,0,,0.0,0,3.268383807153441e-05,2.0775114535354078e-05,0.9994953870773315,0.0004511865263339132,
generation-for-nlp-1347,1,1,6.4375,0.013779211789369583,0.998213529586792,0,,0.0,0,0.998213529586792,0.001597543596290052,3.315595677122474e-05,0.0001557259092805907,
generation-for-nlp-1348,3,3,6.453125,0.014509180560708046,0.9981441497802734,0,,0.0,0,0.00017101956473197788,0.00011215737322345376,0.9981441497802734,0.0015726665733382106,
generation-for-nlp-1349,2,2,8.265625,0.003843644866719842,0.9996041655540466,0,,0.0,0,8.885356510290876e-05,0.9996041655540466,4.98423287353944e-05,0.00025710632326081395,
generation-for-nlp-1351,4,4,8.234375,0.004921638872474432,0.9994823932647705,0,,0.0,0,0.00026523543056100607,5.222795516601764e-05,0.00020021021191496402,0.9994823932647705,
generation-for-nlp-1352,2,2,7.5625,0.009092320688068867,0.9989755153656006,0,,0.0,0,0.000519042368978262,0.9989755153656006,0.00014870813174638897,0.0003567322564776987,
generation-for-nlp-1353,3,3,7.515625,0.00549333356320858,0.9993788003921509,0,,0.0,0,3.3717402402544394e-05,4.329400326241739e-05,0.9993788003921509,0.0005441713146865368,
generation-for-nlp-1354,4,4,6.625,0.01446502935141325,0.9981986880302429,0,,0.0,0,0.00037944421637803316,9.744933777255937e-05,0.0013243904104456306,0.9981986880302429,
generation-for-nlp-1355,1,1,7.53125,0.009528905153274536,0.9989249110221863,0,,0.0,0,0.9989249110221863,0.00020970146579202265,0.0003299066738691181,0.0005354914464987814,
generation-for-nlp-1356,1,1,1.484375,0.5957047939300537,0.7937571406364441,0,,0.0,0,0.7937571406364441,0.0023732909467071295,0.17990025877952576,0.023969389498233795,
generation-for-nlp-1357,2,2,6.890625,0.011085005477070808,0.9986668825149536,0,,0.0,0,0.00021970845409668982,0.9986668825149536,9.749504533829167e-05,0.0010159217054024339,
generation-for-nlp-1358,3,3,5.90625,0.03127719461917877,0.9957423806190491,0,,0.0,0,0.0010129467118531466,0.0005337853799574077,0.9957423806190491,0.0027107857167720795,
generation-for-nlp-1359,2,2,4.625,0.1473315954208374,0.9743580222129822,0,,0.0,0,0.00817049015313387,0.9743580222129822,0.009552271105349064,0.007919110357761383,
generation-for-nlp-1360,3,3,4.859375,0.061850495636463165,0.9901484251022339,0,,0.0,0,0.00151207041926682,0.0006605747039429843,0.9901484251022339,0.0076789273880422115,
generation-for-nlp-1361,4,4,10.265625,0.0007798061706125736,0.9999322891235352,0,,0.0,0,3.480697705526836e-05,6.143796326796291e-06,2.6687437639338896e-05,0.9999322891235352,
generation-for-nlp-1362,3,3,9.953125,0.0007104574469849467,0.9999376535415649,0,,0.0,0,5.594020421995083e-06,9.222980224876665e-06,0.9999376535415649,4.7575755161233246e-05,
generation-for-nlp-1365,3,3,9.578125,0.0010938741033896804,0.9999006986618042,0,,0.0,0,1.0450618901813868e-05,1.952432830876205e-05,0.9999006986618042,6.921975000295788e-05,
generation-for-nlp-1366,1,1,11.46875,0.00025072411517612636,0.9999804496765137,0,,0.0,0,0.9999804496765137,5.507528385351179e-06,3.555927605702891e-06,1.0451451998960692e-05,
generation-for-nlp-1367,2,2,2.921875,0.24880577623844147,0.9418668150901794,0,,0.0,0,0.05070319399237633,0.9418668150901794,0.002564116148278117,0.004865837749093771,
generation-for-nlp-1368,2,2,8.546875,0.004452016204595566,0.9995443224906921,0,,0.0,0,0.00014197907876223326,0.9995443224906921,0.00011955837544519454,0.00019406240608077496,
generation-for-nlp-1369,2,2,8.515625,0.004583684727549553,0.9995282888412476,0,,0.0,0,0.0001739536237437278,0.9995282888412476,9.757914085639641e-05,0.00020021939417347312,
generation-for-nlp-1371,2,2,10.53125,0.00047244681627489626,0.9999605417251587,0,,0.0,0,8.397811143368017e-06,0.9999605417251587,4.3567270040512085e-06,2.6688190700951964e-05,
generation-for-nlp-1372,2,2,9.0625,0.002347441390156746,0.9997734427452087,0,,0.0,0,8.219002484111115e-05,0.9997734427452087,2.840411434590351e-05,0.00011590652138693258,
generation-for-nlp-1373,2,2,6.96875,0.0142471669241786,0.9982523322105408,0,,0.0,0,0.0007546555134467781,0.9982523322105408,5.381952360039577e-05,0.0009391840430907905,
generation-for-nlp-1374,1,1,9.28125,0.0017790657002478838,0.9998334646224976,0,,0.0,0,0.9998334646224976,4.005862138001248e-05,3.320976611576043e-05,9.313909686170518e-05,
generation-for-nlp-1375,4,4,5.40625,0.036191873252391815,0.9946558475494385,0,,0.0,0,0.004464453551918268,0.00023660734586883336,0.0006431654328480363,0.9946558475494385,
generation-for-nlp-1377,3,3,5.984375,0.019529612734913826,0.9972904920578003,0,,0.0,0,0.00016052060527727008,3.812698560068384e-05,0.9972904920578003,0.0025109651032835245,
generation-for-nlp-1379,3,3,9.9375,0.000642743892967701,0.9999431371688843,0,,0.0,0,4.222611096338369e-06,4.32274737249827e-06,0.9999431371688843,4.832522972719744e-05,
generation-for-nlp-1380,2,2,11.234375,0.0003851876244880259,0.9999696016311646,0,,0.0,0,8.013319529709406e-06,0.9999696016311646,2.9479356271622237e-06,1.3211731129558757e-05,6.240780294319848e-06
generation-for-nlp-1383,1,1,13.65625,5.1956485549453646e-05,0.9999964237213135,0,,0.0,0,0.9999964237213135,1.0511470236451714e-06,6.681497097815736e-07,1.1726392585842405e-06,5.850514526173356e-07
generation-for-nlp-1384,1,1,9.46875,0.001807288033887744,0.9998347759246826,0,,0.0,0,0.9998347759246826,1.4061918591323774e-05,4.0689508750801906e-05,7.721512520220131e-05,3.3209809771506116e-05
generation-for-nlp-1386,1,1,13.09375,5.750148557126522e-05,0.9999960660934448,0,,0.0,0,0.9999960660934448,8.512445219821529e-07,4.181172528205934e-07,2.0580453110596864e-06,5.989253395455307e-07
generation-for-nlp-1388,1,1,14.5390625,2.1168421881156974e-05,0.9999985694885254,0,,0.0,0,0.9999985694885254,4.850256800636998e-07,1.8699405757161003e-07,4.701030320575228e-07,1.8993880246398476e-07
generation-for-nlp-1389,1,1,14.09375,2.7483894882607274e-05,0.9999982118606567,0,,0.0,0,0.9999982118606567,7.571141509288282e-07,1.6373741118513863e-07,6.276696922213887e-07,2.2910984398549772e-07
generation-for-nlp-1390,5,5,8.90625,0.003022607648745179,0.9997082352638245,0,,0.0,0,7.720534631516784e-05,2.246803887828719e-05,5.648464139085263e-05,0.0001354996202280745,0.9997082352638245
generation-for-nlp-1391,3,3,7.390625,0.010536850430071354,0.9987916350364685,0,,0.0,0,3.878569259541109e-05,8.08363183750771e-05,0.9987916350364685,0.0006162645877338946,0.00047250647912733257
generation-for-nlp-1392,1,1,14.2421875,2.099225457641296e-05,0.9999986886978149,0,,0.0,0,0.9999986886978149,3.281848535152676e-07,1.929299173752952e-07,6.5267352056253e-07,1.599445198507965e-07
generation-for-nlp-1394,1,1,13.765625,3.775879667955451e-05,0.9999974966049194,0,,0.0,0,0.9999974966049194,1.0511481605135486e-06,2.0218858765019831e-07,9.797777238418348e-07,2.7207445896237914e-07
generation-for-nlp-1396,1,1,13.109375,8.679641177877784e-05,0.9999939203262329,0,,0.0,0,0.9999939203262329,1.5534908470726805e-06,1.154456299445883e-06,2.026134097832255e-06,1.2979901384824188e-06
generation-for-nlp-1397,1,1,12.375,0.00011158192501170561,0.9999920129776001,0,,0.0,0,0.9999920129776001,4.222817551635671e-06,1.2004422842437634e-06,1.788053509699239e-06,8.059387823777797e-07
generation-for-nlp-1398,1,1,14.4453125,1.7736343579599634e-05,0.999998927116394,0,,0.0,0,0.999998927116394,3.520910638599162e-07,9.329483674491712e-08,5.326967311702901e-07,1.4115056501395884e-07
generation-for-nlp-1399,1,1,14.2890625,2.2181946405908093e-05,0.9999985694885254,0,,0.0,0,0.9999985694885254,4.084325837538927e-07,1.784309802133066e-07,6.22785307768936e-07,1.9905415626908507e-07
generation-for-nlp-1400,1,1,13.9375,3.750195901375264e-05,0.9999974966049194,0,,0.0,0,0.9999974966049194,8.851554866851075e-07,3.576351161882485e-07,8.714324621905689e-07,3.493505289497989e-07
generation-for-nlp-1401,1,1,13.5,4.5558990677818656e-05,0.9999970197677612,0,,0.0,0,0.9999970197677612,1.3709550330531783e-06,3.747982475488243e-07,9.349101333100407e-07,3.747982475488243e-07
generation-for-nlp-1402,1,1,13.8828125,3.3627424272708595e-05,0.9999977350234985,0,,0.0,0,0.9999977350234985,5.714994699701492e-07,3.7479850334420917e-07,9.34910815431067e-07,3.083008550675004e-07
generation-for-nlp-1405,1,1,13.640625,4.4420536141842604e-05,0.9999970197677612,0,,0.0,0,0.9999970197677612,9.349101333100407e-07,4.416202727952623e-07,1.191106434816902e-06,3.897285125731287e-07
generation-for-nlp-1406,1,1,13.90625,3.3195861760759726e-05,0.9999977350234985,0,,0.0,0,0.9999977350234985,9.132535865319369e-07,2.0377441956043185e-07,8.446214110335859e-07,2.1355376134124526e-07
generation-for-nlp-1407,3,3,9.53125,0.0011577128898352385,0.9998953342437744,0,,0.0,0,3.4732590847852407e-06,9.441297152079642e-06,0.9998953342437744,7.254129013745114e-05,1.9221528418711387e-05
generation-for-nlp-1408,2,2,11.203125,0.0003004699246957898,0.9999765157699585,0,,0.0,0,4.222752068017144e-06,0.9999765157699585,1.3184076124161948e-06,1.3631211004394572e-05,4.390967660583556e-06
generation-for-nlp-1409,1,1,13.4296875,5.1927003369200975e-05,0.9999964237213135,0,,0.0,0,0.9999964237213135,1.0267973493682803e-06,6.629500717281189e-07,1.470819142923574e-06,3.359668028224405e-07
generation-for-nlp-1410,2,2,8.921875,0.0030228837858885527,0.9997054934501648,0,,0.0,0,1.568517654959578e-05,0.9997054934501648,3.479908264125697e-05,0.00013339852739591151,0.00011059125972678885
generation-for-nlp-1411,2,2,11.078125,0.00043629895662888885,0.9999651908874512,0,,0.0,0,3.8148955354699865e-06,0.9999651908874512,7.88904981163796e-06,7.646329322597012e-06,1.5446008546859957e-05
generation-for-nlp-1412,1,1,14.2421875,2.7399473765399307e-05,0.9999982118606567,0,,0.0,0,0.9999982118606567,6.526731795020169e-07,1.914284553095058e-07,4.556393378152279e-07,4.5921294145045977e-07
generation-for-nlp-1413,1,1,12.78125,6.917018617969006e-05,0.9999951124191284,0,,0.0,0,0.9999951124191284,6.083564585424028e-07,1.8699341808314784e-07,2.8130118607805343e-06,1.2289137885090895e-06
generation-for-nlp-1414,2,2,12.203125,0.0001391396508552134,0.9999898672103882,0,,0.0,0,1.5294000377252814e-06,0.9999898672103882,7.51215964100993e-07,5.014709131501149e-06,2.8797053346352186e-06
generation-for-nlp-1415,2,2,11.0625,0.00031539134215563536,0.9999749660491943,0,,0.0,0,2.242683194708661e-06,0.9999749660491943,1.5656452205803362e-06,1.568940388096962e-05,5.507498372026021e-06
generation-for-nlp-1416,2,2,10.265625,0.0007382832700386643,0.9999372959136963,0,,0.0,0,4.189726041659014e-06,0.9999372959136963,1.6700652849976905e-05,3.48071516782511e-05,6.961868166399654e-06
generation-for-nlp-1417,2,2,11.515625,0.0002684845821931958,0.9999793767929077,0,,0.0,0,3.726576323970221e-06,0.9999793767929077,1.8447890397510491e-06,9.972834959626198e-06,5.093625986773986e-06
generation-for-nlp-1418,1,1,12.75,0.00010717040277086198,0.9999924898147583,0,,0.0,0,0.9999924898147583,2.0261311419744743e-06,1.4593674677598756e-06,2.9022987746429862e-06,1.2098580555175431e-06
generation-for-nlp-1420,1,1,12.984375,8.098699618130922e-05,0.9999943971633911,0,,0.0,0,0.9999943971633911,7.168184765760088e-07,7.057053039716266e-07,2.2959115995035972e-06,1.933351086336188e-06
generation-for-nlp-1421,2,2,7.4375,0.014843863435089588,0.9982916712760925,0,,0.0,0,0.0005877494695596397,0.9982916712760925,0.0005351519794203341,0.00019997169147245586,0.00038545552524738014
generation-for-nlp-1422,1,1,7.34375,0.0062743597663939,0.9992766976356506,0,,0.0,0,0.9992766976356506,0.0006461534067057073,4.466373866307549e-05,1.8911816368927248e-05,1.3621671314467676e-05
generation-for-nlp-1424,1,1,14.2421875,2.7302456146571785e-05,0.9999983310699463,0,,0.0,0,0.9999983310699463,5.850525894857128e-07,2.4772683104856696e-07,6.526732931888546e-07,2.76359259032688e-07
generation-for-nlp-1425,1,1,13.28125,7.216351514216512e-05,0.9999949932098389,0,,0.0,0,0.9999949932098389,1.6797257558209822e-06,4.520920242612192e-07,1.136559376391233e-06,1.7061776134141837e-06
generation-for-nlp-1426,2,2,10.875,0.0005235645221546292,0.9999572038650513,0,,0.0,0,2.879611201933585e-06,0.9999572038650513,6.192136879690224e-06,1.4738567188032903e-05,1.8924696632893756e-05
generation-for-nlp-1427,2,2,10.421875,0.0009156620362773538,0.9999221563339233,0,,0.0,0,9.515601959719788e-06,0.9999221563339233,2.1781430405098945e-05,2.9771683330181986e-05,1.6700400010449812e-05
generation-for-nlp-1428,5,5,9.25,0.0018068865174427629,0.9998327493667603,0,,0.0,0,2.429676715109963e-05,1.095141124096699e-05,3.590829510358162e-05,9.609558037482202e-05,0.9998327493667603
generation-for-nlp-1432,2,2,10.546875,0.00043632564484141767,0.9999639987945557,0,,0.0,0,3.4734975997707807e-06,0.9999639987945557,3.555869170668302e-06,2.627451794978697e-05,2.726379534578882e-06
generation-for-nlp-1434,3,3,10.234375,0.0005281710182316601,0.9999548196792603,0,,0.0,0,8.990563173938426e-07,3.419614813537919e-06,0.9999548196792603,3.591267886804417e-05,4.898371571471216e-06
generation-for-nlp-1435,2,2,12.203125,0.0001487198896938935,0.9999891519546509,0,,0.0,0,2.010356638493249e-06,0.9999891519546509,1.2580492239067098e-06,5.014705493522342e-06,2.5813492356974166e-06
generation-for-nlp-1436,3,3,4.234375,0.07733947783708572,0.98546302318573,0,,0.0,0,5.822934326715767e-06,2.2147884010337293e-05,0.98546302318573,0.014278238639235497,0.00023078623053152114
generation-for-nlp-1437,1,1,12.4375,0.00013966133701615036,0.9999899864196777,0,,0.0,0,0.9999899864196777,1.7603287005840684e-06,2.5612630452087615e-06,3.966962140111718e-06,1.8162076003136463e-06
generation-for-nlp-1438,1,1,12.546875,0.00010047043906524777,0.9999929666519165,0,,0.0,0,0.9999929666519165,3.555972170943278e-06,1.003008037514519e-06,1.228911173711822e-06,1.349694798591372e-06
generation-for-nlp-1439,3,3,6.6875,0.024421874433755875,0.9969672560691833,0,,0.0,0,0.00033971198718063533,0.0004361988394521177,0.9969672560691833,0.0012426149332895875,0.0010141927050426602
generation-for-nlp-1441,2,2,12.3515625,0.00016644754214212298,0.9999878406524658,0,,0.0,0,3.5282812405057484e-06,0.9999878406524658,1.1454651485109935e-06,4.322940640122397e-06,3.237733153582667e-06
generation-for-nlp-1442,1,1,12.8125,0.00011092209024354815,0.9999921321868896,0,,0.0,0,0.9999921321868896,1.9333467662363546e-06,8.250512451013492e-07,2.726456386881182e-06,2.4060891519184224e-06
generation-for-nlp-1444,2,2,9.640625,0.0009753971244208515,0.9999123811721802,0,,0.0,0,4.9365812628821e-06,0.9999123811721802,3.0651929137093248e-06,1.4509416359942406e-05,6.502670294139534e-05
generation-for-nlp-1445,2,2,8.265625,0.004676115699112415,0.9995232820510864,0,,0.0,0,0.00011231234384467825,0.9995232820510864,4.330026058596559e-05,6.399364065146074e-05,0.0002570855140220374
generation-for-nlp-1446,4,4,10.6875,0.0004919709754176438,0.9999597072601318,0,,0.0,0,6.38871233604732e-06,1.7194987549373764e-06,9.368427527078893e-06,0.9999597072601318,2.2827598513686098e-05
generation-for-nlp-1447,2,2,11.3828125,0.00040826195618137717,0.9999676942825317,0,,0.0,0,5.214357315708185e-06,0.9999676942825317,1.13892019726336e-05,1.1300571713945828e-05,4.39092900705873e-06
generation-for-nlp-1449,1,1,14.0546875,2.491212944732979e-05,0.9999983310699463,0,,0.0,0,0.9999983310699463,3.632673895026528e-07,1.840949437337258e-07,7.872742457948334e-07,2.596154899947578e-07
generation-for-nlp-1451,1,1,11.015625,0.0003408190095797181,0.999972939491272,0,,0.0,0,0.999972939491272,3.446497657932923e-06,2.225226126029156e-06,1.6442319974885322e-05,4.936880031891633e-06
generation-for-nlp-1454,1,1,14.703125,1.8330612874706276e-05,0.9999988079071045,0,,0.0,0,0.9999988079071045,3.5485246030475537e-07,1.8409504320970882e-07,4.116360798889218e-07,1.9142856899634353e-07
generation-for-nlp-1455,3,3,10.078125,0.0006347151356749237,0.9999451637268066,0,,0.0,0,9.132055538429995e-07,3.966784333897522e-06,0.9999451637268066,4.1985767893493176e-05,8.075971891230438e-06
generation-for-nlp-1457,1,1,13.03125,8.148072811309248e-05,0.9999942779541016,0,,0.0,0,0.9999942779541016,2.1907740119786467e-06,6.425519245567557e-07,2.1907740119786467e-06,6.681482886961021e-07
generation-for-nlp-1458,1,1,11.671875,0.00030967919155955315,0.9999760389328003,0,,0.0,0,0.9999760389328003,6.3390989453182556e-06,5.955032065685373e-06,8.530189006705768e-06,3.0415326364163775e-06
generation-for-nlp-1459,1,1,15.0078125,1.3912404028815217e-05,0.9999991655349731,0,,0.0,0,0.9999991655349731,2.438864044052025e-07,1.5025403854451724e-07,3.035215172531025e-07,1.5623948002030374e-07
generation-for-nlp-1461,1,1,13.015625,0.00010244225268252194,0.9999927282333374,0,,0.0,0,0.9999927282333374,2.026131596721825e-06,1.0593873867037473e-06,2.225270236522192e-06,1.9033744820262655e-06
generation-for-nlp-1462,5,5,9.890625,0.0009969220263883471,0.9999127388000488,0,,0.0,0,1.8923854440799914e-05,4.425124188855989e-06,1.3210979886935093e-05,5.064286233391613e-05,0.9999127388000488
generation-for-nlp-1463,2,2,11.546875,0.00029549942701123655,0.9999771118164062,0,,0.0,0,6.643325832556002e-06,0.9999771118164062,1.6796957424958237e-06,9.665982361184433e-06,4.860360604652669e-06
generation-for-nlp-1464,2,2,11.4375,0.00037015488487668335,0.9999710321426392,0,,0.0,0,4.289227490517078e-06,0.9999710321426392,5.507476544153178e-06,8.397899364354089e-06,1.0783116522361524e-05
generation-for-nlp-1465,1,1,13.09375,9.012465307023376e-05,0.9999936819076538,0,,0.0,0,0.9999936819076538,1.903376301015669e-06,8.059400897764135e-07,2.058040536212502e-06,1.5294058357540052e-06
generation-for-nlp-1467,2,2,10.34375,0.0008590451907366514,0.9999271631240845,0,,0.0,0,1.1124921002192423e-05,0.9999271631240845,9.079896699404344e-06,3.2191026548389345e-05,2.046186273219064e-05
generation-for-nlp-1468,3,3,9.34375,0.0012944713234901428,0.9998805522918701,0,,0.0,0,1.94829294741794e-06,9.894249160424806e-06,0.9998805522918701,8.750020788284019e-05,2.0143690562690608e-05
generation-for-nlp-1469,3,3,10.328125,0.00046899024164304137,0.99996018409729,0,,0.0,0,7.337923193517781e-07,2.8572105748025933e-06,0.99996018409729,3.269903754699044e-05,3.5558555282477755e-06
generation-for-nlp-1470,1,1,13.328125,5.355273970053531e-05,0.9999963045120239,0,,0.0,0,0.9999963045120239,8.990936635200342e-07,4.1811736650743114e-07,1.6280481531794067e-06,6.681496529381548e-07
generation-for-nlp-1471,1,1,14.2109375,2.6898111173068173e-05,0.9999982118606567,0,,0.0,0,0.9999982118606567,6.733912982781476e-07,1.855388234162092e-07,5.989265901007457e-07,2.699573542486178e-07
generation-for-nlp-1472,3,3,10.5703125,0.00043320516124367714,0.9999642372131348,0,,0.0,0,8.990647870632529e-07,4.390914000396151e-06,0.9999642372131348,2.566587681940291e-05,4.860298304265598e-06
generation-for-nlp-1473,3,3,4.46875,0.13350684940814972,0.977428138256073,0,,0.0,0,0.011202924884855747,0.0008504835423082113,0.977428138256073,0.006585859227925539,0.00393259571865201
generation-for-nlp-1474,3,3,9.046875,0.0016199724050238729,0.9998453855514526,0,,0.0,0,2.9706877739954507e-06,4.974965577275725e-06,0.9998453855514526,0.00011774025188060477,2.88534902210813e-05
generation-for-nlp-1475,3,3,6.046875,0.01945766992866993,0.9973510503768921,0,,0.0,0,7.108531008270802e-06,5.998581400490366e-05,0.9973510503768921,0.002358976285904646,0.00022287432511802763
generation-for-nlp-1476,1,1,13.265625,4.6362532884813845e-05,0.9999969005584717,0,,0.0,0,0.9999969005584717,6.37553227988974e-07,2.8736772605952865e-07,1.7330493164990912e-06,4.701022646713682e-07
generation-for-nlp-1477,4,4,5.21875,0.03724164515733719,0.9942263960838318,0,,0.0,0,8.173401147359982e-05,2.82465189229697e-05,0.00028085688245482743,0.9942263960838318,0.005382833536714315
generation-for-nlp-1478,1,1,12.90625,7.771964010316879e-05,0.9999946355819702,0,,0.0,0,0.9999946355819702,2.4824728370731464e-06,9.721502465254162e-07,1.436745037608489e-06,5.203546038501372e-07
generation-for-nlp-1479,1,1,13.90625,3.6988407373428345e-05,0.999997615814209,0,,0.0,0,0.999997615814209,7.690365464441129e-07,3.466319355993619e-07,9.132534728450992e-07,4.0210002794083266e-07
generation-for-nlp-1481,4,4,9.453125,0.0012600593036040664,0.9998853206634521,0,,0.0,0,1.1299640391371213e-05,4.124556198803475e-06,2.0783219952136278e-05,0.9998853206634521,7.843504863558337e-05
generation-for-nlp-1482,1,1,14.0859375,3.176603058818728e-05,0.9999979734420776,0,,0.0,0,0.9999979734420776,6.73391127747891e-07,3.576352867185051e-07,7.630521281498659e-07,2.720746010709263e-07
generation-for-nlp-1483,1,1,14.4765625,1.9799514120677486e-05,0.9999988079071045,0,,0.0,0,0.9999988079071045,4.116360798889218e-07,1.5869984792971081e-07,5.163072955838288e-07,1.6631599919492146e-07
generation-for-nlp-1485,3,3,10.546875,0.0004172921471763402,0.9999653100967407,0,,0.0,0,9.645567615734763e-07,1.9332949250383535e-06,0.9999653100967407,2.6274552510585636e-05,5.507445166585967e-06
generation-for-nlp-1487,2,2,5.75,0.03781697526574135,0.9947929978370667,0,,0.0,0,0.00316620827652514,0.9947929978370667,0.00017585590831004083,0.0005856896168552339,0.0012792637571692467
generation-for-nlp-1488,1,1,13.8671875,3.6587192880688235e-05,0.999997615814209,0,,0.0,0,0.999997615814209,8.579222026128264e-07,2.8962182341274456e-07,9.49633374602854e-07,3.13155851472402e-07
generation-for-nlp-1489,2,2,10.3125,0.0008372652810066938,0.9999288320541382,0,,0.0,0,7.295913292182377e-06,0.9999288320541382,9.817725185712334e-06,3.32129311573226e-05,2.078412398986984e-05
generation-for-nlp-1490,1,1,12.3125,0.00014366854156833142,0.9999895095825195,0,,0.0,0,0.9999895095825195,1.6153676369867753e-06,4.495154371397803e-06,2.684179435163969e-06,1.6408060901085264e-06
generation-for-nlp-1491,1,1,13.8203125,3.979978646384552e-05,0.9999973773956299,0,,0.0,0,0.9999973773956299,9.132532454714237e-07,3.333525455673225e-07,9.952069603968994e-07,3.8972865468167583e-07
generation-for-nlp-1493,1,1,13.9765625,3.445058246143162e-05,0.9999977350234985,0,,0.0,0,0.9999977350234985,6.681505624328565e-07,2.3454292374935903e-07,4.965273774359957e-07,8.512459430676245e-07
generation-for-nlp-1494,1,1,13.609375,4.2231084080412984e-05,0.9999971389770508,0,,0.0,0,0.9999971389770508,8.714321211300557e-07,3.2818434192449786e-07,1.2289162896195194e-06,3.7773787653350155e-07
generation-for-nlp-1495,1,1,12.796875,8.211455133277923e-05,0.9999942779541016,0,,0.0,0,0.9999942779541016,1.6280448562611127e-06,6.276672479543777e-07,2.76939772447804e-06,7.281066700670635e-07
generation-for-nlp-1496,1,1,14.515625,2.1526511773117818e-05,0.9999985694885254,0,,0.0,0,0.9999985694885254,4.965278321833466e-07,2.29109929250626e-07,4.084325837538927e-07,2.2033286484202108e-07
generation-for-nlp-1497,2,2,4.875,0.064498670399189,0.9897733330726624,0,,0.0,0,0.007557012140750885,0.9897733330726624,0.00013415304420050234,0.0003704084374476224,0.002165120327845216
generation-for-nlp-1498,1,1,14.703125,1.8459100829204544e-05,0.9999988079071045,0,,0.0,0,0.9999988079071045,3.958665217851376e-07,1.5994454827250593e-07,4.116360798889218e-07,1.855389228921922e-07
generation-for-nlp-1499,1,1,13.9453125,2.6955145585816354e-05,0.9999982118606567,0,,0.0,0,0.9999982118606567,4.7378992462654423e-07,2.0698350056136405e-07,8.782677127783245e-07,1.8266230483732215e-07
generation-for-nlp-1501,1,1,13.78125,3.911636667908169e-05,0.9999973773956299,0,,0.0,0,0.9999973773956299,6.276691806306189e-07,4.3477373878886283e-07,1.0348514933866682e-06,4.737895267226122e-07
generation-for-nlp-1502,1,1,14.5625,1.8772061594063416e-05,0.9999988079071045,0,,0.0,0,0.9999988079071045,4.052542692534189e-07,1.1793571275120485e-07,4.7379020884363854e-07,1.8266241852415988e-07
generation-for-nlp-1503,1,1,14.171875,2.944901461887639e-05,0.9999980926513672,0,,0.0,0,0.9999980926513672,7.002161055424949e-07,2.4966971068351995e-07,6.839956085968879e-07,2.720746294926357e-07
generation-for-nlp-1504,1,1,14.4609375,2.395424962742254e-05,0.9999984502792358,0,,0.0,0,0.9999984502792358,5.122892048348149e-07,2.401051233391627e-07,5.244377803137468e-07,2.457990433413215e-07
generation-for-nlp-1505,1,1,13.4375,4.2210518586216494e-05,0.9999972581863403,0,,0.0,0,0.9999972581863403,5.850519642081053e-07,3.836864266304474e-07,1.4593744026569766e-06,3.9278526742236863e-07
generation-for-nlp-1506,2,2,12.1875,0.00018044287571683526,0.9999866485595703,0,,0.0,0,2.1400082914624363e-06,0.9999866485595703,1.5656635241612094e-06,5.093662821309408e-06,4.565929884847719e-06
generation-for-nlp-1507,2,2,6.03125,0.03548474982380867,0.9952548742294312,0,,0.0,0,0.0023910889867693186,0.9952548742294312,0.00036100042052567005,0.00044927228009328246,0.0015438030241057277
generation-for-nlp-1508,1,1,14.0,3.064511111006141e-05,0.9999980926513672,0,,0.0,0,0.9999980926513672,6.227850235518417e-07,2.4579895807619323e-07,8.315271315950667e-07,2.9649010002685827e-07
generation-for-nlp-1509,1,1,14.8828125,1.5595265722367913e-05,0.9999990463256836,0,,0.0,0,0.9999990463256836,3.2563102081439865e-07,1.4005216542045673e-07,3.4393488590467314e-07,1.5623946580944903e-07
generation-for-nlp-1510,1,1,13.296875,7.808134978404269e-05,0.9999946355819702,0,,0.0,0,0.9999946355819702,1.6797251873867936e-06,9.874594297798467e-07,1.5294073136828956e-06,1.191103592645959e-06
generation-for-nlp-1511,4,4,9.453125,0.0010257477406412363,0.9999053478240967,0,,0.0,0,2.6423426788824145e-06,1.2877750350526185e-06,1.2218068150104955e-05,0.9999053478240967,7.843662024242803e-05
generation-for-nlp-1513,3,3,10.453125,0.0004906328395009041,0.9999589920043945,0,,0.0,0,1.0929790050795418e-06,4.356720182840945e-06,0.9999589920043945,2.885676803998649e-05,6.643205324508017e-06
generation-for-nlp-1514,3,3,10.9375,0.00032267134520225227,0.9999741315841675,0,,0.0,0,8.186158311218605e-07,3.5282330372865545e-06,0.9999741315841675,1.7778409528546035e-05,3.726556769834133e-06
generation-for-nlp-1515,2,2,8.265625,0.0038179364055395126,0.9996086955070496,0,,0.0,0,3.8215614040382206e-05,0.9996086955070496,7.069177627272438e-06,8.885396528057754e-05,0.0002571074874140322
generation-for-nlp-1517,2,2,11.53125,0.0002757530310191214,0.9999788999557495,0,,0.0,0,3.875024049193598e-06,0.9999788999557495,2.9022594389971346e-06,9.818216312851291e-06,4.56589441455435e-06
generation-for-nlp-1518,3,3,9.140625,0.0020409971475601196,0.9998067021369934,0,,0.0,0,0.00010719957208493724,8.26634368422674e-06,0.9998067021369934,6.501982716144994e-05,1.2803162462660111e-05
generation-for-nlp-1519,1,1,14.078125,3.589759944588877e-05,0.999997615814209,0,,0.0,0,0.999997615814209,7.512217621297168e-07,3.4935058579321776e-07,7.690365464441129e-07,4.7378964040944993e-07
generation-for-nlp-1520,1,1,9.953125,0.0011177205014973879,0.9999020099639893,0,,0.0,0,0.9999020099639893,6.438448508561123e-06,1.593531487742439e-05,2.7967344067292288e-05,4.757405986310914e-05
generation-for-nlp-1521,2,2,12.8125,0.00011763015208998695,0.9999916553497314,0,,0.0,0,2.387363792877295e-06,0.9999916553497314,1.4034588957656524e-06,2.7264550226391293e-06,1.8592808146422612e-06
generation-for-nlp-1522,2,2,11.96875,0.00020373909501358867,0.9999847412109375,0,,0.0,0,2.313896402483806e-06,0.9999847412109375,1.6027890978875803e-06,6.339153969747713e-06,5.0146836656495e-06
generation-for-nlp-1523,1,1,12.4375,0.00012532950495369732,0.9999909400939941,0,,0.0,0,0.9999909400939941,1.9947158307331847e-06,1.628039399292902e-06,3.966965778090525e-06,1.4144651458991575e-06
generation-for-nlp-1524,1,1,12.453125,0.00010131862654816359,0.999992847442627,0,,0.0,0,0.999992847442627,1.505693262515706e-06,8.579181098866684e-07,3.905471203324851e-06,9.645832506066654e-07
generation-for-nlp-1526,1,1,13.203125,7.020605698926374e-05,0.9999951124191284,0,,0.0,0,0.9999951124191284,1.392541776112921e-06,5.496042945196677e-07,1.8448181435815059e-06,1.0348492196499137e-06
generation-for-nlp-1528,1,1,13.8046875,3.7759185943286866e-05,0.9999973773956299,0,,0.0,0,0.9999973773956299,1.0108792594110128e-06,3.035209772406233e-07,8.646508149467991e-07,3.035209772406233e-07
generation-for-nlp-1529,1,1,13.890625,4.306210030335933e-05,0.9999972581863403,0,,0.0,0,0.9999972581863403,9.13253131784586e-07,3.9586592492923955e-07,9.276347441300459e-07,6.22784511961072e-07
generation-for-nlp-1530,1,1,9.890625,0.0011790675343945622,0.9998966455459595,0,,0.0,0,0.9998966455459595,1.363012233923655e-05,1.4737674973730464e-05,5.064204742666334e-05,2.4298318749060854e-05
generation-for-nlp-1532,1,1,14.546875,1.729560608509928e-05,0.9999990463256836,0,,0.0,0,0.9999990463256836,2.785269828109449e-07,1.5994457669421536e-07,4.812514475815988e-07,1.6893514498406148e-07
generation-for-nlp-1533,2,2,11.59375,0.00020957636297680438,0.9999841451644897,0,,0.0,0,2.2079339032643475e-06,0.9999841451644897,1.3287580031828838e-06,9.2234085968812e-06,3.1627193948224885e-06
generation-for-nlp-1534,1,1,11.390625,0.0002694775757845491,0.9999792575836182,0,,0.0,0,0.9999792575836182,3.237705413994263e-06,2.5215274490619777e-06,1.1300701771688182e-05,3.72657586922287e-06
generation-for-nlp-1535,2,2,11.40625,0.00032405208912678063,0.9999748468399048,0,,0.0,0,2.3503116608480923e-06,0.9999748468399048,5.014634098188253e-06,1.1125451237603556e-05,6.747927272954257e-06
generation-for-nlp-1536,1,1,13.8125,4.241520946379751e-05,0.9999971389770508,0,,0.0,0,0.9999971389770508,1.0030122439275146e-06,3.3860203529911814e-07,9.874619308902766e-07,4.81250538086897e-07
generation-for-nlp-1537,1,1,10.515625,0.0009586538071744144,0.9999184608459473,0,,0.0,0,0.9999184608459473,1.5688518033130094e-05,1.4737996934854891e-05,2.710732769628521e-05,2.3922131731524132e-05
generation-for-nlp-1538,1,1,10.328125,0.0004157736839260906,0.9999642372131348,0,,0.0,0,0.9999642372131348,3.26991721522063e-05,7.511966941819992e-07,1.7329927004539059e-06,6.083376433707599e-07
generation-for-nlp-1539,1,1,14.8515625,1.2298751244088635e-05,0.9999991655349731,0,,0.0,0,0.9999991655349731,2.1522899373849214e-07,8.105597970597955e-08,3.548526024133025e-07,9.70113021026009e-08
generation-for-nlp-1540,1,1,13.6875,4.434085713000968e-05,0.9999970197677612,0,,0.0,0,0.9999970197677612,8.851550887811754e-07,4.850249410992546e-07,1.1365616501279874e-06,4.3818351969093783e-07
generation-for-nlp-1542,3,3,9.09375,0.002798010129481554,0.999729573726654,0,,0.0,0,0.00011059392272727564,1.202653038490098e-05,0.999729573726654,0.00011233552504563704,3.534794086590409e-05
generation-for-nlp-1543,1,1,12.296875,9.991524711949751e-05,0.9999927282333374,0,,0.0,0,0.9999927282333374,4.565957624436123e-06,6.681472655145626e-07,1.2679206520260777e-06,6.893565114296507e-07
generation-for-nlp-1544,4,4,3.140625,0.2191370278596878,0.9511868357658386,0,,0.0,0,0.0002524190931580961,0.0004865505616180599,0.006929831113666296,0.9511868357658386,0.04114430770277977
generation-for-nlp-1545,2,2,10.3125,0.0009291610331274569,0.9999206066131592,0,,0.0,0,7.29585326553206e-06,0.9999206066131592,2.0461728126974776e-05,3.321265830891207e-05,1.834177237469703e-05
generation-for-nlp-1546,1,1,6.109375,0.025105033069849014,0.9966956377029419,0,,0.0,0,0.9966956377029419,0.00010357807332184166,0.0022145970724523067,0.0007896388997323811,0.00019655666255857795
generation-for-nlp-1547,1,1,14.1953125,2.415717244730331e-05,0.9999985694885254,0,,0.0,0,0.9999985694885254,4.347742503796326e-07,1.702600513908692e-07,6.839959496574011e-07,2.6370389605290256e-07
generation-for-nlp-1548,4,4,8.75,0.004047914408147335,0.9995960593223572,0,,0.0,0,0.0001397851447109133,1.8335818822379224e-05,8.747530227992684e-05,0.9995960593223572,0.00015839730622246861
generation-for-nlp-1549,1,1,12.125,0.0002187441277783364,0.9999836683273315,0,,0.0,0,0.9999836683273315,3.5008097256650217e-06,3.446534492468345e-06,5.422159574663965e-06,3.9669371290074196e-06
generation-for-nlp-1550,4,4,9.265625,0.002080085687339306,0.9998058676719666,0,,0.0,0,1.6439573300885968e-05,2.1108828150318004e-05,6.204229430295527e-05,0.9998058676719666,9.460320870857686e-05
generation-for-nlp-1551,1,1,12.375,0.0001801571052055806,0.9999867677688599,0,,0.0,0,0.9999867677688599,4.222795269015478e-06,1.9637823243101593e-06,4.092873950867215e-06,2.9944103516754694e-06
generation-for-nlp-1553,2,2,5.140625,0.04167445749044418,0.9935392737388611,0,,0.0,0,0.00020215380936861038,0.9935392737388611,5.2734972996404395e-05,0.0003896616690326482,0.005816208198666573
generation-for-nlp-1555,3,3,7.328125,0.010182958096265793,0.9988449811935425,0,,0.0,0,4.9032332753995433e-05,0.00012520844757091254,0.9988449811935425,0.0006560453330166638,0.0003247660060878843
generation-for-nlp-1556,1,1,13.40625,6.66098712827079e-05,0.9999954700469971,0,,0.0,0,0.9999954700469971,1.5056972415550263e-06,5.989249416415987e-07,1.4144716260489076e-06,1.0348495607104269e-06
generation-for-nlp-1557,2,2,11.015625,0.00045052001951262355,0.999963641166687,0,,0.0,0,1.2029346180497669e-05,0.999963641166687,2.156742993975058e-06,1.6442167179775424e-05,5.682260962203145e-06
generation-for-nlp-1559,2,2,10.65625,0.0006740298122167587,0.9999438524246216,0,,0.0,0,7.888881555118132e-06,0.9999438524246216,4.860199169343105e-06,2.3551852791570127e-05,1.9832647012663074e-05
generation-for-nlp-1560,1,1,7.328125,0.006490230094641447,0.9992534518241882,0,,0.0,0,0.9992534518241882,0.000656313612125814,1.721900662232656e-05,2.9751774491160177e-05,4.32885717600584e-05
generation-for-nlp-1561,2,2,12.1015625,0.00017200906586367637,0.9999872446060181,0,,0.0,0,2.140009655704489e-06,0.9999872446060181,1.5293959449991235e-06,5.550762580242008e-06,3.473578317425563e-06
generation-for-nlp-1562,2,2,8.625,0.004034434445202351,0.9996004700660706,0,,0.0,0,9.311739268014207e-05,0.9996004700660706,4.609644747688435e-05,0.00017948845925275236,8.090178744168952e-05
generation-for-nlp-1563,1,1,1.234375,1.1502597332000732,0.6149419546127319,0,,0.0,0,0.6149419546127319,0.17895829677581787,0.06583508104085922,0.0943044051527977,0.04596029222011566
generation-for-nlp-1567,3,3,10.25,0.0005072364001534879,0.9999566078186035,0,,0.0,0,6.227592166396789e-07,2.4248743102361914e-06,0.9999566078186035,3.535596624715254e-05,5.014542693970725e-06
generation-for-nlp-1569,2,2,12.078125,0.00022154560429044068,0.9999834299087524,0,,0.0,0,3.8448865780083e-06,0.9999834299087524,3.3144988265121356e-06,5.682373284798814e-06,3.7265913306328002e-06
generation-for-nlp-1571,2,2,7.96875,0.004066786263138056,0.9995692372322083,0,,0.0,0,2.1103833205415867e-05,0.9995692372322083,1.6180871170945466e-05,4.755822374136187e-05,0.0003459622384980321
generation-for-nlp-1573,2,2,11.046875,0.0004971037851646543,0.9999599456787109,0,,0.0,0,4.060913852299564e-06,0.9999599456787109,8.397805686399806e-06,1.5936237105051987e-05,1.1659200026770122e-05
generation-for-nlp-1574,1,1,14.0,2.7756817871704698e-05,0.9999982118606567,0,,0.0,0,0.9999982118606567,5.163070113667345e-07,2.0377450482556014e-07,8.315272452819045e-07,2.4388617703152704e-07
generation-for-nlp-1575,4,4,9.609375,0.0014241107273846865,0.9998713731765747,0,,0.0,0,1.4737302990397438e-05,7.35271351004485e-06,3.9439073589164764e-05,0.9998713731765747,6.708811270073056e-05
generation-for-nlp-1576,1,1,11.5,0.00023104307183530182,0.9999822378158569,0,,0.0,0,0.9999822378158569,1.0129912880074698e-05,1.553472657178645e-06,4.6378122533496935e-06,1.4144528677206836e-06
generation-for-nlp-1578,1,1,9.625,0.0014712470583617687,0.9998682737350464,0,,0.0,0,0.9998682737350464,6.604780355701223e-05,1.669950142968446e-05,2.506892087694723e-05,2.3920931198517792e-05
generation-for-nlp-1580,1,1,13.9453125,2.9120350518496707e-05,0.9999982118606567,0,,0.0,0,0.9999982118606567,4.812510496776667e-07,2.555904927703523e-07,8.782677127783245e-07,2.7852672701556003e-07
generation-for-nlp-1581,2,2,5.625,0.03167922422289848,0.9955291152000427,0,,0.0,0,0.00022952904691919684,0.9955291152000427,0.00011723196803359315,0.003590438747778535,0.0005336710601113737
generation-for-nlp-1582,2,2,10.984375,0.000513739010784775,0.9999586343765259,0,,0.0,0,6.240711627469864e-06,0.9999586343765259,1.045122462528525e-05,1.6964013411779888e-05,7.76669094193494e-06
generation-for-nlp-1583,2,2,8.53125,0.004802685230970383,0.9995155334472656,0,,0.0,0,5.6473752920283005e-05,0.9995155334472656,8.216882270062342e-05,0.00019711276399903,0.00014878851652611047
generation-for-nlp-1585,1,1,11.609375,0.0003142158384434879,0.9999756813049316,0,,0.0,0,0.9999756813049316,9.080336894840002e-06,4.860353783442406e-06,7.64641026762547e-06,2.726411366893444e-06
generation-for-nlp-1586,1,1,13.8125,3.4349744964856654e-05,0.9999977350234985,0,,0.0,0,0.9999977350234985,6.733909572176344e-07,2.596153194645012e-07,1.0030128123617033e-06,3.1561199875795865e-07
generation-for-nlp-1587,1,1,13.328125,6.0285670770099387e-05,0.9999958276748657,0,,0.0,0,0.9999958276748657,1.6280473573715426e-06,3.439338058797148e-07,1.5779577324792626e-06,5.714983899451909e-07
generation-for-nlp-1589,2,2,11.625,0.00024690956342965364,0.999981164932251,0,,0.0,0,1.8738436438070494e-06,0.999981164932251,5.4221459322434384e-06,2.6219786377623677e-06,8.939608051150572e-06
generation-for-nlp-1590,1,1,5.09375,0.04940497502684593,0.9924865961074829,0,,0.0,0,0.9924865961074829,0.006088875699788332,0.00031769563793204725,0.0005663536721840501,0.0005404184339568019
generation-for-nlp-1592,3,3,10.3125,0.0005993429222144186,0.99994957447052,0,,0.0,0,2.857180106730084e-06,6.643142569373595e-06,0.99994957447052,3.321362237329595e-05,7.706180440436583e-06
generation-for-nlp-1593,2,2,11.84375,0.00018794482457451522,0.999985933303833,0,,0.0,0,1.9033615217267652e-06,0.999985933303833,1.1277041949142586e-06,7.18321098247543e-06,3.8750513340346515e-06
generation-for-nlp-1596,2,2,10.296875,0.0008434763876721263,0.9999285936355591,0,,0.0,0,1.4063238268136047e-05,0.9999285936355591,1.0782658137031831e-05,3.3735952456481755e-05,1.2804724065063056e-05
generation-for-nlp-1597,4,4,8.890625,0.0017284067580476403,0.9998317956924438,0,,0.0,0,3.4730385323200608e-06,2.3869822598499013e-06,2.4679362468305044e-05,0.9998317956924438,0.0001376504369545728
generation-for-nlp-1600,1,1,14.71875,1.748344766383525e-05,0.999998927116394,0,,0.0,0,0.999998927116394,3.632675884546188e-07,1.3680784149983083e-07,4.0525432609683776e-07,1.869941286258836e-07
generation-for-nlp-1601,3,3,10.578125,0.0004105471889488399,0.999966025352478,0,,0.0,0,1.1101988093287218e-06,2.663228315213928e-06,0.999966025352478,2.5466186343692243e-05,4.710771008831216e-06
generation-for-nlp-1602,2,2,8.40625,0.005354990717023611,0.9994494318962097,0,,0.0,0,3.319700772408396e-05,0.9994494318962097,0.0001088488133973442,0.00018515806004870683,0.00022334324603434652
generation-for-nlp-1604,3,3,10.234375,0.0006784658180549741,0.9999425411224365,0,,0.0,0,2.947855819002143e-06,8.203129254980013e-06,0.9999425411224365,3.591223867260851e-05,1.0451056368765421e-05
generation-for-nlp-1605,3,3,10.046875,0.0006134139257483184,0.9999465942382812,0,,0.0,0,9.95156483440951e-07,3.0177745884429896e-06,0.9999465942382812,4.331859963713214e-05,6.048632258170983e-06
generation-for-nlp-1606,2,2,10.5625,0.000768846133723855,0.9999351501464844,0,,0.0,0,1.3630647117679473e-05,0.9999351501464844,3.2375626233260846e-06,2.586642403912265e-05,2.2124724637251347e-05
generation-for-nlp-1607,1,1,14.671875,1.9230155885452405e-05,0.9999988079071045,0,,0.0,0,0.9999988079071045,4.116360798889218e-07,1.67620456181794e-07,4.247028186910029e-07,2.0377463272325258e-07
generation-for-nlp-1608,1,1,14.078125,2.4597284209448844e-05,0.9999984502792358,0,,0.0,0,0.9999984502792358,7.690371717217204e-07,1.5994449142908707e-07,4.664446180413506e-07,1.8846066041078302e-07
generation-for-nlp-1610,2,2,7.40625,0.013282479718327522,0.9984840750694275,0,,0.0,0,0.00019690935732796788,0.9984840750694275,0.00020960891561117023,0.0006065234774723649,0.000502825656440109
generation-for-nlp-1611,2,2,12.1171875,0.0002352438314119354,0.9999822378158569,0,,0.0,0,2.8129754809924634e-06,0.9999822378158569,4.189914307062281e-06,5.214432803768432e-06,5.4646789067192e-06
generation-for-nlp-1612,1,1,13.15625,6.395187665475532e-05,0.9999955892562866,0,,0.0,0,0.9999955892562866,1.9333533600729425e-06,4.737886740713293e-07,1.3496984365701792e-06,6.276680437622417e-07
generation-for-nlp-1614,2,2,11.84375,0.00029710092348977923,0.9999772310256958,0,,0.0,0,6.1440723584382795e-06,0.9999772310256958,2.747799271674012e-06,7.1831482273410074e-06,6.747943189111538e-06
generation-for-nlp-1615,1,1,13.859375,3.91319154005032e-05,0.9999973773956299,0,,0.0,0,0.9999973773956299,9.570812835590914e-07,3.3075838246077183e-07,6.947664701328904e-07,5.896406491956441e-07
generation-for-nlp-1616,1,1,8.84375,0.004086256958544254,0.9995943903923035,0,,0.0,0,0.9995943903923035,9.758559463080019e-05,2.8399028451531194e-05,0.00014422214007936418,0.0001354841806460172
generation-for-nlp-1617,1,1,12.390625,0.00017692611436359584,0.999987006187439,0,,0.0,0,0.999987006187439,4.157327566645108e-06,2.8572871997312177e-06,3.6119490687269717e-06,2.3687741759204073e-06
generation-for-nlp-1619,2,2,11.84375,0.00020317095913924277,0.999984860420227,0,,0.0,0,2.7052190034737578e-06,0.999984860420227,2.0420063719939208e-06,7.183203251770465e-06,3.288710104243364e-06
generation-for-nlp-1620,2,2,6.796875,0.01085568591952324,0.9986769556999207,0,,0.0,0,4.3263600673526525e-05,0.9986769556999207,3.4763281291816384e-05,0.00012916125706396997,0.0011157830012962222
generation-for-nlp-1621,1,1,0.75,1.0493252277374268,0.5910025238990784,0,,0.0,0,0.5910025238990784,0.27916982769966125,0.012655225582420826,0.040851570665836334,0.07632078230381012
generation-for-nlp-1622,1,1,12.5,0.0001075423788279295,0.9999922513961792,0,,0.0,0,0.9999922513961792,1.7061729522538371e-06,7.338158525271865e-07,3.7266242998157395e-06,1.5056923530210042e-06
generation-for-nlp-1623,1,1,13.609375,4.9834219680633396e-05,0.9999966621398926,0,,0.0,0,0.9999966621398926,1.2289157211853308e-06,6.036231070538634e-07,9.061456012204872e-07,5.942648044765519e-07
generation-for-nlp-1624,2,2,12.484375,0.00013248794130049646,0.9999903440475464,0,,0.0,0,1.3709459381061606e-06,0.9999903440475464,1.2289079904803657e-06,3.187544734828407e-06,3.7853026242373744e-06
generation-for-nlp-1625,1,1,13.8125,3.5096232750220224e-05,0.9999977350234985,0,,0.0,0,0.9999977350234985,5.285505721985828e-07,3.77738103907177e-07,1.0030128123617033e-06,3.89728796790223e-07
generation-for-nlp-1626,4,4,8.390625,0.002805806929245591,0.9997130036354065,0,,0.0,0,4.564680693874834e-06,4.091753453394631e-06,5.143009911989793e-05,0.9997130036354065,0.00022692022321280092
generation-for-nlp-1627,1,1,14.1953125,2.4507477064616978e-05,0.9999983310699463,0,,0.0,0,0.9999983310699463,4.701029183706851e-07,2.0698352898307348e-07,6.839957791271445e-07,2.0061528971382359e-07
generation-for-nlp-1628,1,1,13.9375,3.311961336294189e-05,0.9999978542327881,0,,0.0,0,0.9999978542327881,8.851558277456206e-07,3.205822167728911e-07,6.786724497942487e-07,2.7852664175043174e-07
generation-for-nlp-1629,1,1,13.40625,5.210972813074477e-05,0.9999964237213135,0,,0.0,0,0.9999964237213135,9.570803740643896e-07,5.539155267797469e-07,1.5056987194839166e-06,4.888287321591633e-07
generation-for-nlp-1630,1,1,12.9375,8.512460044585168e-05,0.9999939203262329,0,,0.0,0,0.9999939203262329,2.090450152536505e-06,7.934453378766193e-07,2.406093472018256e-06,6.62948423268972e-07
generation-for-nlp-1631,1,1,13.984375,3.6664336221292615e-05,0.9999974966049194,0,,0.0,0,0.9999974966049194,8.446212405033293e-07,4.213971749322809e-07,8.31526620004297e-07,3.0115896265670017e-07
generation-for-nlp-1632,1,1,7.5,0.01374420803040266,0.9984334111213684,0,,0.0,0,0.9984334111213684,0.0005028001614846289,0.0003146443050354719,0.0005522179417312145,0.00019689937471412122
generation-for-nlp-1633,2,2,11.765625,0.0003150092379655689,0.9999756813049316,0,,0.0,0,6.643316282861633e-06,0.9999756813049316,3.138080273856758e-06,6.747932729922468e-06,7.766822818666697e-06
generation-for-nlp-1634,2,2,11.5625,0.00034556895843707025,0.9999730587005615,0,,0.0,0,8.664494089316577e-06,0.9999730587005615,4.495080702326959e-06,9.516085810901131e-06,4.222737516101915e-06
generation-for-nlp-1635,1,1,14.234375,2.6551479095360264e-05,0.9999983310699463,0,,0.0,0,0.9999983310699463,6.577923272743647e-07,1.884606461999283e-07,4.701029183706851e-07,3.8972902416389843e-07
generation-for-nlp-1636,2,2,11.671875,0.0002698484167922288,0.9999793767929077,0,,0.0,0,2.971085905301152e-06,0.9999793767929077,3.2630991881887894e-06,5.862727448402438e-06,8.530218110536225e-06
generation-for-nlp-1637,1,1,13.375,5.1714123401325196e-05,0.999996542930603,0,,0.0,0,0.999996542930603,1.0677003956516273e-06,4.148636492118385e-07,1.5534949397988385e-06,4.5921217406430515e-07
generation-for-nlp-1638,1,1,14.7265625,1.9696726667461917e-05,0.9999986886978149,0,,0.0,0,0.9999986886978149,3.807010671152966e-07,2.3454313691217976e-07,4.021004542664741e-07,2.1189207188854198e-07
generation-for-nlp-1639,3,3,9.8125,0.0008278232999145985,0.9999268054962158,0,,0.0,0,2.1735784230259014e-06,5.173566478333669e-06,0.9999268054962158,5.475875877891667e-05,1.103834256355185e-05
generation-for-nlp-1640,1,1,14.0,3.115603612968698e-05,0.9999979734420776,0,,0.0,0,0.9999979734420776,6.325923891381535e-07,2.2033273694432864e-07,8.31527017908229e-07,3.412580440453894e-07
generation-for-nlp-1641,1,1,14.2890625,2.4707689590286463e-05,0.9999984502792358,0,,0.0,0,0.9999984502792358,6.227852509255172e-07,2.053727996553789e-07,5.942658845015103e-07,1.6502167454746086e-07
generation-for-nlp-1642,1,1,14.8125,1.5818211977602914e-05,0.9999990463256836,0,,0.0,0,0.9999990463256836,3.689882817070611e-07,1.3259871423088043e-07,3.6044067996954254e-07,1.2263376447663177e-07
generation-for-nlp-1643,1,1,14.203125,2.456596484989859e-05,0.9999984502792358,0,,0.0,0,0.9999984502792358,4.2470267658245575e-07,2.0860694860402873e-07,6.786728476981807e-07,2.5961551841646724e-07
generation-for-nlp-1644,1,1,8.515625,0.0027451575733721256,0.9997270703315735,0,,0.0,0,0.9997270703315735,0.00020025922276545316,1.4060404282645322e-05,2.2120120775070973e-05,3.646991171990521e-05
generation-for-nlp-1646,1,1,8.671875,0.003807074623182416,0.9996225833892822,0,,0.0,0,0.9996225833892822,2.0455629055504687e-05,0.00010227170423604548,0.00017127286992035806,8.347173570655286e-05
generation-for-nlp-1647,1,1,8.078125,0.006717863492667675,0.9992874264717102,0,,0.0,0,0.9992874264717102,3.588870822568424e-05,0.0002452548360452056,0.0003100311441812664,0.00012140993203502148
generation-for-nlp-1648,3,3,10.140625,0.0006212451262399554,0.9999467134475708,0,,0.0,0,1.7740582052283571e-06,4.637647634808673e-06,0.9999467134475708,3.944204217987135e-05,7.410940270347055e-06
generation-for-nlp-1649,1,1,13.03125,6.44126848783344e-05,0.9999954700469971,0,,0.0,0,0.9999954700469971,1.0030105386249488e-06,5.539150151889771e-07,2.1907765130890766e-06,6.681490845039662e-07
generation-for-nlp-1651,1,1,13.53125,4.5227701775729656e-05,0.9999970197677612,0,,0.0,0,0.9999970197677612,6.375533416758117e-07,4.5563879780274874e-07,1.328775056208542e-06,5.942650318502274e-07
generation-for-nlp-1652,2,2,11.265625,0.00030583879561163485,0.9999760389328003,0,,0.0,0,1.5174770169323892e-06,0.9999760389328003,2.9943780646135565e-06,1.280533160752384e-05,6.643318556598388e-06
generation-for-nlp-1653,1,1,11.078125,0.0005623835604637861,0.9999544620513916,0,,0.0,0,0.9999544620513916,1.1842739695566706e-05,1.1300421647320036e-05,1.5445843018824235e-05,6.961987764952937e-06
generation-for-nlp-1654,1,1,13.8125,2.6566660380922258e-05,0.9999983310699463,0,,0.0,0,0.9999983310699463,3.6044042417415767e-07,1.4908462731000327e-07,1.0030133807958919e-06,2.1861814047952066e-07
generation-for-nlp-1655,4,4,10.546875,0.0005766759859398007,0.9999520778656006,0,,0.0,0,5.726761628466193e-06,2.295814510944183e-06,1.3630878129333723e-05,0.9999520778656006,2.627420508360956e-05
generation-for-nlp-1656,2,2,10.328125,0.0008604492177255452,0.9999269247055054,0,,0.0,0,3.269794979132712e-05,0.9999269247055054,6.5400017774663866e-06,1.8630733393365517e-05,1.5205959243758116e-05
generation-for-nlp-1657,2,2,10.71875,0.0004718144191429019,0.9999614953994751,0,,0.0,0,2.5018603082571644e-06,0.9999614953994751,6.4388314058305696e-06,2.2125308532849886e-05,7.353376076935092e-06
generation-for-nlp-1658,1,1,13.9453125,3.604027006076649e-05,0.999997615814209,0,,0.0,0,0.999997615814209,8.782672011875547e-07,3.6898774169458193e-07,7.453757575603959e-07,3.661162679691188e-07
generation-for-nlp-1659,1,1,10.546875,0.0004834288847632706,0.99996018409729,0,,0.0,0,0.99996018409729,6.54021914670011e-06,2.2958331555855693e-06,4.784927114087623e-06,2.6274417905369774e-05
generation-for-nlp-1660,1,1,5.375,0.07138486206531525,0.9894301891326904,0,,0.0,0,0.9894301891326904,0.0005472383927553892,0.0023402415681630373,0.0045819710940122604,0.0031003167387098074
generation-for-nlp-1661,1,1,10.96875,0.0004031663411296904,0.9999678134918213,0,,0.0,0,0.9999678134918213,4.425367933436064e-06,3.668758836283814e-06,1.7231315723620355e-05,6.85414352119551e-06
generation-for-nlp-1662,2,2,11.515625,0.00026497524231672287,0.9999796152114868,0,,0.0,0,2.9943889785499778e-06,0.9999796152114868,2.387335143794189e-06,9.972836778615601e-06,4.975633146386826e-06
generation-for-nlp-1663,2,2,11.1875,0.000484107353258878,0.9999613761901855,0,,0.0,0,7.76671186031308e-06,0.9999613761901855,8.267622433777433e-06,1.3845661669620313e-05,8.80083825904876e-06
generation-for-nlp-1664,1,1,13.65625,5.43007226951886e-05,0.9999963045120239,0,,0.0,0,0.9999963045120239,1.1726391448974027e-06,5.36873301371088e-07,1.0108781225426355e-06,9.27633891478763e-07
generation-for-nlp-1665,2,2,7.734375,0.007140557747334242,0.9992175102233887,0,,0.0,0,5.734598380513489e-05,0.9992175102233887,1.861751479736995e-05,0.0004371833929326385,0.00026934087509289384
generation-for-nlp-1666,1,1,13.40625,4.466840255190618e-05,0.9999969005584717,0,,0.0,0,0.9999969005584717,1.505699401604943e-06,3.1071860462361656e-07,8.64650417042867e-07,3.1071860462361656e-07
generation-for-nlp-1668,1,1,5.40625,0.031113818287849426,0.9952834248542786,0,,0.0,0,0.9952834248542786,0.00446727080270648,3.864946120302193e-05,0.00019323514425195754,1.742067797749769e-05
generation-for-nlp-1669,1,1,14.390625,2.6523695851210505e-05,0.9999983310699463,0,,0.0,0,0.9999983310699463,5.626395136459905e-07,2.616516781017708e-07,5.083024348095933e-07,3.661165521862131e-07
generation-for-nlp-1671,1,1,10.484375,0.000435437832493335,0.999963641166687,0,,0.0,0,0.999963641166687,2.796906846924685e-05,1.136523792411026e-06,4.710759640147444e-06,2.521488113416126e-06
generation-for-nlp-1672,1,1,14.0390625,2.3823362425900996e-05,0.9999985694885254,0,,0.0,0,0.9999985694885254,4.084325837538927e-07,1.5869980529714667e-07,7.996721933523077e-07,1.715954169867473e-07
generation-for-nlp-1673,2,2,11.234375,0.0004971332964487374,0.99996018409729,0,,0.0,0,1.1125288438051939e-05,0.99996018409729,8.939420695242006e-06,1.3211607438279316e-05,6.54021914670011e-06
generation-for-nlp-1675,1,1,10.1875,0.00061173050198704,0.9999479055404663,0,,0.0,0,0.9999479055404663,6.961941835470498e-06,2.7263356514595216e-06,3.763590211747214e-05,4.784868451679358e-06
generation-for-nlp-1676,2,2,10.703125,0.00036619891761802137,0.9999700784683228,0,,0.0,0,2.2079027530708117e-06,0.9999700784683228,2.8796482638426824e-06,2.247392330900766e-05,2.332010126337991e-06
generation-for-nlp-1677,1,1,11.09375,0.00032578533864580095,0.9999743700027466,0,,0.0,0,0.9999743700027466,1.5206680473056622e-05,1.602772499609273e-06,5.33804723090725e-06,3.6119033666182077e-06
generation-for-nlp-1678,1,1,14.375,2.3451269953511655e-05,0.9999985694885254,0,,0.0,0,0.9999985694885254,5.582611493082368e-07,1.637374822394122e-07,5.71499981560919e-07,2.0860697702573816e-07
generation-for-nlp-1679,1,1,12.34375,0.00010818240116350353,0.9999922513961792,0,,0.0,0,0.9999922513961792,1.5294036757040885e-06,1.2878869029009365e-06,4.356865247245878e-06,6.083546963964181e-07
generation-for-nlp-1680,1,1,14.1953125,2.6748395612230524e-05,0.9999983310699463,0,,0.0,0,0.9999983310699463,5.670523819389928e-07,2.4010509491745324e-07,6.839957791271445e-07,2.3271782367828564e-07
generation-for-nlp-1682,1,1,13.046875,7.716971595073119e-05,0.9999947547912598,0,,0.0,0,0.9999947547912598,2.156810069209314e-06,6.526709626086813e-07,1.1911037063327967e-06,1.349697299701802e-06
generation-for-nlp-1683,1,1,13.171875,8.886219438863918e-05,0.9999939203262329,0,,0.0,0,0.9999939203262329,1.4823513083683793e-06,9.721495644043898e-07,1.90337675576302e-06,1.8448158698447514e-06
generation-for-nlp-1684,1,1,13.6796875,5.633313412545249e-05,0.9999961853027344,0,,0.0,0,0.9999961853027344,1.1454748118921998e-06,9.496320103608014e-07,1.1102323469458497e-06,5.896399102311989e-07
generation-for-nlp-1685,1,1,13.9609375,3.2406605896539986e-05,0.9999979734420776,0,,0.0,0,0.9999979734420776,6.179384399729315e-07,2.7852667017214117e-07,8.646513265375688e-07,3.5485217608766106e-07
generation-for-nlp-1686,1,1,12.40625,9.900638542603701e-05,0.999992847442627,0,,0.0,0,0.999992847442627,4.092898961971514e-06,5.71496684642625e-07,1.6028020581870805e-06,8.18631178844953e-07
generation-for-nlp-1687,1,1,13.7578125,3.507056680973619e-05,0.999997615814209,0,,0.0,0,0.999997615814209,6.227847393347474e-07,1.9905397152797377e-07,1.0593926162982825e-06,4.181179065199103e-07
generation-for-nlp-1688,1,1,10.359375,0.000632275827229023,0.9999465942382812,0,,0.0,0,0.9999465942382812,3.187405127391685e-06,3.1692568882135674e-05,1.5206258467515e-05,3.288584366600844e-06
generation-for-nlp-1689,2,2,6.171875,0.021191271021962166,0.9972342848777771,0,,0.0,0,0.0020815455354750156,0.9972342848777771,3.5814973671222106e-05,0.0003242422826588154,0.0003242422826588154
generation-for-nlp-1691,1,1,13.609375,5.19618988619186e-05,0.999996542930603,0,,0.0,0,0.999996542930603,1.1726393722710782e-06,4.5209273480395495e-07,1.228915607498493e-06,6.425534024856461e-07
generation-for-nlp-1692,1,1,12.375,0.00015520211309194565,0.9999886751174927,0,,0.0,0,0.9999886751174927,3.555956936907023e-06,8.646433116155094e-07,4.222803454467794e-06,2.7264468371868134e-06
generation-for-nlp-1693,2,2,11.625,0.00027054466772824526,0.9999792575836182,0,,0.0,0,3.6119208743912168e-06,0.9999792575836182,2.1399926026788307e-06,6.0488296185212675e-06,8.939590770751238e-06
generation-for-nlp-1694,1,1,12.921875,0.00010081833170261234,0.9999929666519165,0,,0.0,0,0.9999929666519165,2.4439816570520634e-06,1.101588850360713e-06,2.090448106173426e-06,1.4708140270158765e-06
generation-for-nlp-1695,1,1,13.3125,7.780749729136005e-05,0.9999946355819702,0,,0.0,0,0.9999946355819702,1.6536835119040916e-06,6.947645374566491e-07,1.6028049003580236e-06,1.4255643918659189e-06
generation-for-nlp-1696,1,1,14.3203125,2.9891081794630736e-05,0.9999980926513672,0,,0.0,0,0.9999980926513672,5.582608650911425e-07,3.689879122248385e-07,6.036239597051463e-07,3.958662375680433e-07
generation-for-nlp-1697,1,1,11.078125,0.00035172951174899936,0.9999722242355347,0,,0.0,0,0.9999722242355347,1.544611768622417e-05,3.6687749798147706e-06,4.565863946481841e-06,4.092814378964249e-06
generation-for-nlp-1698,1,1,12.578125,0.00010085769463330507,0.999992847442627,0,,0.0,0,0.999992847442627,3.446566324782907e-06,7.168173965510505e-07,2.0580387172230985e-06,9.57076963459258e-07
generation-for-nlp-1700,2,2,10.515625,0.0006422110600396991,0.9999464750289917,0,,0.0,0,2.6424513634992763e-06,0.9999464750289917,8.664263987157028e-06,2.710808621486649e-05,1.5206256648525596e-05
generation-for-nlp-1701,1,1,13.96875,3.774898505071178e-05,0.999997615814209,0,,0.0,0,0.999997615814209,7.05707577708381e-07,4.052537860843586e-07,8.579222026128264e-07,5.122888069308829e-07
generation-for-nlp-1702,1,1,10.5,0.0006128840614110231,0.9999493360519409,0,,0.0,0,0.9999493360519409,7.410959369735792e-06,7.527664820372593e-06,2.7535055778571405e-05,8.267522389360238e-06
generation-for-nlp-1703,1,1,14.046875,3.776514495257288e-05,0.9999974966049194,0,,0.0,0,0.9999974966049194,7.934481800475623e-07,3.0352100566233275e-07,6.839952106929559e-07,6.947665269763093e-07
generation-for-nlp-1704,1,1,11.90625,0.00026701102615334094,0.9999796152114868,0,,0.0,0,0.9999796152114868,5.862728812644491e-06,2.22524090531806e-06,5.50752383787767e-06,6.74795956001617e-06
generation-for-nlp-1705,2,2,12.1015625,0.00021065585315227509,0.9999842643737793,0,,0.0,0,3.814968295046128e-06,0.9999842643737793,2.010346861425205e-06,4.35683023169986e-06,5.550746209337376e-06
generation-for-nlp-1706,2,2,8.109375,0.005966265220195055,0.999376118183136,0,,0.0,0,6.010760989738628e-05,0.999376118183136,6.918343569850549e-05,0.00019402973703108728,0.00030051913927309215
generation-for-nlp-1707,1,1,10.890625,0.0006392409559339285,0.9999475479125977,0,,0.0,0,0.9999475479125977,6.338918410619954e-06,1.8631117200129665e-05,1.644190342631191e-05,1.1125147466373164e-05
generation-for-nlp-1708,2,2,12.40625,0.00016503536608070135,0.9999878406524658,0,,0.0,0,4.092878498340724e-06,0.9999878406524658,1.6797137050161837e-06,3.9054516491887625e-06,2.406078692729352e-06
generation-for-nlp-1711,1,1,13.75,3.402216680115089e-05,0.9999977350234985,0,,0.0,0,0.9999977350234985,1.0677016462068423e-06,3.1071886041900143e-07,5.850522484251997e-07,2.6577194489618705e-07
generation-for-nlp-1712,1,1,13.7421875,3.822158760158345e-05,0.9999974966049194,0,,0.0,0,0.9999974966049194,1.0760754776129033e-06,2.516277675113088e-07,8.31526620004297e-07,3.6898768485116307e-07
generation-for-nlp-1713,1,1,13.640625,5.50151671632193e-05,0.9999963045120239,0,,0.0,0,0.9999963045120239,1.1102324606326874e-06,3.9278489794014604e-07,1.1911055253222003e-06,1.0188065289185033e-06
generation-for-nlp-1714,1,1,13.046875,6.027458584867418e-05,0.9999958276748657,0,,0.0,0,0.9999958276748657,2.1568123429460684e-06,5.496046924235998e-07,9.276334367314121e-07,4.92662366013974e-07
generation-for-nlp-1716,1,1,14.8515625,1.5413776054629125e-05,0.9999991655349731,0,,0.0,0,0.9999991655349731,2.9881584850954823e-07,1.6502178823429858e-07,3.548526024133025e-07,1.4225767586140137e-07
generation-for-nlp-1717,1,1,9.015625,0.002762658055871725,0.9997344613075256,0,,0.0,0,0.9997344613075256,1.8338358131586574e-05,3.269165608799085e-05,0.00012146424705861136,9.31298709474504e-05
generation-for-nlp-1718,3,3,10.9140625,0.0003622364019975066,0.9999709129333496,0,,0.0,0,1.3602507351606619e-06,3.5007649330509594e-06,0.9999709129333496,1.8199953046860173e-05,6.001706879033009e-06
generation-for-nlp-1720,1,1,13.953125,2.9813885703333654e-05,0.9999980926513672,0,,0.0,0,0.9999980926513672,5.67052268252155e-07,2.4966971068351995e-07,8.714329737813387e-07,2.4966971068351995e-07
generation-for-nlp-1721,2,2,12.46875,0.0001558750227559358,0.9999885559082031,0,,0.0,0,3.844906132144388e-06,0.9999885559082031,1.493969421062502e-06,3.041570835193852e-06,2.9711129627685295e-06
generation-for-nlp-1722,1,1,7.390625,0.00630547758191824,0.9992827773094177,0,,0.0,0,0.9992827773094177,2.2458476450992748e-05,2.8390173611114733e-05,4.9826303438749164e-05,0.0006165676168166101
generation-for-nlp-1723,1,1,14.3125,2.674602910701651e-05,0.9999982118606567,0,,0.0,0,0.9999982118606567,5.368743245526275e-07,2.4579898649790266e-07,6.083583343752252e-07,3.180875012276374e-07
generation-for-nlp-1724,3,3,9.328125,0.001392663223668933,0.9998713731765747,0,,0.0,0,3.2627467589918524e-06,9.00873237696942e-06,0.9998713731765747,8.887732110451907e-05,2.753290937107522e-05
generation-for-nlp-1725,1,1,13.5859375,4.440552584128454e-05,0.9999970197677612,0,,0.0,0,0.9999970197677612,7.81146638928476e-07,4.1811765072452545e-07,1.2580591146615916e-06,4.965270363754826e-07
generation-for-nlp-1726,1,1,13.8046875,5.089694604976103e-05,0.999996542930603,0,,0.0,0,0.999996542930603,1.010878349916311e-06,5.714987878491229e-07,9.721520655148197e-07,8.446204446954653e-07
generation-for-nlp-1728,1,1,14.203125,2.832111931638792e-05,0.9999980926513672,0,,0.0,0,0.9999980926513672,6.786726203245053e-07,1.9142842688779638e-07,5.989265332573268e-07,3.5209075122111244e-07
generation-for-nlp-1729,1,1,14.15625,3.0286177207017317e-05,0.9999980926513672,0,,0.0,0,0.9999980926513672,7.112428193067899e-07,2.9189345696067903e-07,6.475939926531282e-07,3.1315599358094914e-07
generation-for-nlp-1732,1,1,11.890625,0.0002214280830230564,0.9999833106994629,0,,0.0,0,0.9999833106994629,3.7265908758854493e-06,2.482444870111067e-06,6.854249477328267e-06,3.555937837518286e-06
generation-for-nlp-1733,1,1,12.375,0.00013088432024233043,0.9999904632568359,0,,0.0,0,0.9999904632568359,4.222810730425408e-06,1.145468218055612e-06,3.1381266580865486e-06,9.874553370536887e-07
generation-for-nlp-1734,1,1,13.8125,4.544368130154908e-05,0.9999969005584717,0,,0.0,0,0.9999969005584717,8.782665759099473e-07,4.416202159518434e-07,1.0030120165538392e-06,6.893593536005937e-07
generation-for-nlp-1735,2,2,9.78125,0.001252319780178368,0.9998890161514282,0,,0.0,0,2.9770697437925264e-05,0.9998890161514282,8.800201612757519e-06,5.6494856835342944e-05,1.5935107512632385e-05
generation-for-nlp-1737,1,1,13.6953125,4.067200279678218e-05,0.9999972581863403,0,,0.0,0,0.9999972581863403,1.1015935115210596e-06,2.4388592123614217e-07,1.127717041526921e-06,2.4010483912206837e-07
generation-for-nlp-1741,2,2,10.65625,0.0004952381132170558,0.9999594688415527,0,,0.0,0,3.7265022001520265e-06,0.9999594688415527,7.127122444217093e-06,2.3552220227429643e-05,6.048710019967984e-06
generation-for-nlp-1742,1,1,12.828125,9.444316674489528e-05,0.9999933242797852,0,,0.0,0,0.9999933242797852,2.2603144316235557e-06,7.87270323598932e-07,2.684189666979364e-06,9.276311061512388e-07
generation-for-nlp-1743,1,1,13.171875,5.519322803593241e-05,0.9999963045120239,0,,0.0,0,0.9999963045120239,8.579210657444492e-07,3.604396852097125e-07,1.9033813032365288e-06,6.375528869284608e-07
generation-for-nlp-1744,1,1,14.28125,2.6149520635954104e-05,0.9999983310699463,0,,0.0,0,0.9999983310699463,5.285508564156771e-07,2.3454305164705147e-07,6.276698059082264e-07,2.851318186003482e-07
generation-for-nlp-1745,1,1,10.34375,0.0007413605926558375,0.9999374151229858,0,,0.0,0,0.9999374151229858,8.529859769623727e-06,6.048576778994175e-06,3.219135760446079e-05,1.5688814528402872e-05
generation-for-nlp-1746,1,1,9.609375,0.001575850648805499,0.9998574256896973,0,,0.0,0,0.9998574256896973,1.8629438272910193e-05,6.708717410219833e-05,4.331473610363901e-05,1.3418281014310196e-05
generation-for-nlp-1747,1,1,14.6015625,1.5672470908612013e-05,0.9999990463256836,0,,0.0,0,0.9999990463256836,2.941831098723924e-07,1.1610730865641017e-07,4.5563973571915994e-07,1.1165931113055194e-07
generation-for-nlp-1748,2,2,9.609375,0.002005205722525716,0.9998167157173157,0,,0.0,0,6.708444561809301e-05,0.9998167157173157,2.5462384655838832e-05,4.4687876652460545e-05,4.610641917679459e-05
generation-for-nlp-1749,1,1,13.921875,3.439109059399925e-05,0.999997615814209,0,,0.0,0,0.999997615814209,8.990948003884114e-07,3.035210625057516e-07,5.942653729107406e-07,4.381837754863227e-07
generation-for-nlp-1750,4,4,6.03125,0.03094257414340973,0.9958593249320984,0,,0.0,0,0.0023925411514937878,5.896748916711658e-05,0.0004860742192249745,0.9958593249320984,0.0012030452489852905
generation-for-nlp-1751,1,1,12.6875,0.00011607508349698037,0.9999916553497314,0,,0.0,0,0.9999916553497314,1.7880529412650503e-06,5.453252924780827e-07,3.0894782412360655e-06,2.9022962735325564e-06
generation-for-nlp-1752,2,2,10.25,0.0006079167942516506,0.9999485015869141,0,,0.0,0,2.705120550672291e-06,0.9999485015869141,5.014501766709145e-06,3.5355682484805584e-05,8.397709279961418e-06
generation-for-nlp-1753,5,5,10.546875,0.0004701976431533694,0.999961256980896,0,,0.0,0,5.6822473197826184e-06,2.6015225103037665e-06,4.222687493893318e-06,2.6274445190210827e-05,0.999961256980896
generation-for-nlp-1755,1,1,12.34375,0.00013403012417256832,0.9999903440475464,0,,0.0,0,0.9999903440475464,2.3687819066253724e-06,1.1910984767382615e-06,4.356856607046211e-06,1.7880505538414582e-06
generation-for-nlp-1758,2,2,10.953125,0.0006673645693808794,0.999944806098938,0,,0.0,0,1.7502266928204335e-05,0.999944806098938,4.289114713174058e-06,1.644185795157682e-05,1.696377876214683e-05
generation-for-nlp-1760,1,1,11.59375,0.00023685376800131053,0.9999819993972778,0,,0.0,0,0.9999819993972778,9.22338858799776e-06,3.138100282740197e-06,4.356820682005491e-06,1.3602658555100788e-06
generation-for-nlp-1762,2,2,6.421875,0.022023160010576248,0.9972397089004517,0,,0.0,0,0.00015802391862962395,0.9972397089004517,0.0016211182810366154,0.0005515576922334731,0.0004295535618439317
generation-for-nlp-1763,3,3,5.96875,0.03640490025281906,0.9950760006904602,0,,0.0,0,0.0014960361877456307,0.00011902390542672947,0.9950760006904602,0.002544843126088381,0.0007641005795449018
generation-for-nlp-1765,1,1,13.78125,3.5948643926531076e-05,0.999997615814209,0,,0.0,0,0.999997615814209,4.965273205925769e-07,5.496056587617204e-07,1.0348517207603436e-06,2.76359060080722e-07
generation-for-nlp-1767,1,1,13.90625,2.570750075392425e-05,0.9999983310699463,0,,0.0,0,0.9999983310699463,3.689879974899668e-07,1.4563109118626016e-07,9.132540981227066e-07,2.3454305164705147e-07
generation-for-nlp-1768,1,1,14.2265625,2.6233672542730346e-05,0.9999983310699463,0,,0.0,0,0.9999983310699463,5.043468149779073e-07,2.8291293574511656e-07,6.629513791267527e-07,2.3271782367828564e-07
generation-for-nlp-1769,1,1,12.65625,8.225876081269234e-05,0.999994158744812,0,,0.0,0,0.999994158744812,1.1726366437869729e-06,6.179361093927582e-07,3.1875567856332054e-06,7.996686690603383e-07
generation-for-nlp-1770,5,5,9.625,0.0014707414666190743,0.9998674392700195,0,,0.0,0,4.0059981984086335e-05,1.1477378393465187e-05,1.4969322364777327e-05,6.604775262530893e-05,0.9998674392700195
generation-for-nlp-1771,1,1,14.171875,2.804433461278677e-05,0.9999982118606567,0,,0.0,0,0.9999982118606567,6.375540806402569e-07,1.812407930401605e-07,7.002161623859138e-07,2.941828540770075e-07
generation-for-nlp-1772,1,1,8.0625,0.004682567436248064,0.999510645866394,0,,0.0,0,0.999510645866394,1.7223437680513598e-05,3.942484181607142e-05,0.00011770083074225113,0.00031498377211391926
generation-for-nlp-1773,1,1,14.09375,2.8194095648359507e-05,0.9999980926513672,0,,0.0,0,0.9999980926513672,5.368742677092087e-07,1.9905405679310206e-07,7.571140940854093e-07,3.2058227361631e-07
generation-for-nlp-1774,1,1,14.171875,2.9530952815548517e-05,0.9999980926513672,0,,0.0,0,0.9999980926513672,5.163069545233157e-07,2.637037539443554e-07,7.002161055424949e-07,4.2470250605219917e-07
generation-for-nlp-1775,1,1,14.5859375,1.7963320715352893e-05,0.9999988079071045,0,,0.0,0,0.9999988079071045,3.3335302873638284e-07,1.3896223549636488e-07,4.6281488152999373e-07,1.8409504320970882e-07
generation-for-nlp-1776,2,2,6.734375,0.015832677483558655,0.9980859756469727,0,,0.0,0,0.00022303855803329498,0.9980859756469727,8.077920938376337e-05,0.0004232528153806925,0.0011870418675243855
generation-for-nlp-1777,2,2,9.203125,0.0025245649740099907,0.9997599720954895,0,,0.0,0,4.907724724034779e-05,0.9997599720954895,9.366555786982644e-06,0.0001006999664241448,8.091469499049708e-05
generation-for-nlp-1778,1,1,14.703125,1.804229941626545e-05,0.9999988079071045,0,,0.0,0,0.9999988079071045,3.632675600329094e-07,1.6502173139087972e-07,4.116360798889218e-07,1.8266241852415988e-07
generation-for-nlp-1779,1,1,13.578125,4.018536856165156e-05,0.9999973773956299,0,,0.0,0,0.9999973773956299,8.446211268164916e-07,2.91893258008713e-07,1.2679265637416393e-06,2.7420836090641387e-07
generation-for-nlp-1780,1,1,14.0703125,2.7175123250344768e-05,0.9999982118606567,0,,0.0,0,0.9999982118606567,6.131297141109826e-07,1.2751883105011075e-07,7.750686563667841e-07,2.419882036974741e-07
generation-for-nlp-1782,1,1,13.4375,4.849442120757885e-05,0.9999967813491821,0,,0.0,0,0.9999967813491821,9.132526770372351e-07,4.052534450238454e-07,1.4593737205359503e-06,4.812503675566404e-07
generation-for-nlp-1783,4,4,8.59375,0.004456705879420042,0.9995468258857727,0,,0.0,0,0.00018517610442359,9.219374987878837e-06,9.024763130582869e-05,0.9995468258857727,0.00016860476171132177
generation-for-nlp-1785,1,1,7.3125,0.008824375458061695,0.9990018010139465,0,,0.0,0,0.9990018010139465,4.395919677335769e-05,0.0006664811517111957,0.000213020175579004,7.477711915271357e-05
generation-for-nlp-1786,1,1,14.7421875,1.7125305021181703e-05,0.999998927116394,0,,0.0,0,0.999998927116394,3.9586657862855645e-07,1.2167942031737766e-07,3.6898822486364224e-07,1.8124092093785293e-07
generation-for-nlp-1787,1,1,13.515625,5.8420104323886335e-05,0.9999960660934448,0,,0.0,0,0.9999960660934448,1.2778693871950964e-06,6.179372462611354e-07,1.3496990050043678e-06,7.112413982213184e-07
generation-for-nlp-1789,1,1,9.890625,0.0009660767391324043,0.9999145269393921,0,,0.0,0,0.9999145269393921,5.0642953283386305e-05,3.4462962048564805e-06,2.7534097171155736e-05,3.785015678658965e-06
generation-for-nlp-1790,3,3,9.75,0.0007868828834034503,0.999929666519165,0,,0.0,0,1.0347814622946316e-06,6.095968728914158e-06,0.999929666519165,5.829056317452341e-05,4.9753843995858915e-06
generation-for-nlp-1791,3,3,11.0,0.00030641560442745686,0.9999755620956421,0,,0.0,0,1.0108572041644948e-06,2.2252320377447177e-06,0.9999755620956421,1.6701293134246953e-05,4.49509161626338e-06
generation-for-nlp-1793,1,1,12.515625,0.00013300604769028723,0.9999903440475464,0,,0.0,0,0.9999903440475464,1.994714466491132e-06,1.9033699345527566e-06,3.668841372928e-06,1.994714466491132e-06
generation-for-nlp-1794,1,1,14.015625,3.222287705284543e-05,0.9999978542327881,0,,0.0,0,0.9999978542327881,7.224431328722858e-07,2.2555774137344997e-07,8.186352715711109e-07,3.307585529910284e-07
generation-for-nlp-1796,4,4,9.96875,0.000827991811092943,0.9999274015426636,0,,0.0,0,2.642400886543328e-06,2.350200247747125e-06,2.078409306704998e-05,0.9999274015426636,4.683767838287167e-05
generation-for-nlp-1798,1,1,13.0,6.420248973881826e-05,0.9999955892562866,0,,0.0,0,0.9999955892562866,2.2603194338444155e-06,5.942641791989445e-07,1.0676993724700878e-06,4.965262974110374e-07
generation-for-nlp-1799,1,1,12.71875,7.028355321381241e-05,0.9999951124191284,0,,0.0,0,0.9999951124191284,2.994435362779768e-06,4.4161942014397937e-07,9.570791235091747e-07,5.244360181677621e-07
generation-for-nlp-1801,1,1,14.5390625,2.2187559807207435e-05,0.9999985694885254,0,,0.0,0,0.9999985694885254,4.3139081640219956e-07,2.29109929250626e-07,4.850256800636998e-07,2.555905780354806e-07
generation-for-nlp-1802,1,1,12.84375,0.00011535319208633155,0.999991774559021,0,,0.0,0,0.999991774559021,2.368785317230504e-06,1.1365557384124259e-06,2.6425709620525595e-06,2.0580366708600195e-06
generation-for-nlp-1805,1,1,13.015625,8.367490954697132e-05,0.999994158744812,0,,0.0,0,0.999994158744812,2.2252734197536483e-06,8.646480296192749e-07,2.058041445707204e-06,6.947642532395548e-07
generation-for-nlp-1806,1,1,14.1484375,3.096724321949296e-05,0.9999979734420776,0,,0.0,0,0.9999979734420776,6.947668680368224e-07,2.699572974051989e-07,7.168210345298576e-07,3.256306797538855e-07
generation-for-nlp-1807,2,2,12.078125,0.00019229983445256948,0.9999855756759644,0,,0.0,0,2.3503368993260665e-06,0.9999855756759644,1.084502173398505e-06,5.682385562977288e-06,5.255347332422389e-06
generation-for-nlp-1808,1,1,13.34375,5.7381843362236395e-05,0.9999960660934448,0,,0.0,0,0.9999960660934448,1.6028072877816157e-06,5.626382630907756e-07,1.1277156772848684e-06,5.942644634160388e-07
generation-for-nlp-1809,1,1,13.609375,4.463371078600176e-05,0.9999970197677612,0,,0.0,0,0.9999970197677612,5.670516429745476e-07,7.002153097346309e-07,1.2289161759326817e-06,4.7010232151478704e-07
generation-for-nlp-1811,3,3,7.8125,0.006220868788659573,0.9993352293968201,0,,0.0,0,5.3877909522270784e-05,5.061361662228592e-05,0.9993352293968201,0.00040437618736177683,0.00015590091061312705
generation-for-nlp-1812,1,1,14.1953125,2.5641849788371474e-05,0.9999984502792358,0,,0.0,0,0.9999984502792358,3.9897122405818664e-07,1.770424091773748e-07,6.839958359705633e-07,3.897290810073173e-07
generation-for-nlp-1815,2,2,9.578125,0.0014479791279882193,0.9998700618743896,0,,0.0,0,1.892304680950474e-05,0.9998700618743896,1.6699530533514917e-05,2.5068964532692917e-05,6.921763269929215e-05
generation-for-nlp-1816,3,3,11.34375,0.00020937093358952552,0.9999837875366211,0,,0.0,0,5.850440629728837e-07,1.7880388440971728e-06,0.9999837875366211,1.1843087122542784e-05,2.0420040982571663e-06
generation-for-nlp-1817,2,2,8.828125,0.004192649386823177,0.9995854496955872,0,,0.0,0,0.00014649200602434576,0.9995854496955872,5.305589365889318e-05,0.000123358637210913,9.16723656700924e-05
generation-for-nlp-1818,5,5,6.328125,0.022168371826410294,0.9971826076507568,0,,0.0,0,0.0017803480150178075,0.0002159807045245543,0.00017627832130528986,0.0006447993218898773,0.9971826076507568
generation-for-nlp-1819,2,2,11.484375,0.00032303150510415435,0.9999749660491943,0,,0.0,0,7.183132311183726e-06,0.9999749660491943,2.684140326891793e-06,1.0289361853210721e-05,4.936890036333352e-06
generation-for-nlp-1820,3,3,1.484375,0.6557079553604126,0.7816358208656311,0,,0.0,0,0.17715303599834442,0.00043231056770309806,0.7816358208656311,0.03078458085656166,0.009994289837777615
generation-for-nlp-1821,1,1,13.9140625,3.686071795527823e-05,0.999997615814209,0,,0.0,0,0.999997615814209,8.920979439608345e-07,3.4125790193684225e-07,9.061464538717701e-07,2.8962182341274456e-07
generation-for-nlp-1822,1,1,13.8046875,3.704282789840363e-05,0.999997615814209,0,,0.0,0,0.999997615814209,1.0108794867846882e-06,3.3596720072637254e-07,7.112424782462767e-07,3.807006692113646e-07
generation-for-nlp-1823,1,1,13.9453125,3.822266444331035e-05,0.9999974966049194,0,,0.0,0,0.9999974966049194,8.059432161644509e-07,4.92663161821838e-07,8.78267087500717e-07,3.359671438829537e-07
generation-for-nlp-1824,2,2,11.109375,0.0002844656119123101,0.9999774694442749,0,,0.0,0,1.248244302587409e-06,0.9999774694442749,1.4593455262001953e-06,1.4970969459682237e-05,4.822538812732091e-06
generation-for-nlp-1825,5,5,9.578125,0.0012525974307209253,0.9998878240585327,0,,0.0,0,1.8630003978614695e-05,8.663755579618737e-06,1.5688037819927558e-05,6.921886233612895e-05,0.9998878240585327
generation-for-nlp-1826,1,1,14.421875,2.059180405922234e-05,0.9999986886978149,0,,0.0,0,0.9999986886978149,3.718821517395554e-07,1.1430719837335346e-07,5.453291009871464e-07,2.6995749635716493e-07
generation-for-nlp-1827,1,1,13.8515625,3.23861459037289e-05,0.9999979734420776,0,,0.0,0,0.9999979734420776,9.645882528275251e-07,2.382364812092419e-07,6.425543119803478e-07,2.7852667017214117e-07
generation-for-nlp-1828,1,1,15.1484375,1.1466743671917357e-05,0.9999992847442627,0,,0.0,0,0.9999992847442627,2.3271803684110637e-07,9.042448567697647e-08,2.6370406658315915e-07,1.0822394358456222e-07
generation-for-nlp-1830,3,3,9.609375,0.0010122319217771292,0.9999090433120728,0,,0.0,0,2.7476119157654466e-06,8.012834769033361e-06,0.9999090433120728,6.709063745802268e-05,1.3108122402627487e-05
generation-for-nlp-1831,2,2,8.65625,0.004379707388579845,0.9995635151863098,0,,0.0,0,4.7557954530930147e-05,0.9995635151863098,0.00011588218330871314,0.00017395976465195417,9.911927918437868e-05
generation-for-nlp-1832,1,1,11.421875,0.00027387827867642045,0.9999788999557495,0,,0.0,0,0.9999788999557495,4.2892611418210436e-06,2.3687548491579946e-06,1.0953011951642111e-05,3.500792900013039e-06
generation-for-nlp-1833,5,5,9.421875,0.0015380908735096455,0.9998599290847778,0,,0.0,0,2.710574153752532e-05,9.515009878668934e-06,2.2471449483418837e-05,8.092278585536405e-05,0.9998599290847778
generation-for-nlp-1834,1,1,10.765625,0.0006874137907288969,0.9999431371688843,0,,0.0,0,0.9999431371688843,8.664234883326571e-06,1.568890547787305e-05,2.1111727619427256e-05,1.1300293408567086e-05
generation-for-nlp-1835,2,2,7.390625,0.011387918144464493,0.9986868500709534,0,,0.0,0,7.95747255324386e-05,0.9986868500709534,6.494700210168958e-05,0.0005523581057786942,0.0006161999190226197
generation-for-nlp-1836,1,1,5.84375,0.027562949806451797,0.9962517619132996,0,,0.0,0,0.9962517619132996,0.00012104110646760091,0.0003787041350733489,0.00288709276355803,0.0003613620065152645
generation-for-nlp-1837,1,1,13.8515625,3.3933858503587544e-05,0.9999977350234985,0,,0.0,0,0.9999977350234985,9.645880254538497e-07,2.220607626668425e-07,7.224430191854481e-07,3.131558798941114e-07
generation-for-nlp-1838,1,1,13.125,7.252535579027608e-05,0.9999951124191284,0,,0.0,0,0.9999951124191284,1.3709524182559107e-06,6.375520911205967e-07,1.9947240161855007e-06,1.0030101975644357e-06
generation-for-nlp-1839,2,2,9.890625,0.0011967835016548634,0.9998944997787476,0,,0.0,0,8.397256351599935e-06,0.9998944997787476,1.4737643141415901e-05,3.1690917239757255e-05,5.0641938287299126e-05
generation-for-nlp-1841,1,1,11.90625,0.00032050703885033727,0.999975323677063,0,,0.0,0,0.999975323677063,5.6823273553163745e-06,6.747930456185713e-06,6.643314009124879e-06,5.594230970018543e-06
generation-for-nlp-1842,1,1,13.84375,3.2643376471241936e-05,0.9999978542327881,0,,0.0,0,0.9999978542327881,6.131294867373072e-07,2.4388609176639875e-07,9.721534297568724e-07,3.035211193491705e-07
generation-for-nlp-1843,1,1,13.9453125,3.336124063935131e-05,0.9999977350234985,0,,0.0,0,0.9999977350234985,6.131294298938883e-07,2.596153194645012e-07,8.782673148743925e-07,4.181179633633292e-07
generation-for-nlp-1844,2,2,9.671875,0.0010841081384569407,0.9999033212661743,0,,0.0,0,6.302547262748703e-05,0.9999033212661743,3.8445787140517496e-06,1.2218043593748007e-05,1.750154115143232e-05
generation-for-nlp-1845,1,1,11.515625,0.0003711494500748813,0.9999709129333496,0,,0.0,0,0.9999709129333496,6.854164894321002e-06,2.5215063033101615e-06,9.972750376618933e-06,9.818138096306939e-06
generation-for-nlp-1847,2,2,11.578125,0.00025611769524402916,0.9999803304672241,0,,0.0,0,2.139994876415585e-06,0.9999803304672241,2.79107939604728e-06,9.368620339955669e-06,5.296537892718334e-06
generation-for-nlp-1848,3,3,10.203125,0.0005525990854948759,0.9999527931213379,0,,0.0,0,1.0676536703613237e-06,3.755704483410227e-06,0.9999527931213379,3.7052592233521864e-05,5.421992227638839e-06
generation-for-nlp-1849,1,1,11.546875,0.0003313427441753447,0.9999743700027466,0,,0.0,0,0.9999743700027466,4.784994871442905e-06,7.411144906654954e-06,9.665955985838082e-06,3.8448515624622814e-06
generation-for-nlp-1850,1,1,11.875,0.0001960299996426329,0.9999853372573853,0,,0.0,0,0.9999853372573853,4.289288881409448e-06,1.6536681641809992e-06,6.9622028604499064e-06,1.7880415725812782e-06
generation-for-nlp-1852,1,1,13.421875,5.107354445499368e-05,0.999996542930603,0,,0.0,0,0.999996542930603,7.6903569379283e-07,5.453279641187692e-07,1.4823551737208618e-06,6.325915364868706e-07
generation-for-nlp-1853,4,4,10.59375,0.0005305728409439325,0.9999560117721558,0,,0.0,0,4.425315637490712e-06,1.6665891280354117e-06,1.280507513001794e-05,0.9999560117721558,2.507112003513612e-05
generation-for-nlp-1854,1,1,12.34375,0.00017223632312379777,0.9999873638153076,0,,0.0,0,0.9999873638153076,2.684173750822083e-06,4.2892975216091145e-06,4.356843874120386e-06,1.360273131467693e-06
generation-for-nlp-1856,2,2,3.890625,0.11200590431690216,0.9783176183700562,0,,0.0,0,0.01998954452574253,0.9783176183700562,0.00014115232625044882,0.0006734001217409968,0.0008782793302088976
generation-for-nlp-1857,1,1,14.1328125,2.922811108874157e-05,0.9999980926513672,0,,0.0,0,0.9999980926513672,7.281094553945877e-07,2.2732686488780018e-07,5.989265332573268e-07,3.333528013627074e-07
generation-for-nlp-1858,2,2,11.140625,0.00044752005487680435,0.9999642372131348,0,,0.0,0,4.189838819002034e-06,0.9999642372131348,5.594169124378823e-06,1.1478489795990754e-05,1.4510168512060773e-05
generation-for-nlp-1860,1,1,13.34375,5.3774034313391894e-05,0.9999963045120239,0,,0.0,0,0.9999963045120239,1.602807628842129e-06,4.2139666334151116e-07,9.422420248483832e-07,6.629500148847001e-07
generation-for-nlp-1861,1,1,13.484375,5.388493082136847e-05,0.9999963045120239,0,,0.0,0,0.9999963045120239,1.392543481415487e-06,6.947657311684452e-07,1.0930197049674462e-06,4.485744682369841e-07
generation-for-nlp-1864,1,1,12.78125,0.0001248991466127336,0.9999910593032837,0,,0.0,0,0.9999910593032837,2.482463969499804e-06,1.3081665883873939e-06,2.8130002647230867e-06,2.3320590116782114e-06
generation-for-nlp-1865,2,2,12.046875,0.00019549124408513308,0.9999854564666748,0,,0.0,0,2.7478217816678807e-06,0.9999854564666748,2.106827878378681e-06,5.8627629186958075e-06,3.814972842519637e-06
generation-for-nlp-1867,1,1,13.875,4.312207965995185e-05,0.9999971389770508,0,,0.0,0,0.9999971389770508,7.630515028722584e-07,4.6644399276374315e-07,9.422428206562472e-07,6.786719950468978e-07
generation-for-nlp-1868,1,1,14.3046875,2.540186687838286e-05,0.9999984502792358,0,,0.0,0,0.9999984502792358,5.714998678740812e-07,1.7294122756084107e-07,6.131298277978203e-07,2.763592874543974e-07
generation-for-nlp-1869,1,1,10.8125,0.00044459247146733105,0.9999639987945557,0,,0.0,0,0.9999639987945557,7.411068054352654e-06,2.4439109438390005e-06,5.954960670351284e-06,2.0145371308899485e-05
generation-for-nlp-1870,1,1,12.546875,8.195136615540832e-05,0.9999942779541016,0,,0.0,0,0.9999942779541016,1.1189378028575447e-06,4.85023576857202e-07,3.555976945790462e-06,6.475915483861172e-07
generation-for-nlp-1871,1,1,11.09375,0.000444062432507053,0.9999645948410034,0,,0.0,0,0.9999645948410034,1.5206532225420233e-05,3.7852053083042847e-06,9.516005775367375e-06,6.9620582507923245e-06
generation-for-nlp-1872,1,1,12.875,0.00010584708070382476,0.9999926090240479,0,,0.0,0,0.9999926090240479,2.5612698664190248e-06,8.714281989341544e-07,2.2252700091485167e-06,1.8448134824211593e-06
generation-for-nlp-1873,2,2,11.3125,0.00025238568196073174,0.9999803304672241,0,,0.0,0,1.8885386907641077e-06,0.9999803304672241,1.948487351910444e-06,1.2218984920764342e-05,3.5007979022338986e-06
generation-for-nlp-1874,1,1,14.828125,1.6240033801295795e-05,0.999998927116394,0,,0.0,0,0.999998927116394,3.281849387803959e-07,1.1610729444555545e-07,3.632675884546188e-07,1.9596816969169595e-07
generation-for-nlp-1875,1,1,14.09375,3.215910692233592e-05,0.9999979734420776,0,,0.0,0,0.9999979734420776,7.571139803985716e-07,2.555904359269334e-07,5.98926476413908e-07,4.81250935990829e-07
generation-for-nlp-1876,1,1,14.484375,2.384123217780143e-05,0.9999984502792358,0,,0.0,0,0.9999984502792358,4.664446180413506e-07,1.9596808442656766e-07,5.122892048348149e-07,3.3860249004646903e-07
generation-for-nlp-1877,1,1,14.1484375,3.127693344140425e-05,0.9999979734420776,0,,0.0,0,0.9999979734420776,6.73391127747891e-07,2.720746010709263e-07,7.168210345298576e-07,3.6611641007766593e-07
generation-for-nlp-1878,3,3,5.890625,0.03925548866391182,0.9945025444030762,0,,0.0,0,0.002315770834684372,5.3617357480106875e-05,0.9945025444030762,0.0027500460855662823,0.00037803922896273434
generation-for-nlp-1879,5,5,10.21875,0.0006988762179389596,0.9999406337738037,0,,0.0,0,1.2606355994648766e-05,3.419566155571374e-06,6.853957074781647e-06,3.647770427051e-05,0.9999406337738037
generation-for-nlp-1880,1,1,12.765625,8.133720984915271e-05,0.9999942779541016,0,,0.0,0,0.9999942779541016,2.857307890735683e-06,8.059406013671833e-07,1.328771418229735e-06,6.947643100829737e-07
generation-for-nlp-1882,3,3,10.1015625,0.000617717276327312,0.9999467134475708,0,,0.0,0,2.0419283828232437e-06,4.822390565095702e-06,0.9999467134475708,4.101323429495096e-05,5.296359631756786e-06
generation-for-nlp-1883,1,1,12.65625,0.00011408743739593774,0.9999918937683105,0,,0.0,0,0.9999918937683105,3.1875495096755913e-06,8.512409976901836e-07,1.8448121181791066e-06,2.260311021018424e-06
generation-for-nlp-1884,1,1,12.203125,0.0001472372969146818,0.9999892711639404,0,,0.0,0,0.9999892711639404,5.014706403017044e-06,1.8448073433319223e-06,2.561261226219358e-06,1.3287648243931471e-06
generation-for-nlp-1885,1,1,5.984375,0.04706817865371704,0.9936096668243408,0,,0.0,0,0.9936096668243408,0.001075966632924974,0.0018019048729911447,0.001010777079500258,0.002501697512343526
generation-for-nlp-1886,3,3,7.46875,0.005603542551398277,0.9993615746498108,0,,0.0,0,2.7676455829350743e-06,1.9361943486728705e-05,0.9993615746498108,0.0005702768103219569,4.6085431677056476e-05
generation-for-nlp-1887,2,2,11.0,0.0005168722709640861,0.9999582767486572,0,,0.0,0,5.594135927822208e-06,0.9999582767486572,8.939403414842673e-06,1.670100391493179e-05,1.0451220987306442e-05
generation-for-nlp-1888,1,1,13.546875,4.0324848669115454e-05,0.9999973773956299,0,,0.0,0,0.9999973773956299,1.3081748875265475e-06,3.059015227790951e-07,6.526726679112471e-07,4.1486399027235166e-07
generation-for-nlp-1889,4,4,9.953125,0.000813412363640964,0.9999294281005859,0,,0.0,0,9.665521247370634e-06,3.2629361612634966e-06,1.0129378097190056e-05,0.9999294281005859,4.757536225952208e-05
generation-for-nlp-1890,1,1,13.34375,7.448306132573634e-05,0.9999948740005493,0,,0.0,0,0.9999948740005493,1.6028053551053745e-06,8.122622148221126e-07,1.4593708783650072e-06,1.2482660167734139e-06
generation-for-nlp-1891,1,1,13.59375,4.191885454929434e-05,0.9999971389770508,0,,0.0,0,0.9999971389770508,6.325918775473838e-07,3.1561179980599263e-07,1.248268858944357e-06,5.804989200441923e-07
generation-for-nlp-1892,1,1,11.9375,0.00019151212472934276,0.9999856948852539,0,,0.0,0,0.9999856948852539,2.2958918179938337e-06,2.368770992688951e-06,6.540386038977886e-06,3.041562194994185e-06
generation-for-nlp-1893,1,1,2.65625,0.26079848408699036,0.9321730732917786,0,,0.0,0,0.9321730732917786,0.0654488205909729,0.0004997079377062619,0.0010414808057248592,0.0008368533453904092
generation-for-nlp-1894,2,2,8.59375,0.002346291672438383,0.9997671246528625,0,,0.0,0,1.5442949006683193e-05,0.9997671246528625,7.526293302362319e-06,2.467776539560873e-05,0.00018521690799389035
generation-for-nlp-1895,2,2,11.984375,0.00019522299407981336,0.9999854564666748,0,,0.0,0,1.7741269857651787e-06,0.9999854564666748,1.370939230582735e-06,6.24087897449499e-06,5.255346877675038e-06
generation-for-nlp-1896,1,1,10.015625,0.0017594245728105307,0.9998419284820557,0,,0.0,0,0.9998419284820557,4.068979978910647e-05,3.321004624012858e-05,3.9437909435946494e-05,4.4689004425890744e-05
generation-for-nlp-1897,3,3,7.53125,0.005841136910021305,0.9993484616279602,0,,0.0,0,1.4276413821789902e-05,3.118255699519068e-05,0.9993484616279602,0.0005357185145840049,7.027097308309749e-05
generation-for-nlp-1898,4,4,4.140625,0.10951952636241913,0.9804190993309021,0,,0.0,0,0.01560131460428238,0.0002296049933647737,0.0012030440848320723,0.9804190993309021,0.002546844305470586
generation-for-nlp-1899,3,3,2.859375,0.22895272076129913,0.9433592557907104,0,,0.0,0,5.007152503821999e-05,0.00015665993851143867,0.9433592557907104,0.05405879020690918,0.0023751778062433004
generation-for-nlp-1900,1,1,7.109375,0.014284221455454826,0.9983487129211426,0,,0.0,0,0.9983487129211426,0.0008160559227690101,0.00025280233239755034,0.00025280233239755034,0.00032971639302559197
generation-for-nlp-1902,1,1,13.8671875,4.103156243218109e-05,0.9999972581863403,0,,0.0,0,0.9999972581863403,9.496330335423409e-07,4.116354261896049e-07,9.13253131784586e-07,4.3477368194544397e-07
generation-for-nlp-1906,3,3,10.578125,0.0004062200605403632,0.9999663829803467,0,,0.0,0,8.578954293625429e-07,3.5007490168936783e-06,0.9999663829803467,2.546619543863926e-05,3.7852119021408726e-06
generation-for-nlp-1907,1,1,12.15625,0.00016474019503220916,0.9999877214431763,0,,0.0,0,0.9999877214431763,5.255358701106161e-06,1.1726290267688455e-06,4.4951466406928375e-06,1.2679142855631653e-06
generation-for-nlp-1908,4,4,9.765625,0.001005873316898942,0.9999107122421265,0,,0.0,0,6.4890023168118205e-06,3.288466359663289e-06,2.2124184397398494e-05,0.9999107122421265,5.738576874136925e-05
generation-for-nlp-1909,1,1,13.09375,6.749427848262712e-05,0.9999953508377075,0,,0.0,0,0.9999953508377075,1.4823533547314582e-06,5.122876132190868e-07,2.0580439468176337e-06,5.989248847981798e-07
generation-for-nlp-1910,2,2,9.90625,0.001256248215213418,0.9998892545700073,0,,0.0,0,4.985654595657252e-05,0.9998892545700073,1.1477628504508175e-05,3.321161784697324e-05,1.6186051652766764e-05
generation-for-nlp-1911,1,1,12.5,0.00015366420848295093,0.9999887943267822,0,,0.0,0,0.9999887943267822,2.5612600893509807e-06,3.7266113395162392e-06,3.340512876093271e-06,1.55348288899404e-06
generation-for-nlp-1912,1,1,13.6875,4.450203414307907e-05,0.9999970197677612,0,,0.0,0,0.9999970197677612,1.1365616501279874e-06,3.493503584195423e-07,9.721526339490083e-07,5.043461897002999e-07
generation-for-nlp-1913,1,1,11.453125,0.00033937813714146614,0.9999735355377197,0,,0.0,0,0.9999735355377197,8.267722478194628e-06,2.812951152009191e-06,1.0615965948090889e-05,4.784991233464098e-06
generation-for-nlp-1914,2,2,10.515625,0.001005801954306662,0.9999139308929443,0,,0.0,0,9.222761036653537e-06,0.9999139308929443,2.710720400500577e-05,2.5865874704322778e-05,2.392202259215992e-05
generation-for-nlp-1915,1,1,12.453125,0.00010896338062593713,0.9999922513961792,0,,0.0,0,0.9999922513961792,1.6280415593428188e-06,7.811429441062501e-07,3.905468474840745e-06,1.4823488072579494e-06
generation-for-nlp-1917,2,2,10.625,0.0006426264299079776,0.9999469518661499,0,,0.0,0,6.438737727876287e-06,0.9999469518661499,2.4299541109940037e-05,1.0289073543390259e-05,1.2029145182168577e-05
generation-for-nlp-1918,1,1,12.609375,0.00011833659664262086,0.9999914169311523,0,,0.0,0,0.9999914169311523,3.3405217436666135e-06,1.0511417940506362e-06,2.5612666831875686e-06,1.5056911024657893e-06
generation-for-nlp-1919,1,1,13.9453125,3.836383257294074e-05,0.9999974966049194,0,,0.0,0,0.9999974966049194,8.78267087500717e-07,5.043464170739753e-07,7.112424214028579e-07,4.247022786785237e-07
generation-for-nlp-1920,3,3,11.203125,0.00032393791479989886,0.9999744892120361,0,,0.0,0,1.127691348301596e-06,3.4465028875274584e-06,0.9999744892120361,1.3631183719553519e-05,7.353471573878778e-06
generation-for-nlp-1923,4,4,8.671875,0.0041093984618783,0.9995854496955872,0,,0.0,0,0.00016599720402155071,1.2214159141876735e-05,6.50054425932467e-05,0.9995854496955872,0.00017126651073340327
generation-for-nlp-1925,1,1,12.140625,0.00010193233902100474,0.9999926090240479,0,,0.0,0,0.9999926090240479,8.186310083146964e-07,6.526695415232098e-07,5.33814454684034e-06,6.276661679294193e-07
generation-for-nlp-1926,1,1,14.15625,3.250022200518288e-05,0.9999978542327881,0,,0.0,0,0.9999978542327881,6.681506761196943e-07,4.021001416276704e-07,7.112426487765333e-07,3.2563062291046663e-07
generation-for-nlp-1928,3,3,9.78125,0.0008925162255764008,0.9999213218688965,0,,0.0,0,4.710560460807756e-06,8.869508747011423e-06,0.9999213218688965,5.64966794627253e-05,8.596623047196772e-06
generation-for-nlp-1929,3,3,9.6875,0.0012207762338221073,0.9998904466629028,0,,0.0,0,3.844529146590503e-06,9.97194820229197e-06,0.9998904466629028,6.204754754435271e-05,3.3734664611984044e-05
generation-for-nlp-1930,1,1,13.5625,5.9829108067788184e-05,0.9999959468841553,0,,0.0,0,0.9999959468841553,1.2878916777481209e-06,6.131282930255111e-07,1.2878916777481209e-06,8.646495643915841e-07
generation-for-nlp-1931,1,1,10.21875,0.0005625331541523337,0.999951958656311,0,,0.0,0,0.999951958656311,6.747772658854956e-06,2.2958142835705075e-06,3.6478115362115204e-05,2.4438816126348684e-06
generation-for-nlp-1933,1,1,10.46875,0.0007082709344103932,0.9999407529830933,0,,0.0,0,0.9999407529830933,8.13927636045264e-06,1.5206169337034225e-05,2.8408869184204377e-05,7.410895705106668e-06
generation-for-nlp-1934,1,1,14.09375,3.364971053088084e-05,0.9999978542327881,0,,0.0,0,0.9999978542327881,7.224431328722858e-07,3.548521192442422e-07,7.571138667117339e-07,3.604402536439011e-07
generation-for-nlp-1935,1,1,14.1796875,3.563757491065189e-05,0.9999977350234985,0,,0.0,0,0.9999977350234985,6.577919293704326e-07,6.276694080042944e-07,6.947666975065658e-07,3.493506142149272e-07
generation-for-nlp-1937,1,1,10.984375,0.0005530019989237189,0.9999550580978394,0,,0.0,0,0.9999550580978394,1.696395338512957e-05,4.289158823667094e-06,1.2029243407596368e-05,1.165914272860391e-05
generation-for-nlp-1938,2,2,9.859375,0.001115409075282514,0.9999008178710938,0,,0.0,0,7.295709110621829e-06,0.9999008178710938,3.784963837460964e-06,3.591073982533999e-05,5.224981941864826e-05
generation-for-nlp-1939,2,2,1.515625,0.5048630237579346,0.8159278631210327,0,,0.0,0,0.0018999468302354217,0.8159278631210327,0.002119543729349971,0.0008171569788828492,0.1792355626821518
generation-for-nlp-1940,1,1,13.125,5.7418757933191955e-05,0.9999960660934448,0,,0.0,0,0.9999960660934448,8.646496780784219e-07,4.416198464696208e-07,1.994725835174904e-06,6.131284067123488e-07
generation-for-nlp-1941,3,3,9.65625,0.0008448702283203602,0.999923825263977,0,,0.0,0,1.933214662130922e-06,5.014378075429704e-06,0.999923825263977,6.401928840205073e-05,5.255023097561207e-06
generation-for-nlp-1942,1,1,13.65625,4.4601853005588055e-05,0.9999970197677612,0,,0.0,0,0.9999970197677612,9.721526339490083e-07,4.084319584762852e-07,1.1726399407052668e-06,4.1811765072452545e-07
generation-for-nlp-1943,1,1,5.640625,0.027559150010347366,0.996046245098114,0,,0.0,0,0.996046245098114,0.00010190581087954342,0.003536610398441553,0.00024066935293376446,7.455589366145432e-05
generation-for-nlp-1944,1,1,11.640625,0.00021919158461969346,0.9999833106994629,0,,0.0,0,0.9999833106994629,1.8738476228463696e-06,4.785037617693888e-06,8.801031981420238e-06,1.2288993502806989e-06
generation-for-nlp-1946,4,4,8.15625,0.00503886304795742,0.9994681477546692,0,,0.0,0,2.5854342311504297e-05,1.2600398804352153e-05,0.0002065626031253487,0.9994681477546692,0.0002867837611120194
generation-for-nlp-1947,1,1,10.15625,0.0008367647533304989,0.9999285936355591,0,,0.0,0,0.9999285936355591,9.368135579279624e-06,9.079909432330169e-06,1.4063238268136047e-05,3.8829846744192764e-05
generation-for-nlp-1948,3,3,8.921875,0.0019499068148434162,0.9998134970664978,0,,0.0,0,6.642238531640032e-06,1.5809902834007517e-05,0.9998134970664978,0.0001334129337919876,3.0713399610249326e-05
generation-for-nlp-1949,1,1,12.6875,0.00010424234642414376,0.9999924898147583,0,,0.0,0,0.9999924898147583,3.0894807423464954e-06,7.168171123339562e-07,2.9480031571438303e-06,6.947630595277587e-07
generation-for-nlp-1951,1,1,13.6953125,3.9175531128421426e-05,0.9999973773956299,0,,0.0,0,0.9999973773956299,7.99671227014187e-07,2.457987591242272e-07,1.1277171552137588e-06,4.181177928330726e-07
generation-for-nlp-1952,2,2,11.359375,0.0003529017267283052,0.9999724626541138,0,,0.0,0,4.22273478761781e-06,0.9999724626541138,4.936877758154878e-06,1.1659345545922406e-05,6.747910902049625e-06
generation-for-nlp-1953,3,3,10.328125,0.0006425931351259351,0.9999459981918335,0,,0.0,0,4.7106768761295825e-06,8.732215064810589e-06,0.9999459981918335,3.269857552368194e-05,7.766592716507148e-06
generation-for-nlp-1954,1,1,13.6484375,4.700942736235447e-05,0.9999967813491821,0,,0.0,0,0.9999967813491821,1.1726397133315913e-06,3.7188144119681965e-07,1.1818368648164324e-06,4.1811756545939716e-07
generation-for-nlp-1955,4,4,10.703125,0.00045530128409154713,0.9999628067016602,0,,0.0,0,4.189832907286473e-06,2.106780129906838e-06,8.397830242756754e-06,0.9999628067016602,2.247375959996134e-05
generation-for-nlp-1956,2,2,8.5625,0.004499318078160286,0.9995447993278503,0,,0.0,0,4.262987204128876e-05,0.9995447993278503,4.755706322612241e-05,0.00017395650502294302,0.00019105382671114057
generation-for-nlp-1957,1,1,14.40625,2.1884628949919716e-05,0.9999985694885254,0,,0.0,0,0.9999985694885254,3.989712809016055e-07,1.8409498636628996e-07,5.539167204915429e-07,2.4579907176303095e-07
generation-for-nlp-1958,1,1,13.25,4.8126679757842794e-05,0.9999967813491821,0,,0.0,0,0.9999967813491821,8.579214636483812e-07,2.2910951713583927e-07,1.7603406377020292e-06,4.148637344769668e-07
generation-for-nlp-1959,1,1,14.375,2.1153089619474486e-05,0.9999986886978149,0,,0.0,0,0.9999986886978149,3.897291662724456e-07,2.0537284228794306e-07,5.715000384043378e-07,1.742976536434071e-07
generation-for-nlp-1960,1,1,13.234375,8.466291183140129e-05,0.999994158744812,0,,0.0,0,0.999994158744812,1.3925404118708684e-06,1.209860101880622e-06,1.7880573750517215e-06,1.4823516494288924e-06
generation-for-nlp-1961,2,2,9.703125,0.0010806374484673142,0.999903678894043,0,,0.0,0,6.5398498918511905e-06,0.999903678894043,4.494768745644251e-06,6.108639354351908e-05,2.4298489734064788e-05
generation-for-nlp-1962,4,4,7.4375,0.00771515816450119,0.9991241097450256,0,,0.0,0,1.4726288100064266e-05,1.592291664564982e-05,0.00025698283570818603,0.9991241097450256,0.0005882395780645311
generation-for-nlp-1964,2,2,8.25,0.0035913456231355667,0.9996321201324463,0,,0.0,0,2.4674433007021435e-05,0.9996321201324463,1.2800926924683154e-05,0.00026116243680007756,6.920115993125364e-05
generation-for-nlp-1966,1,1,13.03125,8.265163342002779e-05,0.9999942779541016,0,,0.0,0,0.9999942779541016,1.2098602155674598e-06,9.874590887193335e-07,2.1907740119786467e-06,1.3496966175807756e-06
generation-for-nlp-1967,1,1,13.71875,4.238749170326628e-05,0.9999972581863403,0,,0.0,0,0.9999972581863403,7.112422508726013e-07,2.657718027876399e-07,1.1015935115210596e-06,7.395748866656504e-07
generation-for-nlp-1968,1,1,13.953125,2.721559940255247e-05,0.9999983310699463,0,,0.0,0,0.9999983310699463,8.714331443115952e-07,1.7294121334998636e-07,5.496060566656524e-07,1.7843093758074247e-07
generation-for-nlp-1969,1,1,13.8984375,3.256767740822397e-05,0.9999978542327881,0,,0.0,0,0.9999978542327881,9.204164825860062e-07,2.4579887281106494e-07,6.375538532665814e-07,3.205822167728911e-07
generation-for-nlp-1973,1,1,14.8125,1.3923669030191377e-05,0.9999991655349731,0,,0.0,0,0.9999991655349731,2.4198843107114953e-07,1.1701796864826974e-07,3.6898831012877054e-07,1.305429719877793e-07
generation-for-nlp-1975,1,1,12.953125,8.267172961495817e-05,0.999994158744812,0,,0.0,0,0.999994158744812,2.36879100157239e-06,6.839929369562014e-07,1.8738679727903218e-06,8.38045593809511e-07
generation-for-nlp-1976,2,2,11.4375,0.0003615861642174423,0.9999717473983765,0,,0.0,0,5.6823068916855846e-06,0.9999717473983765,2.812945922414656e-06,1.0783123798319139e-05,9.080301424546633e-06
generation-for-nlp-1977,1,1,14.1484375,3.141428896924481e-05,0.9999979734420776,0,,0.0,0,0.9999979734420776,6.577920999006892e-07,3.6611641007766593e-07,7.168210345298576e-07,2.9649007160514884e-07
generation-for-nlp-1978,1,1,14.2421875,2.7967127607553266e-05,0.9999982118606567,0,,0.0,0,0.9999982118606567,5.582609219345613e-07,2.0061527550296887e-07,6.526731795020169e-07,3.8972896732047957e-07
generation-for-nlp-1979,1,1,14.21875,2.866540671675466e-05,0.9999982118606567,0,,0.0,0,0.9999982118606567,6.681509034933697e-07,1.5502347139317862e-07,5.626394568025717e-07,4.701028615272662e-07
generation-for-nlp-1981,1,1,14.0546875,3.658113564597443e-05,0.999997615814209,0,,0.0,0,0.999997615814209,7.690365464441129e-07,3.718817538356234e-07,7.872736773606448e-07,4.664442201374186e-07
generation-for-nlp-1982,1,1,10.15625,0.0006346981972455978,0.9999454021453857,0,,0.0,0,0.9999454021453857,3.8830497942399234e-05,3.340368039062014e-06,1.0952645425277296e-05,1.3708843198401155e-06
generation-for-nlp-1984,1,1,13.265625,5.173458339413628e-05,0.999996542930603,0,,0.0,0,0.999996542930603,9.204152888742101e-07,3.9278498320527433e-07,1.7330486343780649e-06,4.5921217406430515e-07
generation-for-nlp-1985,1,1,13.5,5.3295989346224815e-05,0.9999964237213135,0,,0.0,0,0.9999964237213135,1.3709542372453143e-06,4.926626502310683e-07,8.512448061992473e-07,8.714314958524483e-07
generation-for-nlp-1986,1,1,12.15625,0.00017165944154839963,0.9999873638153076,0,,0.0,0,0.9999873638153076,2.994412170664873e-06,9.422336120223918e-07,5.255356882116757e-06,3.5008224585908465e-06
generation-for-nlp-1987,3,3,9.5,0.001425999216735363,0.9998708963394165,0,,0.0,0,6.853479135315865e-06,2.2296817405731417e-05,0.9998708963394165,7.484217348974198e-05,2.506898636056576e-05
generation-for-nlp-1989,2,2,9.6875,0.0013536327751353383,0.9998787641525269,0,,0.0,0,6.204681994859129e-05,0.9998787641525269,5.954453172307694e-06,3.071540413657203e-05,2.247187148896046e-05
generation-for-nlp-1990,2,2,9.390625,0.0016618527006357908,0.9998477697372437,0,,0.0,0,1.3844089153280947e-05,0.9998477697372437,4.0690036257728934e-05,8.349053678102791e-05,1.4283546988735907e-05
generation-for-nlp-1991,1,1,10.546875,0.000408973079174757,0.9999661445617676,0,,0.0,0,0.9999661445617676,2.7263854462944437e-06,2.156748450943269e-06,2.7263854462944437e-06,2.627457433845848e-05
generation-for-nlp-1992,2,2,12.7734375,0.00011825313413282856,0.9999915361404419,0,,0.0,0,1.9333456293679774e-06,0.9999915361404419,9.721472906676354e-07,2.835064151440747e-06,2.7052369659941178e-06
generation-for-nlp-1993,1,1,9.640625,0.0009079136652871966,0.9999185800552368,0,,0.0,0,0.9999185800552368,6.502710311906412e-05,5.771483301941771e-06,6.642937023570994e-06,4.092594735993771e-06
generation-for-nlp-1994,1,1,5.203125,0.03819125145673752,0.9940979480743408,0,,0.0,0,0.9940979480743408,0.00010826598736457527,0.00012461337610147893,0.00020226748893037438,0.0054668947122991085
generation-for-nlp-1995,3,3,6.890625,0.01072678342461586,0.9987102746963501,0,,0.0,0,8.789827006694395e-06,6.806546298321337e-05,0.9987102746963501,0.0010159658268094063,0.00019695397350005805
generation-for-nlp-1996,1,1,12.109375,0.00017693679546937346,0.9999868869781494,0,,0.0,0,0.9999868869781494,5.507563855644548e-06,1.0930094731520512e-06,5.255354153632652e-06,1.3496866131390561e-06
generation-for-nlp-1998,1,1,8.96875,0.0020845888648182154,0.9998015761375427,0,,0.0,0,0.9998015761375427,0.000127301987959072,1.4968335563025903e-05,4.4687199988402426e-05,1.1476621693873312e-05
generation-for-nlp-1999,1,1,11.78125,0.00016263648285530508,0.9999879598617554,0,,0.0,0,0.9999879598617554,7.646503945579752e-06,1.2385434047246235e-06,2.2958968202146934e-06,1.0030030352936592e-06
generation-for-nlp-2000,3,3,6.859375,0.012434116564691067,0.9985197186470032,0,,0.0,0,0.0001908578851725906,4.750828884425573e-05,0.9985197186470032,0.0010480160126462579,0.00019386346684768796
generation-for-nlp-2001,1,1,12.0625,0.0001186210211017169,0.9999912977218628,0,,0.0,0,0.9999912977218628,5.771903033746639e-06,7.395705097223981e-07,1.6280399677270907e-06,5.670484028996725e-07
generation-for-nlp-2002,1,1,9.6875,0.0015469861682504416,0.9998599290847778,0,,0.0,0,0.9998599290847778,1.4508656022371724e-05,6.204565579537302e-05,5.143765883985907e-05,1.2028099263261538e-05
generation-for-nlp-2003,1,1,14.15625,2.100755227729678e-05,0.9999986886978149,0,,0.0,0,0.9999986886978149,3.661166658730508e-07,1.4563114802967903e-07,7.112432740541408e-07,1.1979291514307988e-07
generation-for-nlp-2004,4,4,11.0625,0.0003851479559671134,0.9999690055847168,0,,0.0,0,1.948465296663926e-06,1.541362962598214e-06,1.1842911590065341e-05,0.9999690055847168,1.568931111251004e-05
generation-for-nlp-2005,2,2,11.640625,0.00026565298321656883,0.9999796152114868,0,,0.0,0,4.495109806157416e-06,0.9999796152114868,1.3184117051423527e-06,5.771835276391357e-06,8.800999239610974e-06
generation-for-nlp-2006,1,1,13.1875,5.768041592091322e-05,0.9999960660934448,0,,0.0,0,0.9999960660934448,1.1544588005563128e-06,3.632665652730793e-07,1.8738714970822912e-06,5.453276799016749e-07
generation-for-nlp-2007,1,1,12.3125,8.76809936016798e-05,0.9999936819076538,0,,0.0,0,0.9999936819076538,7.168179649852391e-07,3.989693198036548e-07,4.49517347078654e-06,7.057048492242757e-07
generation-for-nlp-2008,1,1,1.109375,0.6058398485183716,0.7462635040283203,0,,0.0,0,0.7462635040283203,0.00034756757668219507,0.0015097645809873939,0.00578751927241683,0.24609160423278809
generation-for-nlp-2009,2,2,9.203125,0.0014304544311016798,0.999866247177124,0,,0.0,0,6.853447303001303e-06,0.999866247177124,4.424918643053388e-06,0.00010071067663375288,2.178021168219857e-05
generation-for-nlp-2010,1,1,14.390625,2.2306101527647115e-05,0.9999985694885254,0,,0.0,0,0.9999985694885254,4.247027334258746e-07,1.8266237589159573e-07,5.626396841762471e-07,2.4388626229665533e-07
generation-for-nlp-2011,1,1,13.390625,4.62785319541581e-05,0.9999969005584717,0,,0.0,0,0.9999969005584717,1.5294107242880273e-06,4.181175938811066e-07,7.512212505389471e-07,4.052535018672643e-07
generation-for-nlp-2012,2,2,7.828125,0.009793611243367195,0.9989206790924072,0,,0.0,0,0.00039794170879758894,0.9989206790924072,7.247058238135651e-05,0.0003856983967125416,0.00022322508448269218
generation-for-nlp-2013,1,1,13.6875,4.163709672866389e-05,0.9999972581863403,0,,0.0,0,0.9999972581863403,1.1365619911885005e-06,3.6044002627022564e-07,7.453754733433016e-07,5.163064997759648e-07
generation-for-nlp-2014,1,1,13.9921875,3.140729677397758e-05,0.9999979734420776,0,,0.0,0,0.9999979734420776,8.380487770409673e-07,2.4198814685405523e-07,5.98926476413908e-07,3.6326724739410565e-07
generation-for-nlp-2015,1,1,13.734375,3.494234260870144e-05,0.999997615814209,0,,0.0,0,0.999997615814209,4.3477385247570055e-07,2.1189184451486653e-07,1.084515247384843e-06,5.58260637717467e-07
generation-for-nlp-2016,1,1,14.296875,2.604991095722653e-05,0.9999983310699463,0,,0.0,0,0.9999983310699463,6.17938667346607e-07,2.2380255870757537e-07,4.812511065210856e-07,3.439346585309977e-07
generation-for-nlp-2018,2,2,11.359375,0.00023443996906280518,0.9999818801879883,0,,0.0,0,1.8161929347115802e-06,0.9999818801879883,1.933326984726591e-06,1.165945559478132e-05,2.6841589715331793e-06
generation-for-nlp-2019,1,1,12.65625,0.00011251627438468859,0.9999918937683105,0,,0.0,0,0.9999918937683105,2.2252684175327886e-06,4.1811551909631817e-07,3.1875495096755913e-06,2.2252684175327886e-06
generation-for-nlp-2020,2,2,10.421875,0.0008619616855867207,0.9999263286590576,0,,0.0,0,1.0129346264875494e-05,0.9999263286590576,4.898231964034494e-06,2.8855825803475454e-05,2.9771807021461427e-05
generation-for-nlp-2021,2,2,9.359375,0.0015020521823316813,0.9998620748519897,0,,0.0,0,6.240109087229939e-06,0.9998620748519897,1.473716565669747e-05,8.614204853074625e-05,3.071489481953904e-05
generation-for-nlp-2023,3,3,10.65625,0.0003964219940826297,0.9999675750732422,0,,0.0,0,1.2778330074070254e-06,2.834996394085465e-06,0.9999675750732422,2.3552411221317016e-05,4.860314220422879e-06
generation-for-nlp-2024,1,1,13.171875,5.5717056966386735e-05,0.9999963045120239,0,,0.0,0,0.9999963045120239,7.750671784378937e-07,6.375528869284608e-07,1.9033813032365288e-06,4.775050115313206e-07
generation-for-nlp-2025,4,4,10.09375,0.0011922073317691684,0.9998953342437744,0,,0.0,0,3.0715913453605026e-05,5.093198069516802e-06,2.7533569664228708e-05,0.9998953342437744,4.133277980145067e-05
generation-for-nlp-2026,2,2,7.671875,0.006962536368519068,0.9992456436157227,0,,0.0,0,0.0004653923970181495,0.9992456436157227,4.3288233428029343e-05,0.00015834177611395717,8.744464139454067e-05
generation-for-nlp-2027,2,2,11.890625,0.0002785313408821821,0.99997878074646,0,,0.0,0,3.998030024376931e-06,0.99997878074646,3.5559216939873295e-06,6.854218554508407e-06,6.854218554508407e-06
generation-for-nlp-2029,1,1,13.921875,3.084220952587202e-05,0.9999979734420776,0,,0.0,0,0.9999979734420776,6.325923891381535e-07,2.3090672129910672e-07,8.990951414489246e-07,2.4579890123277437e-07
generation-for-nlp-2030,2,2,11.765625,0.0002464069111738354,0.9999812841415405,0,,0.0,0,3.5282582757645287e-06,0.9999812841415405,1.8447925640430185e-06,5.594264621322509e-06,7.766866474412382e-06
generation-for-nlp-2031,1,1,13.75,3.650248618214391e-05,0.999997615814209,0,,0.0,0,0.999997615814209,7.395751708827447e-07,2.1691671747703367e-07,1.0677015325200045e-06,3.8368656873899454e-07
generation-for-nlp-2032,1,1,3.125,0.32170170545578003,0.9314075112342834,0,,0.0,0,0.9314075112342834,0.002657329896464944,0.009720110334455967,0.015291878022253513,0.040923189371824265
generation-for-nlp-2033,1,1,13.796875,3.609093982959166e-05,0.999997615814209,0,,0.0,0,0.999997615814209,7.281090574906557e-07,3.466319355993619e-07,1.018807893160556e-06,2.785265849070129e-07
generation-for-nlp-2034,3,3,10.6484375,0.0004080497019458562,0.9999663829803467,0,,0.0,0,7.570900493192312e-07,2.9249854378576856e-06,0.9999663829803467,2.373710594838485e-05,6.14400596532505e-06
generation-for-nlp-2035,3,3,7.8125,0.007424822077155113,0.999194324016571,0,,0.0,0,0.00040431914385408163,4.195424116915092e-05,0.999194324016571,0.0002822602691594511,7.716565596638247e-05
generation-for-nlp-2036,1,1,11.609375,0.00027657978353090584,0.99997878074646,0,,0.0,0,0.99997878074646,5.09362280354253e-06,1.3496756992026349e-06,9.080365089175757e-06,5.771830728917848e-06
generation-for-nlp-2038,1,1,13.875,3.542812919477001e-05,0.9999977350234985,0,,0.0,0,0.9999977350234985,5.326961058926827e-07,3.412579587802611e-07,9.42243332247017e-07,5.04346530760813e-07
generation-for-nlp-2039,2,2,12.3125,0.00013577911886386573,0.9999901056289673,0,,0.0,0,1.8020738252744195e-06,0.9999901056289673,8.990880928649858e-07,4.495157099881908e-06,2.663292434590403e-06
generation-for-nlp-2040,1,1,13.015625,0.00010764997568912804,0.9999923706054688,0,,0.0,0,0.9999923706054688,1.8448130276738084e-06,1.4708131175211747e-06,2.0580378077283967e-06,2.2252693270274904e-06
generation-for-nlp-2041,1,1,10.625,0.0005606812774203718,0.9999537467956543,0,,0.0,0,0.9999537467956543,3.1874280921329046e-06,5.954899279458914e-06,2.429970663797576e-05,1.2805046026187483e-05
generation-for-nlp-2042,3,3,10.21875,0.0006206874968484044,0.9999474287033081,0,,0.0,0,4.3227660171396565e-06,4.189768787909998e-06,0.9999474287033081,3.6477951653068885e-05,7.646193807886448e-06
generation-for-nlp-2044,1,1,4.4375,0.06728246062994003,0.9879472851753235,0,,0.0,0,0.9879472851753235,0.011682935990393162,0.0001425416994607076,0.00014478640514425933,8.249680831795558e-05
generation-for-nlp-2045,1,1,13.75,4.0566046664025635e-05,0.9999972581863403,0,,0.0,0,0.9999972581863403,9.349103606837161e-07,3.466318219125242e-07,1.0677010777726537e-06,3.359670870395348e-07
generation-for-nlp-2047,2,2,5.09375,0.06078541278839111,0.9907752871513367,0,,0.0,0,0.006078376900404692,0.9907752871513367,0.0001166721704066731,0.0010562636889517307,0.001973360311239958
generation-for-nlp-2048,1,1,13.9921875,3.445212496444583e-05,0.999997615814209,0,,0.0,0,0.999997615814209,6.62950867535983e-07,3.156119703362492e-07,8.38048492823873e-07,4.2139723177569977e-07
generation-for-nlp-2049,3,3,10.5625,0.00045753829181194305,0.9999622106552124,0,,0.0,0,1.318388740401133e-06,4.460051059140824e-06,0.9999622106552124,2.5867124350043014e-05,6.1439800447260495e-06
generation-for-nlp-2050,2,2,12.296875,0.00017218863649759442,0.9999873638153076,0,,0.0,0,3.3145120141853113e-06,0.9999873638153076,1.0930100415862398e-06,4.5659330680791754e-06,3.726606109921704e-06
generation-for-nlp-2051,1,1,14.1171875,3.4655662602744997e-05,0.9999977350234985,0,,0.0,0,0.9999977350234985,7.395752845695824e-07,3.5485209082253277e-07,6.893599788782012e-07,4.737896972528688e-07
generation-for-nlp-2052,3,3,10.421875,0.0004537638451438397,0.9999618530273438,0,,0.0,0,8.18605826680141e-07,3.263042117396253e-06,0.9999618530273438,2.977286567329429e-05,4.2558090171951335e-06
generation-for-nlp-2053,1,1,12.0,0.00018421051208861172,0.9999861717224121,0,,0.0,0,0.9999861717224121,6.144127382867737e-06,1.267912352886924e-06,5.014690941607114e-06,1.3496857036443544e-06
generation-for-nlp-2055,1,1,12.71875,0.00012142278137616813,0.9999912977218628,0,,0.0,0,0.9999912977218628,2.9944237667223206e-06,1.1726332331818412e-06,2.9479995191650232e-06,1.5779505702084862e-06
generation-for-nlp-2056,1,1,13.015625,6.542513438034803e-05,0.9999954700469971,0,,0.0,0,0.9999954700469971,2.225276375611429e-06,6.786708581785206e-07,9.204143225360895e-07,6.681490845039662e-07
generation-for-nlp-2058,1,1,13.6953125,4.1657807742012665e-05,0.9999972581863403,0,,0.0,0,0.9999972581863403,8.059429887907754e-07,3.359670870395348e-07,1.127717041526921e-06,4.926630481350003e-07
generation-for-nlp-2060,1,1,13.625,4.791376704815775e-05,0.9999967813491821,0,,0.0,0,0.9999967813491821,1.1544595963641768e-06,3.8070035657256085e-07,1.2098632851120783e-06,4.6644382223348657e-07
generation-for-nlp-2061,2,2,10.78125,0.0007246244931593537,0.9999397993087769,0,,0.0,0,1.4284861208579969e-05,0.9999397993087769,6.5400859057263006e-06,2.0784351363545284e-05,1.8630971680977382e-05
generation-for-nlp-2062,1,1,6.75,0.014875783585011959,0.9982169270515442,0,,0.0,0,0.9982169270515442,0.0011687919031828642,0.00018206264940090477,0.0002690711698960513,0.00016319990390911698
generation-for-nlp-2063,1,1,13.78125,3.8249039789661765e-05,0.9999974966049194,0,,0.0,0,0.9999974966049194,8.990946867015737e-07,2.3454286690594017e-07,1.0348516070735059e-06,3.6326707686384907e-07
generation-for-nlp-2065,3,3,9.359375,0.001337774796411395,0.9998772144317627,0,,0.0,0,6.800188657507533e-06,8.012579201022163e-06,0.9998772144317627,8.614335092715919e-05,2.1780451788799837e-05
generation-for-nlp-2066,2,2,11.15625,0.00038444402161985636,0.9999696016311646,0,,0.0,0,4.029350748169236e-06,0.9999696016311646,7.071730124152964e-06,1.42852877615951e-05,4.975583124178229e-06
generation-for-nlp-2067,1,1,13.6796875,4.426947998581454e-05,0.9999970197677612,0,,0.0,0,0.9999970197677612,9.496328061686654e-07,3.6043994100509735e-07,1.1454757213869016e-06,4.888290163762576e-07
generation-for-nlp-2070,2,2,12.1328125,0.00019272325152996927,0.9999856948852539,0,,0.0,0,1.7741274405125296e-06,0.9999856948852539,3.7558281746896682e-06,5.379975391406333e-06,3.393108045202098e-06
generation-for-nlp-2071,1,1,14.6640625,1.897218680824153e-05,0.9999988079071045,0,,0.0,0,0.9999988079071045,3.8070112395871547e-07,1.6631599919492146e-07,4.280337861928274e-07,2.135539887149207e-07
generation-for-nlp-2072,2,2,10.234375,0.0009361846605315804,0.999920129776001,0,,0.0,0,1.3419122296909336e-05,0.999920129776001,1.8923994502983987e-05,3.591143467929214e-05,1.1658735274977516e-05
generation-for-nlp-2073,1,1,11.234375,0.0005034029018133879,0.9999595880508423,0,,0.0,0,0.9999595880508423,1.1125282071589027e-05,9.368426617584191e-06,1.3211599252827e-05,6.643209417234175e-06
generation-for-nlp-2075,1,1,12.84375,6.181903881952167e-05,0.9999957084655762,0,,0.0,0,0.9999957084655762,2.64258142124163e-06,5.539151288758148e-07,8.315251420754066e-07,2.6165096755903505e-07
generation-for-nlp-2076,1,1,14.296875,2.881671753129922e-05,0.9999982118606567,0,,0.0,0,0.9999982118606567,5.804995453217998e-07,2.596154615730484e-07,6.179386105031881e-07,4.0210028373621753e-07
generation-for-nlp-2077,1,1,13.03125,5.738585241488181e-05,0.9999960660934448,0,,0.0,0,0.9999960660934448,8.315254262925009e-07,4.416198464696208e-07,2.1907778773311293e-06,4.664434811729734e-07
generation-for-nlp-2078,3,3,6.515625,0.022051293402910233,0.9972386360168457,0,,0.0,0,0.0014760433696210384,0.0001250070781679824,0.9972386360168457,0.0008151485817506909,0.00034515559673309326
generation-for-nlp-2079,1,1,13.5,4.9213187594432384e-05,0.9999967813491821,0,,0.0,0,0.9999967813491821,1.3709546919926652e-06,4.020996868803195e-07,1.136561422754312e-06,4.084318732111569e-07
generation-for-nlp-2082,1,1,13.3515625,6.76840209052898e-05,0.999995231628418,0,,0.0,0,0.999995231628418,1.3602838180304389e-06,5.368727329368994e-07,1.590332772138936e-06,1.1365596037649084e-06
generation-for-nlp-2084,1,1,8.71875,0.0020022597163915634,0.9998031258583069,0,,0.0,0,0.9998031258583069,0.0001634592335904017,8.663021617394406e-06,1.3417551599559374e-05,1.1298710887786001e-05
generation-for-nlp-2085,2,2,11.84375,0.00021677554468624294,0.9999837875366211,0,,0.0,0,3.4735662666207645e-06,0.9999837875366211,2.026113634201465e-06,7.1831955210655e-06,3.6119372452958487e-06
generation-for-nlp-2086,5,5,4.78125,0.054614417254924774,0.990978479385376,0,,0.0,0,0.008309860713779926,0.00010962583473883569,0.00017518158711027354,0.00042685659718699753,0.990978479385376
generation-for-nlp-2087,1,1,13.7890625,3.724425914697349e-05,0.9999974966049194,0,,0.0,0,0.9999974966049194,9.20416141525493e-07,1.9142831320095866e-07,1.0267983725498198e-06,3.230964296108141e-07
generation-for-nlp-2088,2,2,7.046875,0.013425215147435665,0.9983963370323181,0,,0.0,0,3.4214710467495024e-05,0.9983963370323181,8.468221494695172e-05,0.000868728500790894,0.0006160206976346672
generation-for-nlp-2089,2,2,11.265625,0.0003455959667917341,0.9999728202819824,0,,0.0,0,3.4464972031855723e-06,0.9999728202819824,2.295862259416026e-06,1.2805289770767558e-05,8.664492270327173e-06
generation-for-nlp-2090,5,5,2.125,0.6721084117889404,0.8129575252532959,0,,0.0,0,0.09709393233060837,0.0017236237181350589,0.02454918995499611,0.06367575377225876,0.8129575252532959
generation-for-nlp-2092,4,4,6.03125,0.027134127914905548,0.9963817596435547,0,,0.0,0,0.0002728059480432421,5.7183238823199645e-05,0.0008944963337853551,0.9963817596435547,0.0023937963414937258
generation-for-nlp-2093,4,4,8.078125,0.004269544035196304,0.9995539784431458,0,,0.0,0,2.6263744075549766e-05,1.3625451174448244e-05,9.60687902988866e-05,0.9995539784431458,0.00031011385726742446
generation-for-nlp-2094,1,1,14.1875,2.930466871475801e-05,0.9999980926513672,0,,0.0,0,0.9999980926513672,6.893602062518767e-07,2.616515928366425e-07,5.122890343045583e-07,4.2470250605219917e-07
generation-for-nlp-2095,2,2,9.8125,0.001254163682460785,0.9998893737792969,0,,0.0,0,2.546423456806224e-05,0.9998893737792969,1.3418709386314731e-05,5.475671059684828e-05,1.6962838344625197e-05
generation-for-nlp-2097,1,1,9.421875,0.0014476394280791283,0.9998680353164673,0,,0.0,0,0.9998680353164673,1.7229596778634004e-05,8.092344069154933e-05,2.7105961635243148e-05,6.642600965278689e-06
generation-for-nlp-2098,1,1,9.90625,0.0009781391127035022,0.9999148845672607,0,,0.0,0,0.9999148845672607,1.0450767149450257e-05,1.1299974175926764e-05,4.9857826525112614e-05,1.3419051356322598e-05
generation-for-nlp-2099,1,1,11.1875,0.00032153818756341934,0.9999748468399048,0,,0.0,0,0.9999748468399048,1.3845848116034176e-05,2.7693440642906353e-06,4.860349690716248e-06,3.726559498318238e-06
generation-for-nlp-2100,2,2,11.171875,0.00028544937958940864,0.9999775886535645,0,,0.0,0,2.561231440267875e-06,0.9999775886535645,2.2252365852182265e-06,1.4063926755625289e-05,3.50078835253953e-06
generation-for-nlp-2101,1,1,13.046875,7.026238017715514e-05,0.999995231628418,0,,0.0,0,0.999995231628418,8.44619307827088e-07,6.526712468257756e-07,2.156811206077691e-06,1.1911042747669853e-06
generation-for-nlp-2102,2,2,11.71875,0.00023974498617462814,0.9999818801879883,0,,0.0,0,2.5215340428985655e-06,0.9999818801879883,2.8129745714977616e-06,8.139611054502893e-06,4.710845587396761e-06
generation-for-nlp-2103,3,3,7.625,0.0048347883857786655,0.9994580149650574,0,,0.0,0,2.1556525098276325e-06,1.5559258827124722e-05,0.9994580149650574,0.00048783072270452976,3.646009645308368e-05
generation-for-nlp-2104,1,1,11.71875,0.0002817722852341831,0.9999784231185913,0,,0.0,0,0.9999784231185913,7.4111749199801125e-06,2.3687537122896174e-06,8.139582860167138e-06,3.726572685991414e-06
generation-for-nlp-2105,1,1,8.75,0.002177838934585452,0.9997884631156921,0,,0.0,0,0.9997884631156921,0.00015842779248487204,1.593350498296786e-05,2.1440871933009475e-05,1.5686477127019316e-05
generation-for-nlp-2106,2,2,12.078125,0.00018270162399858236,0.9999864101409912,0,,0.0,0,2.2252561393543147e-06,0.9999864101409912,2.10682992474176e-06,5.682390110450797e-06,3.5008192753593903e-06
generation-for-nlp-2107,1,1,12.71875,0.00010138135257875547,0.999992847442627,0,,0.0,0,0.999992847442627,2.0261318240955006e-06,1.0511432719795266e-06,2.994428541569505e-06,1.1015887366738752e-06
generation-for-nlp-2108,2,2,12.140625,0.00017442734679207206,0.9999871253967285,0,,0.0,0,1.816202370719111e-06,0.9999871253967285,1.5293958313122857e-06,4.222796633257531e-06,5.338115443009883e-06
generation-for-nlp-2109,3,3,10.3125,0.0004937322810292244,0.9999580383300781,0,,0.0,0,1.1634690508799395e-06,2.190694658565917e-06,0.9999580383300781,3.3213902497664094e-05,5.33795991941588e-06
generation-for-nlp-2110,4,4,5.953125,0.029812540858983994,0.9960132837295532,0,,0.0,0,0.00046388694318011403,0.00010847458179341629,0.0008269678801298141,0.9960132837295532,0.002587353577837348
generation-for-nlp-2111,1,1,14.5703125,2.2752970835426822e-05,0.9999985694885254,0,,0.0,0,0.9999985694885254,4.701030320575228e-07,2.419882889626024e-07,4.701030320575228e-07,2.5961554683817667e-07
generation-for-nlp-2112,2,2,9.3125,0.0012310429010540247,0.9998860359191895,0,,0.0,0,3.697230795296491e-06,0.9998860359191895,8.529421393177472e-06,9.027825581142679e-05,1.1477592124720104e-05
generation-for-nlp-2113,2,2,11.125,0.0004308071220293641,0.9999655485153198,0,,0.0,0,6.339032552205026e-06,0.9999655485153198,2.7263838546787156e-06,1.0615881365083624e-05,1.4738690879312344e-05
generation-for-nlp-2114,2,2,8.609375,0.0035909265279769897,0.9996449947357178,0,,0.0,0,4.5383814722299576e-05,0.9996449947357178,3.1191808375297114e-05,0.0001823231141315773,9.607753599993885e-05
generation-for-nlp-2115,1,1,12.890625,0.00010287565237376839,0.9999927282333374,0,,0.0,0,0.9999927282333374,1.8738652443062165e-06,1.4593678088203887e-06,2.5215613277396187e-06,1.3925384791946271e-06
generation-for-nlp-2116,1,1,12.078125,0.00012886174954473972,0.9999905824661255,0,,0.0,0,0.9999905824661255,5.682413757313043e-06,7.571084097435232e-07,1.8448097307555145e-06,1.1544524340934004e-06
generation-for-nlp-2117,1,1,14.3515625,2.255407889606431e-05,0.9999985694885254,0,,0.0,0,0.9999985694885254,3.8368693822121713e-07,2.3638264678993437e-07,5.850527031725505e-07,2.2555789769285184e-07
generation-for-nlp-2118,1,1,14.2109375,2.681226033018902e-05,0.9999982118606567,0,,0.0,0,0.9999982118606567,5.89641103942995e-07,2.4579898649790266e-07,6.733912982781476e-07,2.1189197241255897e-07
generation-for-nlp-2121,1,1,12.734375,8.880696987034753e-05,0.9999936819076538,0,,0.0,0,0.9999936819076538,1.5534905060121673e-06,7.750651320748148e-07,9.57077759267122e-07,2.948006567748962e-06
generation-for-nlp-2122,1,1,14.265625,2.4599485186627135e-05,0.9999984502792358,0,,0.0,0,0.9999984502792358,4.2139757283621293e-07,2.2910990082891658e-07,6.375542511705135e-07,2.829129925885354e-07
generation-for-nlp-2123,2,2,7.859375,0.005993313621729612,0.9993659853935242,0,,0.0,0,5.8257701311958954e-05,0.9993659853935242,8.609930955572054e-05,0.0003858703130390495,0.00010385557834524661
generation-for-nlp-2125,1,1,8.59375,0.004489329643547535,0.9995519518852234,0,,0.0,0,0.9995519518852234,0.00010717226541601121,6.399548146873713e-05,9.166929521597922e-05,0.00018517705029807985
generation-for-nlp-2126,5,5,9.875,0.000932487309910357,0.9999184608459473,0,,0.0,0,1.4737996934854891e-05,5.133263130119303e-06,1.012926713883644e-05,5.144066744833253e-05,0.9999184608459473
generation-for-nlp-2127,3,3,9.625,0.001069568796083331,0.9999043941497803,0,,0.0,0,6.438463515223702e-06,7.766269845888019e-06,0.9999043941497803,6.605019007110968e-05,1.532487840449903e-05
generation-for-nlp-2128,1,1,13.921875,3.613765147747472e-05,0.999997615814209,0,,0.0,0,0.999997615814209,6.893598651913635e-07,3.548520339791139e-07,8.990948003884114e-07,4.2139723177569977e-07
generation-for-nlp-2129,1,1,13.765625,3.7921905459370464e-05,0.9999974966049194,0,,0.0,0,0.9999974966049194,1.0511481605135486e-06,3.5209055226914643e-07,7.00215650795144e-07,3.927853526874969e-07
generation-for-nlp-2130,2,2,10.015625,0.0013323184102773666,0.9998817443847656,0,,0.0,0,6.853553713881411e-06,0.9998817443847656,2.4680593924131244e-05,4.469078339752741e-05,4.1983104893006384e-05
generation-for-nlp-2131,1,1,11.71875,0.00033530581276863813,0.9999740123748779,0,,0.0,0,0.9999740123748779,8.139546480379067e-06,6.643304914177861e-06,7.766810085740872e-06,3.4465012959117303e-06
generation-for-nlp-2132,1,1,13.765625,4.1707455238793045e-05,0.9999972581863403,0,,0.0,0,0.9999972581863403,8.579219183957321e-07,4.148639334289328e-07,1.0511479331398732e-06,4.3818363337777555e-07
generation-for-nlp-2133,2,2,12.2890625,0.00016290445637423545,0.9999879598617554,0,,0.0,0,1.3709426411878667e-06,0.9999879598617554,2.1907601421844447e-06,4.60174715044559e-06,3.785293756664032e-06
generation-for-nlp-2134,1,1,12.796875,9.102421608986333e-05,0.9999936819076538,0,,0.0,0,0.9999936819076538,1.577954321874131e-06,1.101589646168577e-06,2.7693961328623118e-06,9.422395237379533e-07
generation-for-nlp-2135,1,1,12.484375,9.64730788837187e-05,0.9999932050704956,0,,0.0,0,0.9999932050704956,3.7853135381737957e-06,7.690331358389813e-07,1.459368490941415e-06,8.579183941037627e-07
generation-for-nlp-2136,2,2,12.5546875,0.00013046886306256056,0.9999905824661255,0,,0.0,0,2.0741751995956292e-06,0.9999905824661255,8.646449600746564e-07,3.5282910175737925e-06,2.9479974728019442e-06
generation-for-nlp-2137,1,1,13.9609375,3.191000723745674e-05,0.9999978542327881,0,,0.0,0,0.9999978542327881,5.539163225876109e-07,1.8124073619674164e-07,8.646512128507311e-07,4.7378975409628765e-07
generation-for-nlp-2138,2,2,7.6875,0.00998290441930294,0.9989000558853149,0,,0.0,0,0.00015103853365872055,0.9989000558853149,0.00013968782150186598,0.00045801870874129236,0.00035117511288262904
generation-for-nlp-2139,2,2,12.1484375,0.0001860112533904612,0.9999862909317017,0,,0.0,0,2.1907565042056376e-06,0.9999862909317017,1.788043277883844e-06,5.296569270285545e-06,4.530395926849451e-06
generation-for-nlp-2140,4,4,4.71875,0.08437325060367584,0.9863004684448242,0,,0.0,0,0.00880404282361269,0.0001514819305157289,0.0009573952411301434,0.9863004684448242,0.0037865720223635435
generation-for-nlp-2141,1,1,13.078125,7.172072946559638e-05,0.9999949932098389,0,,0.0,0,0.9999949932098389,1.1189385986654088e-06,6.8935804620196e-07,2.0904524262732593e-06,1.0348489922762383e-06
generation-for-nlp-2142,2,2,10.734375,0.0006296384963206947,0.9999476671218872,0,,0.0,0,5.682170012732968e-06,0.9999476671218872,4.092713879799703e-06,2.1781985196867026e-05,2.0784515072591603e-05
generation-for-nlp-2143,1,1,13.40625,6.321857654256746e-05,0.9999957084655762,0,,0.0,0,0.9999957084655762,1.0030107659986243e-06,5.122877837493434e-07,1.2878913366876077e-06,1.5056975826155394e-06
generation-for-nlp-2144,1,1,12.421875,9.621513163438067e-05,0.999993085861206,0,,0.0,0,0.999993085861206,4.02944533561822e-06,6.083552079871879e-07,1.2098587376385694e-06,1.0188032320002094e-06
generation-for-nlp-2146,4,4,10.21875,0.0007909886771813035,0.9999325275421143,0,,0.0,0,7.646080121048726e-06,4.710613211500458e-06,1.863083707576152e-05,0.9999325275421143,3.647740595624782e-05
generation-for-nlp-2147,1,1,13.8828125,4.30741929449141e-05,0.9999971389770508,0,,0.0,0,0.9999971389770508,8.851551456245943e-07,3.6898757116432535e-07,9.349102469968784e-07,6.629505833188887e-07
generation-for-nlp-2148,2,2,11.703125,0.00017240596935153008,0.9999871253967285,0,,0.0,0,1.692886712589825e-06,0.9999871253967285,1.0511372465771274e-06,8.267835255537648e-06,1.9637830064311856e-06
generation-for-nlp-2149,1,1,12.953125,8.518899267073721e-05,0.9999940395355225,0,,0.0,0,0.9999940395355225,2.295910917382571e-06,6.375514089995704e-07,2.3687907741987146e-06,6.786698918403999e-07
generation-for-nlp-2150,1,1,14.3046875,2.5659712264314294e-05,0.9999983310699463,0,,0.0,0,0.9999983310699463,5.804996021652187e-07,2.1522882320823555e-07,6.131297709544015e-07,2.3454305164705147e-07
generation-for-nlp-2152,1,1,8.296875,0.002743267919868231,0.9997163414955139,0,,0.0,0,0.9997163414955139,1.183992026199121e-05,1.0950136129395105e-05,1.1656359674816485e-05,0.000249223958235234
generation-for-nlp-2153,1,1,14.4453125,1.805926876841113e-05,0.999998927116394,0,,0.0,0,0.999998927116394,3.5763562777901825e-07,1.0407791961597468e-07,5.326967311702901e-07,1.4677338810997753e-07
generation-for-nlp-2154,1,1,13.859375,3.928395744878799e-05,0.9999973773956299,0,,0.0,0,0.9999973773956299,8.851553729982697e-07,3.230963727673952e-07,9.570812835590914e-07,4.2470222183510487e-07
generation-for-nlp-2155,1,1,9.703125,0.002057561883702874,0.9998117089271545,0,,0.0,0,0.9998117089271545,6.108077650424093e-05,2.9768394597340375e-05,5.475245416164398e-05,4.2641251638997346e-05
generation-for-nlp-2157,1,1,12.84375,9.84014623099938e-05,0.999993085861206,0,,0.0,0,0.999993085861206,2.6425746000313666e-06,1.0676966439859825e-06,2.4824691990943393e-06,7.690330221521435e-07
generation-for-nlp-2159,1,1,5.3125,0.07270368188619614,0.9892169237136841,0,,0.0,0,0.9892169237136841,0.0030515927355736494,0.004876431077718735,0.0021303549874573946,0.0007248168112710118
generation-for-nlp-2161,1,1,9.015625,0.001648740959353745,0.9998428821563721,0,,0.0,0,0.9998428821563721,2.318437327630818e-05,4.222187726554694e-06,0.00012147742381785065,8.266642907983623e-06
generation-for-nlp-2162,1,1,13.71875,5.09292003698647e-05,0.999996542930603,0,,0.0,0,0.999996542930603,7.81146241024544e-07,4.6644370854664885e-07,1.1015928294000332e-06,1.0593914794299053e-06
generation-for-nlp-2163,1,1,12.59375,8.068853639997542e-05,0.9999942779541016,0,,0.0,0,0.9999942779541016,3.3931371490325546e-06,5.896388302062405e-07,1.22891276532755e-06,4.85023576857202e-07
generation-for-nlp-2164,2,2,11.6875,0.00025550081045366824,0.9999805688858032,0,,0.0,0,2.313886625415762e-06,0.9999805688858032,3.998037300334545e-06,8.397979399887845e-06,4.7477865336986724e-06
generation-for-nlp-2165,1,1,13.4375,5.2916984714102e-05,0.9999964237213135,0,,0.0,0,0.9999964237213135,1.4593731521017617e-06,4.280327630112879e-07,1.2193519296488375e-06,4.7010203729769273e-07
generation-for-nlp-2166,3,3,9.734375,0.0011568600311875343,0.9998975992202759,0,,0.0,0,2.1780895622214302e-05,6.961591680010315e-06,0.9998975992202759,5.9206606238149107e-05,1.4509201719192788e-05
generation-for-nlp-2167,4,4,10.46875,0.0004899532650597394,0.9999589920043945,0,,0.0,0,2.041953621301218e-06,1.3183844203012995e-06,9.223176675732248e-06,0.9999589920043945,2.8409387596184388e-05
generation-for-nlp-2168,4,4,0.765625,0.9587907195091248,0.6193545460700989,0,,0.0,0,0.010994859971106052,0.02401498146355152,0.057608943432569504,0.6193545460700989,0.2880266308784485
generation-for-nlp-2169,2,2,11.9296875,0.00021904159802943468,0.9999834299087524,0,,0.0,0,1.248251692231861e-06,0.9999834299087524,6.591668807232054e-06,6.048855084372917e-06,2.6632746994437184e-06
generation-for-nlp-2170,1,1,13.40625,4.1166804294334725e-05,0.9999972581863403,0,,0.0,0,0.9999972581863403,6.893596378176881e-07,3.011589058132813e-07,1.5056999700391316e-06,2.596152057776635e-07
generation-for-nlp-2171,2,2,9.96875,0.0011558171827346087,0.9998981952667236,0,,0.0,0,3.3734926546458155e-05,0.9998981952667236,5.014249381929403e-06,4.6836310502840206e-05,1.6186195352929644e-05
generation-for-nlp-2172,1,1,13.515625,4.783755503012799e-05,0.9999967813491821,0,,0.0,0,0.9999967813491821,1.3497000281859073e-06,3.2563028184995346e-07,1.0930202734016348e-06,4.450837991498702e-07
generation-for-nlp-2173,1,1,11.78125,0.0002596840204205364,0.9999802112579346,0,,0.0,0,0.9999802112579346,4.936915956932353e-06,2.8572676455951296e-06,7.646444828424137e-06,4.289266598789254e-06
generation-for-nlp-2174,1,1,14.0546875,2.78954285022337e-05,0.9999982118606567,0,,0.0,0,0.9999982118606567,5.326963332663581e-07,2.4579898649790266e-07,7.872741321079957e-07,2.3638256152480608e-07
generation-for-nlp-2176,1,1,13.25,5.998512278893031e-05,0.9999959468841553,0,,0.0,0,0.9999959468841553,1.7603391597731388e-06,6.179371894177166e-07,1.2679247447522357e-06,4.485742977067275e-07
generation-for-nlp-2177,1,1,11.8125,0.00013664622383657843,0.9999898672103882,0,,0.0,0,0.9999898672103882,7.411259957734728e-06,7.057021207401704e-07,1.2289073083593394e-06,8.782603799772914e-07
generation-for-nlp-2178,1,1,13.265625,5.13367704115808e-05,0.999996542930603,0,,0.0,0,0.999996542930603,7.750673489681503e-07,2.7852627226820914e-07,1.7330486343780649e-06,6.893591262269183e-07
generation-for-nlp-2179,1,1,14.4375,2.1765425117337145e-05,0.9999985694885254,0,,0.0,0,0.9999985694885254,5.368744950828841e-07,1.5746479675726732e-07,4.812512202079233e-07,2.0218881502387376e-07
generation-for-nlp-2180,2,2,10.03125,0.0013107388513162732,0.9998844861984253,0,,0.0,0,1.9524011804605834e-05,0.9998844861984253,1.2605648407770786e-05,4.399803947308101e-05,3.943959018215537e-05
generation-for-nlp-2182,1,1,8.375,0.004960033111274242,0.9994903802871704,0,,0.0,0,0.9994903802871704,4.755447298521176e-05,4.067549161845818e-05,0.00023044236877467483,0.0001910434220917523
generation-for-nlp-2183,1,1,13.734375,4.742760575027205e-05,0.9999969005584717,0,,0.0,0,0.9999969005584717,1.084514451576979e-06,5.285501174512319e-07,9.721524065753329e-07,5.804987495139358e-07
generation-for-nlp-2184,1,1,14.15625,2.383687206020113e-05,0.9999984502792358,0,,0.0,0,0.9999984502792358,4.5563945150206564e-07,1.4677331705570396e-07,7.112431035238842e-07,2.1189202925597783e-07
generation-for-nlp-2185,1,1,6.59375,0.02400290220975876,0.9970349073410034,0,,0.0,0,0.9970349073410034,0.0004294653481338173,0.0006447038031183183,0.0005261919577606022,0.0013648380991071463
generation-for-nlp-2186,2,2,9.484375,0.0023644196335226297,0.9997795224189758,0,,0.0,0,7.601381366839632e-05,0.9997795224189758,2.4295472030644305e-05,7.483533408958465e-05,4.5389919250737876e-05
generation-for-nlp-2187,5,5,9.203125,0.0016104568494483829,0.9998500347137451,0,,0.0,0,2.8853624826297164e-05,5.421435162134003e-06,1.496906224929262e-05,0.00010070903954328969,0.9998500347137451
generation-for-nlp-2188,1,1,12.15625,0.0001444176014047116,0.99998939037323,0,,0.0,0,0.99998939037323,1.6280368981824722e-06,2.332055146325729e-06,5.255367341305828e-06,1.3287649380799849e-06
generation-for-nlp-2189,2,2,12.34375,0.00016727748152334243,0.9999877214431763,0,,0.0,0,2.260301698697731e-06,0.9999877214431763,1.9182930373062845e-06,3.7266074741637567e-06,4.356845238362439e-06
generation-for-nlp-2190,1,1,12.484375,0.00015721889212727547,0.9999885559082031,0,,0.0,0,0.9999885559082031,3.785295803027111e-06,2.482457830410567e-06,3.7266104300215375e-06,1.4823433502897387e-06
generation-for-nlp-2191,1,1,12.46875,0.00010434709110995755,0.9999926090240479,0,,0.0,0,0.9999926090240479,1.4255614360081381e-06,1.2385490890665096e-06,3.844922048301669e-06,9.349059837404639e-07
generation-for-nlp-2192,1,1,11.09375,0.00042822290561161935,0.9999659061431885,0,,0.0,0,0.9999659061431885,7.76674733060645e-06,6.144002782093594e-06,1.5206552234303672e-05,4.9368454710929655e-06
generation-for-nlp-2194,1,1,14.1796875,2.670214234967716e-05,0.9999982118606567,0,,0.0,0,0.9999982118606567,6.94767038567079e-07,2.1189197241255897e-07,5.582609219345613e-07,2.4772680262685753e-07
generation-for-nlp-2196,5,5,9.875,0.0008563625160604715,0.9999251365661621,0,,0.0,0,1.130009059124859e-05,4.092621566087473e-06,8.012963007786311e-06,5.14410094183404e-05,0.9999251365661621
generation-for-nlp-2197,1,1,14.03125,3.502257459331304e-05,0.9999977350234985,0,,0.0,0,0.9999977350234985,8.059433866947074e-07,3.6326716212897736e-07,7.453758144038147e-07,3.7479850334420917e-07
generation-for-nlp-2198,1,1,10.046875,0.0006152428686618805,0.9999465942382812,0,,0.0,0,0.9999465942382812,2.4438684249616927e-06,4.637646725313971e-06,4.331859963713214e-05,2.99429007100116e-06
generation-for-nlp-2199,1,1,8.03125,0.005196324549615383,0.9994567036628723,0,,0.0,0,0.9994567036628723,3.118593303952366e-05,0.00032496487256139517,0.00013336531992536038,5.388445424614474e-05
generation-for-nlp-2200,1,1,11.921875,0.0001806744548957795,0.9999865293502808,0,,0.0,0,0.9999865293502808,1.6027919400585233e-06,1.32876118641434e-06,6.643388132943073e-06,3.905446192220552e-06
generation-for-nlp-2201,2,2,3.765625,0.3196280002593994,0.9361373782157898,0,,0.0,0,0.0054801758378744125,0.9361373782157898,0.021674517542123795,0.015369533561170101,0.021338485181331635
generation-for-nlp-2202,1,1,8.984375,0.003069268073886633,0.9997034668922424,0,,0.0,0,0.9997034668922424,2.884939567593392e-05,0.0001253160589840263,0.00010227998427581042,4.0053415432339534e-05
generation-for-nlp-2203,1,1,13.7734375,3.0281085855676793e-05,0.9999980926513672,0,,0.0,0,0.9999980926513672,4.2803347355402366e-07,2.575951043581881e-07,1.0429687335999915e-06,2.5162790961985593e-07
generation-for-nlp-2205,2,2,12.703125,0.00012762265396304429,0.9999908208847046,0,,0.0,0,2.6425684609421296e-06,0.9999908208847046,1.018800958263455e-06,3.0415776564041153e-06,2.4631449377920944e-06
generation-for-nlp-2206,2,2,3.84375,0.2909577786922455,0.9433022737503052,0,,0.0,0,0.019885918125510216,0.9433022737503052,0.0064560123719275,0.010156732983887196,0.02019907534122467
generation-for-nlp-2207,1,1,13.640625,3.373244544491172e-05,0.9999977350234985,0,,0.0,0,0.9999977350234985,5.714994699701492e-07,2.0860680649548158e-07,1.191107230624766e-06,2.4966962541839166e-07
generation-for-nlp-2209,4,4,7.015625,0.017126919701695442,0.9979463219642639,0,,0.0,0,0.0008959008846431971,7.01723838574253e-05,0.00036767698475159705,0.9979463219642639,0.0007198765524663031
generation-for-nlp-2210,1,1,14.46875,2.0847624909947626e-05,0.9999986886978149,0,,0.0,0,0.9999986886978149,3.9586649336342816e-07,1.5502355665830692e-07,5.203567070566351e-07,2.457991001847404e-07
generation-for-nlp-2211,1,1,11.96875,0.0002395215560682118,0.9999818801879883,0,,0.0,0,0.9999818801879883,5.507536570803495e-06,2.4439545995846856e-06,3.785270564549137e-06,6.339135779853677e-06
generation-for-nlp-2213,1,1,13.375,3.893886969308369e-05,0.9999973773956299,0,,0.0,0,0.9999973773956299,1.5534961903540534e-06,2.2380234554475464e-07,5.368738698052766e-07,2.8962173814761627e-07
generation-for-nlp-2215,1,1,14.6640625,1.772308132785838e-05,0.9999988079071045,0,,0.0,0,0.9999988079071045,3.632675600329094e-07,1.2952703798418952e-07,4.280337861928274e-07,1.8124090672699822e-07
generation-for-nlp-2216,2,2,10.203125,0.0008688541711308062,0.9999254941940308,0,,0.0,0,6.4385994846816175e-06,0.9999254941940308,8.139151759678498e-06,3.705158087541349e-05,2.2826818167231977e-05
generation-for-nlp-2217,1,1,14.78125,1.607590093044564e-05,0.9999990463256836,0,,0.0,0,0.9999990463256836,3.8070120922384376e-07,1.5262018848716252e-07,3.520910922816256e-07,1.1701795443741503e-07
generation-for-nlp-2218,1,1,12.015625,0.00024183325876947492,0.9999817609786987,0,,0.0,0,0.9999817609786987,4.785030341736274e-06,3.2886998724279692e-06,6.048844625183847e-06,4.092853487236425e-06
generation-for-nlp-2219,2,2,9.9375,0.0014618497807532549,0.9998705387115479,0,,0.0,0,3.480482700979337e-05,0.9998705387115479,2.627206231409218e-05,4.8321719077648595e-05,2.0143488654866815e-05
generation-for-nlp-2220,2,2,11.84375,0.00028667435981333256,0.9999780654907227,0,,0.0,0,4.060987521370407e-06,0.9999780654907227,7.18315459380392e-06,5.093619165563723e-06,5.550711648538709e-06
generation-for-nlp-2222,2,2,11.109375,0.0005567026091739535,0.9999548196792603,0,,0.0,0,1.4970630218158476e-05,0.9999548196792603,5.014533599023707e-06,1.4063606613490265e-05,1.1125228411401622e-05
generation-for-nlp-2223,1,1,12.9375,8.707947563380003e-05,0.9999939203262329,0,,0.0,0,0.9999939203262329,1.1102298458354198e-06,7.81144194661465e-07,1.7880569203043706e-06,2.406093472018256e-06
generation-for-nlp-2224,1,1,13.9921875,2.9230282962089404e-05,0.9999979734420776,0,,0.0,0,0.9999979734420776,4.2470247763048974e-07,3.0115913318695675e-07,8.380487770409673e-07,3.156120556013775e-07
generation-for-nlp-2225,1,1,14.109375,2.9868700949009508e-05,0.9999980926513672,0,,0.0,0,0.9999980926513672,6.893602062518767e-07,2.896219655212917e-07,7.45376098620909e-07,2.152287663648167e-07
generation-for-nlp-2226,2,2,4.203125,0.21082615852355957,0.9621342420578003,0,,0.0,0,0.00988510437309742,0.9621342420578003,0.004455565940588713,0.0143827423453331,0.009142226539552212
generation-for-nlp-2227,1,1,14.34375,2.9442600862239487e-05,0.9999979734420776,0,,0.0,0,0.9999979734420776,5.49605829291977e-07,1.8993868877714704e-07,5.896409902561572e-07,5.626393431157339e-07
generation-for-nlp-2229,2,2,9.75,0.000935716088861227,0.9999169111251831,0,,0.0,0,5.8289821026846766e-05,0.9999169111251831,2.947780330941896e-06,1.520580735814292e-05,6.539936293847859e-06
generation-for-nlp-2232,2,2,11.953125,0.0002428839507047087,0.9999816417694092,0,,0.0,0,2.09042445931118e-06,0.9999816417694092,4.975643150828546e-06,6.438961008825572e-06,4.860382887272863e-06
generation-for-nlp-2233,2,2,10.796875,0.0007462456123903394,0.9999377727508545,0,,0.0,0,1.5206124771793839e-05,0.9999377727508545,6.96187134963111e-06,2.046207919192966e-05,1.9525052266544662e-05
generation-for-nlp-2234,2,2,11.390625,0.0003592278517317027,0.999971866607666,0,,0.0,0,3.187485845046467e-06,0.999971866607666,5.379900812840788e-06,1.1300618098175619e-05,8.267708835774101e-06
generation-for-nlp-2235,3,3,10.5625,0.000401251541916281,0.9999667406082153,0,,0.0,0,8.851282586874731e-07,2.541272124290117e-06,0.9999667406082153,2.586724076536484e-05,3.997982275905088e-06
generation-for-nlp-2236,4,4,6.921875,0.012396389618515968,0.998529314994812,0,,0.0,0,0.0009845294989645481,1.8032284060609527e-05,0.0002450687752570957,0.998529314994812,0.00022313764202408493
generation-for-nlp-2237,1,1,13.984375,3.16822188324295e-05,0.9999978542327881,0,,0.0,0,0.9999978542327881,6.475938789662905e-07,2.2555774137344997e-07,8.446215247204236e-07,3.386022626727936e-07
generation-for-nlp-2239,1,1,14.0625,3.3118245482910424e-05,0.9999978542327881,0,,0.0,0,0.9999978542327881,7.811473210495024e-07,2.6370369710093655e-07,7.811473210495024e-07,3.3596728599150083e-07
generation-for-nlp-2240,1,1,14.0703125,3.068303703912534e-05,0.9999980926513672,0,,0.0,0,0.9999980926513672,6.947669817236601e-07,2.637037539443554e-07,7.750685426799464e-07,2.6577203016131534e-07
generation-for-nlp-2242,1,1,13.265625,7.550172449555248e-05,0.9999947547912598,0,,0.0,0,0.9999947547912598,8.851530424180964e-07,9.422405469194928e-07,1.7330455648334464e-06,1.6408146166213555e-06
generation-for-nlp-2243,2,2,8.890625,0.0022966472897678614,0.9997809529304504,0,,0.0,0,2.110830246238038e-05,0.9997809529304504,2.5461473342147656e-05,3.480170926195569e-05,0.00013764343748334795
generation-for-nlp-2244,1,1,14.578125,1.5196235835901462e-05,0.9999990463256836,0,,0.0,0,0.9999990463256836,2.2380271502697724e-07,1.0738170885815634e-07,4.664448738367355e-07,1.4563119066224317e-07
generation-for-nlp-2245,1,1,12.796875,7.460196502506733e-05,0.9999947547912598,0,,0.0,0,0.9999947547912598,1.2679232668233453e-06,6.947646511434868e-07,2.7693990887200925e-06,4.701012414898287e-07
generation-for-nlp-2246,1,1,13.53125,5.828259600093588e-05,0.9999960660934448,0,,0.0,0,0.9999960660934448,1.3287738056533271e-06,7.338186378547107e-07,1.118939735533786e-06,7.571125593131001e-07
generation-for-nlp-2247,1,1,12.484375,0.00013851720723323524,0.9999899864196777,0,,0.0,0,0.9999899864196777,2.225264097432955e-06,3.7853012599953217e-06,2.684180799406022e-06,1.3184253475628793e-06
generation-for-nlp-2248,1,1,11.203125,0.00037417642306536436,0.9999704360961914,0,,0.0,0,0.9999704360961914,1.3631128240376711e-05,3.4464890177332563e-06,6.3390634750248864e-06,6.048776413081214e-06
generation-for-nlp-2249,1,1,14.3125,2.295410740771331e-05,0.9999985694885254,0,,0.0,0,0.9999985694885254,4.021004258447647e-07,2.5162802330669365e-07,6.083585617489007e-07,1.9905415626908507e-07
generation-for-nlp-2250,1,1,14.578125,1.5374474969576113e-05,0.9999990463256836,0,,0.0,0,0.9999990463256836,2.720748852880206e-07,8.042518828688117e-08,4.664448738367355e-07,1.3896227812892903e-07
generation-for-nlp-2251,1,1,14.71875,2.0318408132879995e-05,0.9999988079071045,0,,0.0,0,0.9999988079071045,3.439348290612543e-07,1.7843102284587076e-07,3.5485246030475537e-07,4.052542692534189e-07
generation-for-nlp-2252,1,1,14.2421875,2.420790769974701e-05,0.9999984502792358,0,,0.0,0,0.9999984502792358,4.592130551372975e-07,2.0860694860402873e-07,6.526733500322734e-07,2.255578692711424e-07
generation-for-nlp-2254,2,2,11.953125,0.00023586771567352116,0.9999822378158569,0,,0.0,0,3.7852719287911896e-06,0.9999822378158569,2.1567832391156117e-06,5.422151843959e-06,6.438964646804379e-06
generation-for-nlp-2258,1,1,13.84375,3.1400384614244103e-05,0.9999979734420776,0,,0.0,0,0.9999979734420776,9.7215354344371e-07,2.536014278575749e-07,5.670522114087362e-07,2.575950759364787e-07
generation-for-nlp-2259,1,1,14.2890625,2.3867478375905193e-05,0.9999984502792358,0,,0.0,0,0.9999984502792358,5.203565933697973e-07,1.4677331705570396e-07,6.227852509255172e-07,2.345430800687609e-07
generation-for-nlp-2260,1,1,15.0703125,1.0998124707839452e-05,0.9999992847442627,0,,0.0,0,0.9999992847442627,1.8699419968015718e-07,9.853901872247661e-08,2.851321028174425e-07,9.256885391550895e-08
generation-for-nlp-2261,2,2,10.40625,0.0008833981119096279,0.9999244213104248,0,,0.0,0,4.86010458189412e-06,0.9999244213104248,1.2028874152747449e-05,3.0240587875596248e-05,2.8408405341906473e-05
generation-for-nlp-2262,1,1,14.21875,2.3143984435591847e-05,0.9999984502792358,0,,0.0,0,0.9999984502792358,4.181182475804235e-07,2.03774561668979e-07,6.681510740236263e-07,1.8124083567272464e-07
generation-for-nlp-2263,2,2,9.703125,0.0009662280790507793,0.9999140501022339,0,,0.0,0,6.6429065554984845e-06,0.9999140501022339,3.9357919376925565e-06,6.108702655183151e-05,1.4284493772720452e-05
generation-for-nlp-2264,1,1,14.0390625,3.538469172781333e-05,0.9999977350234985,0,,0.0,0,0.9999977350234985,7.996715112312813e-07,3.6326716212897736e-07,7.57113809868315e-07,3.9586609545949614e-07
generation-for-nlp-2267,1,1,14.0625,3.224789907108061e-05,0.9999978542327881,0,,0.0,0,0.9999978542327881,7.112426487765333e-07,2.2910975872036943e-07,7.811473210495024e-07,3.7479856018762803e-07
generation-for-nlp-2268,1,1,12.875,8.690977847436443e-05,0.9999939203262329,0,,0.0,0,0.9999939203262329,2.5612732770241564e-06,7.112398634490091e-07,1.873867518042971e-06,9.422397511116287e-07
generation-for-nlp-2269,1,1,13.296875,5.53647187189199e-05,0.9999963045120239,0,,0.0,0,0.9999963045120239,1.6797279158708989e-06,3.836860571482248e-07,1.0845138831427903e-06,6.131285203991865e-07
generation-for-nlp-2270,2,2,10.1875,0.0008131960639730096,0.999930739402771,0,,0.0,0,7.5275252129358705e-06,0.999930739402771,9.079929441213608e-06,3.763525455724448e-05,1.4970270058256574e-05
generation-for-nlp-2272,2,2,12.8046875,0.00011183568858541548,0.9999920129776001,0,,0.0,0,1.6666491546857287e-06,0.9999920129776001,9.204111393046333e-07,2.622007059471798e-06,2.7478397441882407e-06
generation-for-nlp-2275,1,1,10.796875,0.0003528559464029968,0.9999713897705078,0,,0.0,0,0.9999713897705078,3.905387075064937e-06,2.090403086185688e-06,2.04627667699242e-05,2.090403086185688e-06
generation-for-nlp-2277,3,3,10.125,0.0006033498211763799,0.9999480247497559,0,,0.0,0,1.0760222721728496e-06,4.9367572501068935e-06,0.9999480247497559,4.006321250926703e-05,5.86254373047268e-06
generation-for-nlp-2278,1,1,13.578125,4.7335510316770524e-05,0.9999969005584717,0,,0.0,0,0.9999969005584717,8.64650417042867e-07,5.163063292457082e-07,1.267925881620613e-06,5.163063292457082e-07
generation-for-nlp-2279,1,1,11.90625,0.00015861632709857076,0.9999881982803345,0,,0.0,0,0.9999881982803345,6.748017312929733e-06,1.4367358289746335e-06,2.406079602224054e-06,1.1726295952030341e-06
generation-for-nlp-2280,1,1,12.875,8.766020619077608e-05,0.9999939203262329,0,,0.0,0,0.9999939203262329,1.4144693523121532e-06,9.874587476588204e-07,2.5612732770241564e-06,1.1635107739493833e-06
generation-for-nlp-2281,5,5,10.5625,0.0005678015295416117,0.999953031539917,0,,0.0,0,1.1478360647743102e-05,3.2124246445164317e-06,6.388669589796336e-06,2.586688606243115e-05,0.999953031539917
generation-for-nlp-2283,4,4,6.640625,0.01716802828013897,0.9978947043418884,0,,0.0,0,0.001303460681810975,4.3910480599151924e-05,0.00033475636155344546,0.9978947043418884,0.00042317170300520957
generation-for-nlp-2284,1,1,13.09375,7.056623871903867e-05,0.9999951124191284,0,,0.0,0,0.9999951124191284,1.392541776112921e-06,5.850507136528904e-07,2.058043492070283e-06,8.250536893683602e-07
generation-for-nlp-2286,2,2,12.0625,0.00014895116328261793,0.9999891519546509,0,,0.0,0,1.3925334769737674e-06,0.9999891519546509,1.1910969988093711e-06,5.7718903008208144e-06,2.601595042506233e-06
generation-for-nlp-2287,3,3,9.640625,0.0008956717792898417,0.999919056892395,0,,0.0,0,1.0428861969558056e-06,4.189649644104065e-06,0.999919056892395,6.50271394988522e-05,1.0615387509460561e-05
generation-for-nlp-2288,2,2,9.28125,0.0020226852502673864,0.9998119473457336,0,,0.0,0,1.1123638614662923e-05,0.9998119473457336,3.3209049433935434e-05,5.063775824964978e-05,9.313708869740367e-05
generation-for-nlp-2289,1,1,12.515625,0.00011681178148137406,0.9999915361404419,0,,0.0,0,0.9999915361404419,2.6220056952297455e-06,1.2580521797644906e-06,3.6688456930278335e-06,8.315216746268561e-07
generation-for-nlp-2290,1,1,14.3671875,2.0302053599152714e-05,0.9999988079071045,0,,0.0,0,0.9999988079071045,3.0590194910473656e-07,1.2456494857815414e-07,5.759824261986068e-07,2.829130778536637e-07
generation-for-nlp-2291,1,1,12.703125,0.00011437435750849545,0.999991774559021,0,,0.0,0,0.999991774559021,3.041580612261896e-06,1.3709478707824019e-06,2.2252679627854377e-06,1.4939741959096864e-06
generation-for-nlp-2292,1,1,12.796875,9.24277410376817e-05,0.9999935626983643,0,,0.0,0,0.9999935626983643,2.7693959054886363e-06,8.446178867416165e-07,1.653681692914688e-06,1.2289118558328482e-06
generation-for-nlp-2293,2,2,9.375,0.0026039080694317818,0.9997552037239075,0,,0.0,0,8.479746611556038e-05,0.9997552037239075,4.263884329702705e-05,8.091430936474353e-05,3.647093762992881e-05
generation-for-nlp-2294,1,1,12.9375,6.744814163539559e-05,0.9999953508377075,0,,0.0,0,0.9999953508377075,8.315248578583123e-07,6.27667930075404e-07,2.4060968826233875e-06,7.872719152146601e-07
generation-for-nlp-2295,3,3,9.703125,0.00087496149353683,0.9999219179153442,0,,0.0,0,3.935822860512417e-06,4.3907280087296385e-06,0.9999219179153442,6.108750676503405e-05,8.664051165396813e-06
generation-for-nlp-2296,2,2,12.875,0.00011263263877481222,0.9999920129776001,0,,0.0,0,1.5779517070768634e-06,0.9999920129776001,2.5612682748032967e-06,2.2959061425353866e-06,1.5534878912148997e-06
generation-for-nlp-2297,3,3,8.6875,0.002250918187201023,0.9997791647911072,0,,0.0,0,8.528510079486296e-06,1.3004425454710145e-05,0.9997791647911072,0.00016864395001903176,3.071234459639527e-05
generation-for-nlp-2298,3,3,10.328125,0.0005525251035578549,0.9999536275863647,0,,0.0,0,3.2124266908795107e-06,4.289152911951533e-06,0.9999536275863647,3.269882290624082e-05,6.2406807046500035e-06
generation-for-nlp-2299,1,1,12.296875,0.00012688695278484374,0.9999908208847046,0,,0.0,0,0.9999908208847046,2.0904437860735925e-06,1.3925358643973595e-06,4.5659489842364565e-06,1.127709765569307e-06
generation-for-nlp-2300,2,2,12.2578125,0.00015791194164194167,0.9999884366989136,0,,0.0,0,2.0904387838527327e-06,0.9999884366989136,1.6666431292833295e-06,4.747823822981445e-06,3.041570380446501e-06
generation-for-nlp-2302,1,1,12.6484375,0.00011417750647524372,0.999991774559021,0,,0.0,0,0.999991774559021,3.2125492452905746e-06,1.4034590094524901e-06,2.4824657884892076e-06,1.0429621397634037e-06
generation-for-nlp-2303,1,1,11.640625,0.0002470625040587038,0.999981164932251,0,,0.0,0,0.999981164932251,3.9669271245657e-06,4.356817044026684e-06,8.8010128820315e-06,1.7061539665519376e-06
generation-for-nlp-2305,3,3,10.25,0.0005185804911889136,0.9999557733535767,0,,0.0,0,1.5293478554667672e-06,2.621912017275463e-06,0.9999557733535767,3.535593714332208e-05,4.710722805612022e-06
generation-for-nlp-2306,1,1,8.859375,0.0023372285068035126,0.9997757077217102,0,,0.0,0,0.9997757077217102,4.610453106579371e-05,1.3417183254205156e-05,0.00014201195153873414,2.282339846715331e-05
generation-for-nlp-2307,1,1,4.6875,0.0668388232588768,0.9890811443328857,0,,0.0,0,0.9890811443328857,0.0002109047636622563,0.0007247173343785107,0.0008741759811528027,0.009109122678637505
generation-for-nlp-2308,1,1,14.2578125,2.7633232093648985e-05,0.9999983310699463,0,,0.0,0,0.9999983310699463,4.775059778694413e-07,2.7420861670179875e-07,6.425545393540233e-07,3.866961151288706e-07
generation-for-nlp-2310,3,3,11.0,0.0003455680562183261,0.9999724626541138,0,,0.0,0,2.350305976506206e-06,2.2779945538786706e-06,0.9999724626541138,1.670124038355425e-05,6.192231467139209e-06
generation-for-nlp-2312,1,1,14.484375,2.219526686531026e-05,0.9999986886978149,0,,0.0,0,0.9999986886978149,4.4162101175970747e-07,2.873682376502984e-07,5.122893185216526e-07,1.71595431197602e-07
generation-for-nlp-2313,2,2,10.453125,0.0009040249278768897,0.9999232292175293,0,,0.0,0,1.1658771654765587e-05,0.9999232292175293,1.2606136806425638e-05,2.355136712139938e-05,2.885573667299468e-05
generation-for-nlp-2314,1,1,10.484375,0.0005267279339022934,0.9999562501907349,0,,0.0,0,0.9999562501907349,2.7968861104454845e-05,5.862591933691874e-06,7.766671842546202e-06,2.1232899598544464e-06
generation-for-nlp-2316,4,4,6.90625,0.01353664230555296,0.9983691573143005,0,,0.0,0,9.01412931852974e-05,2.2090074708103202e-05,0.0005187273491173983,0.9983691573143005,0.00099987315479666
generation-for-nlp-2320,1,1,13.921875,3.543660568539053e-05,0.999997615814209,0,,0.0,0,0.999997615814209,6.276693511608755e-07,3.466319355993619e-07,8.990948003884114e-07,4.381837754863227e-07
generation-for-nlp-2321,1,1,14.125,2.7631853299681097e-05,0.9999982118606567,0,,0.0,0,0.9999982118606567,4.965276048096712e-07,2.2732689330950961e-07,7.338202294704388e-07,3.2058233045972884e-07
generation-for-nlp-2322,2,2,10.640625,0.0006223240052349865,0.9999486207962036,0,,0.0,0,4.157167950324947e-06,0.9999486207962036,1.1659067240543664e-05,2.3922852051327936e-05,1.1659067240543664e-05
generation-for-nlp-2323,1,1,14.0390625,2.9516935683204792e-05,0.9999980926513672,0,,0.0,0,0.9999980926513672,5.759820282946748e-07,2.720746294926357e-07,7.996717954483756e-07,2.637037539443554e-07
generation-for-nlp-2325,1,1,13.8515625,2.9267202990013175e-05,0.9999980926513672,0,,0.0,0,0.9999980926513672,5.496059429788147e-07,2.152287663648167e-07,9.645883665143629e-07,1.7843089494817832e-07
generation-for-nlp-2326,1,1,13.34375,5.668168159900233e-05,0.9999961853027344,0,,0.0,0,0.9999961853027344,1.6028074014684535e-06,4.965266384715505e-07,1.0188064152316656e-06,7.224419391604897e-07
generation-for-nlp-2327,1,1,13.921875,3.872356319334358e-05,0.9999974966049194,0,,0.0,0,0.9999974966049194,8.990946867015737e-07,3.777380186420487e-07,7.872735636738071e-07,4.850251684729301e-07
generation-for-nlp-2328,2,2,12.1484375,0.0001569570740684867,0.9999885559082031,0,,0.0,0,1.9182946289220126e-06,0.9999885559082031,1.5903221992630279e-06,5.296581548464019e-06,2.7052290079154773e-06
generation-for-nlp-2329,1,1,13.484375,4.8439927923027426e-05,0.9999967813491821,0,,0.0,0,0.9999967813491821,9.204155162478855e-07,4.2470196603972e-07,1.3925441635365132e-06,5.12288352183532e-07
generation-for-nlp-2330,1,1,6.359375,0.026345061138272285,0.9966028928756714,0,,0.0,0,0.9966028928756714,8.453009650111198e-05,0.0004569654120132327,0.001724569476209581,0.00113100023008883
generation-for-nlp-2331,1,1,12.75,9.614031296223402e-05,0.9999932050704956,0,,0.0,0,0.9999932050704956,2.4060916530288523e-06,6.475908662650909e-07,2.9023008210060652e-06,8.579183941037627e-07
generation-for-nlp-2332,1,1,13.71875,4.694789822679013e-05,0.9999969005584717,0,,0.0,0,0.9999969005584717,1.1015931704605464e-06,3.7773779126837326e-07,1.0030120165538392e-06,6.52672326850734e-07
generation-for-nlp-2333,1,1,9.359375,0.0013704166049137712,0.9998737573623657,0,,0.0,0,0.9998737573623657,3.9665010262979195e-06,8.138730663631577e-06,8.614305261289701e-05,2.796655462589115e-05
generation-for-nlp-2334,2,2,8.8125,0.002770915860310197,0.9997316002845764,0,,0.0,0,2.7102261810796335e-05,0.9997316002845764,1.982843787118327e-05,7.25294157746248e-05,0.00014882067625876516
generation-for-nlp-2335,1,1,14.2265625,1.8743239706964232e-05,0.9999988079071045,0,,0.0,0,0.9999988079071045,3.0830119612801354e-07,1.1079033868099941e-07,6.62951663343847e-07,1.0738168043644691e-07
generation-for-nlp-2336,1,1,12.1875,0.0001899969793157652,0.999985933303833,0,,0.0,0,0.999985933303833,4.222791631036671e-06,2.6015866296802415e-06,5.093659183330601e-06,2.156791197194252e-06
generation-for-nlp-2337,1,1,12.65625,9.340945689473301e-05,0.9999934434890747,0,,0.0,0,0.9999934434890747,1.5175033922787406e-06,8.122610211103165e-07,3.187554511896451e-06,1.07607115751307e-06
generation-for-nlp-2338,2,2,11.984375,0.0002164311008527875,0.9999836683273315,0,,0.0,0,6.240868060558569e-06,0.9999836683273315,7.056977437969181e-07,5.9550775404204614e-06,3.473566039247089e-06
generation-for-nlp-2340,3,3,11.125,0.0002899084356613457,0.9999772310256958,0,,0.0,0,2.0419909105839906e-06,1.859253984548559e-06,0.9999772310256958,1.4738862773810979e-05,4.1898933886841405e-06
generation-for-nlp-2341,1,1,14.390625,2.221323666162789e-05,0.9999986886978149,0,,0.0,0,0.9999986886978149,3.9586649336342816e-07,1.65021717180025e-07,5.62639741019666e-07,2.9189365591264504e-07
generation-for-nlp-2342,1,1,13.8671875,3.8114216295070946e-05,0.9999974966049194,0,,0.0,0,0.9999974966049194,8.990946867015737e-07,2.7635903165901254e-07,9.496332609160163e-07,3.897287115250947e-07
generation-for-nlp-2344,1,1,14.125,2.914479046012275e-05,0.9999980926513672,0,,0.0,0,0.9999980926513672,6.131296004241449e-07,2.2033275115518336e-07,7.338201157836011e-07,3.1561211244479637e-07
generation-for-nlp-2345,1,1,14.234375,2.3358839825959876e-05,0.9999985694885254,0,,0.0,0,0.9999985694885254,4.450845949577342e-07,2.220609474079538e-07,6.577924409612024e-07,1.702600513908692e-07
generation-for-nlp-2346,1,1,7.203125,0.010590425692498684,0.9987930059432983,0,,0.0,0,0.9987930059432983,7.133791223168373e-05,0.000743358104955405,0.00021297566127032042,0.00017934347852133214
generation-for-nlp-2347,1,1,12.40625,8.849005098454654e-05,0.9999936819076538,0,,0.0,0,0.9999936819076538,4.09290214520297e-06,4.8124888962775e-07,1.2979897974219057e-06,4.664423727263056e-07
generation-for-nlp-2348,1,1,14.0,3.700907836901024e-05,0.999997615814209,0,,0.0,0,0.999997615814209,7.338197747230879e-07,4.775056368089281e-07,8.315267336911347e-07,3.8368656873899454e-07
generation-for-nlp-2351,1,1,6.578125,0.012363399378955364,0.9984398484230042,0,,0.0,0,0.9984398484230042,0.0013882847269997,3.53023388015572e-05,5.820371370646171e-05,7.832166011212394e-05
generation-for-nlp-2352,1,1,14.234375,2.5396841010660864e-05,0.9999983310699463,0,,0.0,0,0.9999983310699463,6.577923272743647e-07,2.1691687379643554e-07,5.626395136459905e-07,1.899387598314206e-07
generation-for-nlp-2353,1,1,14.8046875,1.5209087905532215e-05,0.9999990463256836,0,,0.0,0,0.9999990463256836,2.678567625480355e-07,1.0087578061757085e-07,3.7188229384810256e-07,1.9905425574506808e-07
generation-for-nlp-2354,1,1,14.71875,1.7846483387984335e-05,0.999998927116394,0,,0.0,0,0.999998927116394,3.35967627052014e-07,2.069836426699112e-07,4.0525432609683776e-07,1.676204703926487e-07
generation-for-nlp-2355,1,1,14.7578125,1.5790237739565782e-05,0.9999990463256836,0,,0.0,0,0.9999990463256836,3.230969127798744e-07,1.2456497699986357e-07,3.8972930838099273e-07,1.4449788920956053e-07
generation-for-nlp-2356,1,1,13.28125,4.758167051477358e-05,0.9999967813491821,0,,0.0,0,0.9999967813491821,7.934476116133737e-07,4.3139004901604494e-07,1.7061806829588022e-06,2.807108501201583e-07
generation-for-nlp-2357,1,1,13.7109375,4.42022064817138e-05,0.9999970197677612,0,,0.0,0,0.9999970197677612,9.496328061686654e-07,4.3477356825860625e-07,1.1102332564405515e-06,4.416202727952623e-07
generation-for-nlp-2360,1,1,14.09375,3.0671082640765235e-05,0.9999979734420776,0,,0.0,0,0.9999979734420776,7.571139803985716e-07,2.382364812092419e-07,5.285506858854205e-07,4.5921282776362204e-07
generation-for-nlp-2362,1,1,11.1875,0.0004649255133699626,0.9999628067016602,0,,0.0,0,0.9999628067016602,5.255227733869106e-06,1.202933617605595e-05,1.3845681678503752e-05,6.048730028851423e-06
generation-for-nlp-2364,2,2,8.3125,0.006258700042963028,0.9993531107902527,0,,0.0,0,0.00014876434579491615,0.9993531107902527,9.456036787014455e-05,0.00015835881640668958,0.0002452709595672786
generation-for-nlp-2365,1,1,14.1328125,3.412640216993168e-05,0.9999977350234985,0,,0.0,0,0.9999977350234985,6.733909572176344e-07,3.77738103907177e-07,7.281091711774934e-07,4.3818383232974156e-07
generation-for-nlp-2366,1,1,12.890625,7.386963261524215e-05,0.9999948740005493,0,,0.0,0,0.9999948740005493,9.132509717346693e-07,1.0845122915270622e-06,2.5215667847078294e-06,6.03622027028905e-07
generation-for-nlp-2367,2,2,10.5,0.000632402952760458,0.9999475479125977,0,,0.0,0,8.939307008404285e-06,0.9999475479125977,6.854004368506139e-06,2.753500666585751e-05,9.080081326828804e-06
generation-for-nlp-2368,1,1,14.34375,2.3157957912189886e-05,0.9999985694885254,0,,0.0,0,0.9999985694885254,5.163071818969911e-07,2.29109929250626e-07,5.896413313166704e-07,1.456311196079696e-07
generation-for-nlp-2371,2,2,11.5625,0.0003372851642780006,0.9999737739562988,0,,0.0,0,3.936027042072965e-06,0.9999737739562988,7.296241165022366e-06,9.516093086858746e-06,5.4221059144765604e-06
generation-for-nlp-2372,1,1,14.1484375,3.168017792631872e-05,0.9999979734420776,0,,0.0,0,0.9999979734420776,7.168210345298576e-07,2.8291285047998826e-07,6.893600925650389e-07,3.689878838031291e-07
generation-for-nlp-2375,2,2,11.609375,0.00036657010787166655,0.9999712705612183,0,,0.0,0,8.013333172129933e-06,0.9999712705612183,2.561215069363243e-06,9.080296877073124e-06,9.080296877073124e-06
generation-for-nlp-2376,1,1,14.4765625,2.296827733516693e-05,0.9999985694885254,0,,0.0,0,0.9999985694885254,4.14864473441412e-07,2.3638264678993437e-07,5.163071818969911e-07,2.8962207920812943e-07
generation-for-nlp-2377,2,2,11.890625,0.0001867741229943931,0.9999861717224121,0,,0.0,0,2.0904340090055484e-06,0.9999861717224121,2.2427084331866354e-06,6.854269486211706e-06,2.72644001597655e-06
generation-for-nlp-2378,2,2,10.75,0.0006000448483973742,0.9999504089355469,0,,0.0,0,3.340384637340321e-06,0.9999504089355469,1.723101559036877e-05,2.1444344383780845e-05,7.527673005824909e-06
generation-for-nlp-2379,3,3,11.40625,0.00020730443065986037,0.9999840259552002,0,,0.0,0,7.571034075226635e-07,2.1567868770944187e-06,0.9999840259552002,1.1125554010504857e-05,1.948494627868058e-06
generation-for-nlp-2380,1,1,14.1171875,2.9098115192027763e-05,0.9999982118606567,0,,0.0,0,0.9999982118606567,7.395756256300956e-07,2.8736809554175125e-07,5.89641103942995e-07,2.699573542486178e-07
generation-for-nlp-2382,1,1,14.5625,2.116016548825428e-05,0.9999986886978149,0,,0.0,0,0.9999986886978149,3.8368696664292656e-07,1.3680779886726668e-07,4.737901520002197e-07,3.439347722178354e-07
generation-for-nlp-2383,1,1,11.171875,0.00023794328444637358,0.999981164932251,0,,0.0,0,0.999981164932251,1.4063977687328588e-05,7.811342470631644e-07,2.090423549816478e-06,1.7880341829368263e-06
generation-for-nlp-2384,1,1,7.15625,0.010757130570709705,0.9987702965736389,0,,0.0,0,0.9987702965736389,0.000779014895670116,9.750514436746016e-05,0.00017382171063218266,0.0001793394039850682
generation-for-nlp-2385,3,3,8.515625,0.002507926896214485,0.9997482895851135,0,,0.0,0,2.3314928512263577e-06,1.982876710826531e-05,0.9997482895851135,0.00020026347192469984,2.9305019779712893e-05
generation-for-nlp-2386,1,1,10.875,0.0006937613361515105,0.9999427795410156,0,,0.0,0,0.9999427795410156,1.7230884623131715e-05,9.972470252250787e-06,1.8924423784483224e-05,1.1125094715680461e-05
generation-for-nlp-2387,2,2,12.8984375,0.00010602482507238165,0.9999924898147583,0,,0.0,0,1.6408109786425484e-06,0.9999924898147583,1.0930156122412882e-06,2.5019378426804906e-06,2.2603123852604767e-06
generation-for-nlp-2388,1,1,9.46875,0.0016748254420235753,0.9998468160629272,0,,0.0,0,0.9998468160629272,6.8533140620274935e-06,3.882667078869417e-05,7.721604924881831e-05,3.0238241379265673e-05
generation-for-nlp-2389,2,2,12.21875,0.00021789585298392922,0.9999837875366211,0,,0.0,0,2.66327560893842e-06,0.9999837875366211,4.322923359723063e-06,4.9369336920790374e-06,4.356828412710456e-06
generation-for-nlp-2390,2,2,12.28125,0.00016913206491153687,0.9999876022338867,0,,0.0,0,3.7852923924219795e-06,0.9999876022338867,1.529396513433312e-06,4.637837264453992e-06,2.4824555566738127e-06
generation-for-nlp-2391,1,1,11.265625,0.0002779311907943338,0.9999784231185913,0,,0.0,0,0.9999784231185913,2.482432591932593e-06,2.7693538413586793e-06,1.2805361620848998e-05,3.5559205571189523e-06
generation-for-nlp-2392,1,1,5.1875,0.06959758698940277,0.9896907806396484,0,,0.0,0,0.9896907806396484,0.005528367590159178,0.0010226451558992267,0.002098331693559885,0.0016599169466644526
generation-for-nlp-2393,5,5,8.46875,0.0024613586720079184,0.9997512698173523,0,,0.0,0,9.07829962670803e-06,1.0287059922120534e-05,1.9521410649758764e-05,0.00020987493917346,0.9997512698173523
generation-for-nlp-2394,3,3,10.765625,0.0003962599439546466,0.9999679327011108,0,,0.0,0,2.8572326300491113e-06,2.9022276066825725e-06,0.9999679327011108,2.1112251488375477e-05,5.214358225202886e-06
generation-for-nlp-2395,1,1,13.515625,5.077569221612066e-05,0.999996542930603,0,,0.0,0,0.999996542930603,1.1635138434940018e-06,3.4125753245461965e-07,1.3496996871253941e-06,5.626385473078699e-07
generation-for-nlp-2396,1,1,13.625,3.8332764233928174e-05,0.9999974966049194,0,,0.0,0,0.9999974966049194,7.281090006472368e-07,2.6995715529665176e-07,1.2098640809199424e-06,3.333526024107414e-07
generation-for-nlp-2397,1,1,14.1484375,2.8354388632578775e-05,0.9999982118606567,0,,0.0,0,0.9999982118606567,7.168212050601142e-07,2.5360148470099375e-07,5.942657139712537e-07,2.6785653517436003e-07
generation-for-nlp-2398,1,1,12.3125,0.0001196043667732738,0.9999914169311523,0,,0.0,0,0.9999914169311523,2.0904449229419697e-06,9.874562465483905e-07,4.4951630115974694e-06,1.067694824996579e-06
generation-for-nlp-2399,2,2,7.671875,0.006591514218598604,0.9992703795433044,0,,0.0,0,1.472844451200217e-05,0.9992703795433044,1.5435276509379037e-05,0.00023401978251058608,0.00046540392213501036
generation-for-nlp-2400,1,1,13.9375,3.7391699152067304e-05,0.999997615814209,0,,0.0,0,0.999997615814209,7.996713975444436e-07,3.604401683787728e-07,8.851556003719452e-07,4.1486407553747995e-07
generation-for-nlp-2401,1,1,13.234375,7.475545862689614e-05,0.9999948740005493,0,,0.0,0,0.9999948740005493,1.7880586256069364e-06,6.475919462900492e-07,1.7880586256069364e-06,9.422406606063305e-07
generation-for-nlp-2404,3,3,10.515625,0.00042332231532782316,0.999964714050293,0,,0.0,0,7.934221457617241e-07,2.924980435636826e-06,0.999964714050293,2.7108580979984254e-05,4.4253542910155375e-06
generation-for-nlp-2405,1,1,14.953125,1.217153203469934e-05,0.9999991655349731,0,,0.0,0,0.9999991655349731,2.3638278889848152e-07,1.000907730031031e-07,3.2058264309853257e-07,8.105597970597955e-08
generation-for-nlp-2406,1,1,13.9140625,3.299540912848897e-05,0.9999979734420776,0,,0.0,0,0.9999979734420776,5.539163794310298e-07,2.873680386983324e-07,9.061467949322832e-07,4.1163573882840865e-07
generation-for-nlp-2407,2,2,12.28125,0.0001712786906864494,0.9999873638153076,0,,0.0,0,2.1400098830781644e-06,0.9999873638153076,1.4255540463636862e-06,4.63783590021194e-06,4.4254543354327325e-06
generation-for-nlp-2409,1,1,7.390625,0.005623766221106052,0.9993466734886169,0,,0.0,0,0.9993466734886169,0.0006166070816107094,1.2211242392368149e-05,1.6953632439253852e-05,7.523128260800149e-06
generation-for-nlp-2410,2,2,7.546875,0.007546368520706892,0.9991698265075684,0,,0.0,0,0.0005273186834529042,0.9991698265075684,4.003203139291145e-05,0.00017941113037522882,8.343392255483195e-05
generation-for-nlp-2411,1,1,7.96875,0.0074240947142243385,0.9992011189460754,0,,0.0,0,0.9992011189460754,7.59698377805762e-05,6.70431400067173e-05,0.0003458348219282925,0.00031000436865724623
generation-for-nlp-2412,2,2,6.640625,0.018215633928775787,0.997760534286499,0,,0.0,0,0.0013032854767516255,0.997760534286499,5.2959032473154366e-05,0.0003399823035579175,0.0005432901671156287
generation-for-nlp-2413,1,1,11.5,0.00027636223239824176,0.9999786615371704,0,,0.0,0,0.9999786615371704,4.289260232326342e-06,2.1233377083262894e-06,1.0129876500286628e-05,4.710830580734182e-06
generation-for-nlp-2414,1,1,14.1171875,2.4964112526504323e-05,0.9999983310699463,0,,0.0,0,0.9999983310699463,5.12289147991396e-07,1.3788076103082858e-07,7.395756824735145e-07,2.118920008342684e-07
generation-for-nlp-2415,3,3,10.671875,0.0004440705815795809,0.9999637603759766,0,,0.0,0,3.314433797640959e-06,5.014578164264094e-06,0.9999637603759766,2.3187176338979043e-05,4.674101091950433e-06
generation-for-nlp-2416,1,1,13.71875,4.472555156098679e-05,0.9999970197677612,0,,0.0,0,0.9999970197677612,9.422427069694095e-07,3.897285125731287e-07,1.1015932841473841e-06,5.410844892139721e-07
generation-for-nlp-2418,1,1,12.546875,9.938144648913294e-05,0.999992847442627,0,,0.0,0,0.999992847442627,2.4060907435341505e-06,7.112391244845639e-07,3.555971716195927e-06,4.381817007015343e-07
generation-for-nlp-2419,5,5,10.609375,0.0005698453169316053,0.9999531507492065,0,,0.0,0,8.869790690368973e-06,4.63767719338648e-06,8.664322194817942e-06,2.468235652486328e-05,0.9999531507492065
generation-for-nlp-2420,2,2,5.765625,0.025719424709677696,0.9963874816894531,0,,0.0,0,4.183638884569518e-05,0.9963874816894531,8.71945230755955e-05,0.0003614112501963973,0.003122116671875119
generation-for-nlp-2421,1,1,13.375,7.127594290068373e-05,0.9999951124191284,0,,0.0,0,0.9999951124191284,1.1911041610801476e-06,8.315246873280557e-07,1.553492666062084e-06,1.3081719316687668e-06
generation-for-nlp-2423,1,1,10.578125,0.0004691973445005715,0.9999613761901855,0,,0.0,0,0.9999613761901855,2.5466068109381013e-05,3.668735189421568e-06,6.74783632348408e-06,2.7263724859949434e-06
generation-for-nlp-2424,1,1,14.0703125,3.0129052902339026e-05,0.9999980926513672,0,,0.0,0,0.9999980926513672,7.750685426799464e-07,2.4198817527576466e-07,5.368742677092087e-07,3.989710819496395e-07
generation-for-nlp-2425,1,1,14.1796875,2.703214886423666e-05,0.9999983310699463,0,,0.0,0,0.9999983310699463,5.043468149779073e-07,1.7843093758074247e-07,6.947671522539167e-07,3.661165521862131e-07
generation-for-nlp-2426,5,5,10.0,0.0009201011853292584,0.9999203681945801,0,,0.0,0,1.5935605915728956e-05,5.464340574690141e-06,1.280461856367765e-05,4.539631481748074e-05,0.9999203681945801
generation-for-nlp-2427,3,3,6.15625,0.020181981846690178,0.9973426461219788,0,,0.0,0,2.789575773931574e-05,0.00015317783982027322,0.9973426461219788,0.002114555099979043,0.00036175770219415426
generation-for-nlp-2428,2,2,12.140625,0.00017079705139622092,0.9999873638153076,0,,0.0,0,3.3145120141853113e-06,0.9999873638153076,1.0348411478844355e-06,5.338116807251936e-06,2.92504660137638e-06
generation-for-nlp-2429,5,5,9.890625,0.0008650608360767365,0.9999245405197144,0,,0.0,0,9.079873052542098e-06,4.747520506498404e-06,1.095241623261245e-05,5.06434626004193e-05,0.9999245405197144
generation-for-nlp-2430,2,2,9.921875,0.0011848907452076674,0.9998961687088013,0,,0.0,0,1.2028534911223687e-05,0.9998961687088013,1.5205491763481405e-05,4.908393384539522e-05,2.753359149210155e-05
generation-for-nlp-2431,3,3,9.453125,0.0009908175561577082,0.9999085664749146,0,,0.0,0,1.2777575193467783e-06,3.3664425700408174e-06,0.9999085664749146,7.843686762498692e-05,8.397374585911166e-06
generation-for-nlp-2433,4,4,3.9375,0.1329408586025238,0.9753552079200745,0,,0.0,0,0.01901639997959137,0.00021457984985318035,0.0014894794439896941,0.9753552079200745,0.003924255724996328
generation-for-nlp-2434,1,1,14.484375,1.979760781978257e-05,0.9999986886978149,0,,0.0,0,0.9999986886978149,4.0843264059731155e-07,1.1886067596833527e-07,5.122893185216526e-07,2.0537284228794306e-07
generation-for-nlp-2436,1,1,14.03125,3.245488187531009e-05,0.9999978542327881,0,,0.0,0,0.9999978542327881,8.059435003815452e-07,2.6370369710093655e-07,7.453759280906525e-07,2.988154506056162e-07
generation-for-nlp-2438,1,1,13.9140625,3.0404316930798814e-05,0.9999980926513672,0,,0.0,0,0.9999980926513672,5.539164362744486e-07,2.3454300901448732e-07,9.06146908619121e-07,2.873680671200418e-07
generation-for-nlp-2439,1,1,10.0,0.000781746581196785,0.9999325275421143,0,,0.0,0,0.9999325275421143,4.710613211500458e-06,6.643029337283224e-06,4.539686779025942e-05,1.0782700883282814e-05
generation-for-nlp-2440,4,4,6.4375,0.017540842294692993,0.9977895021438599,0,,0.0,0,3.21222105412744e-05,0.00021951543749310076,0.00036191981052979827,0.9977895021438599,0.0015968651277944446
generation-for-nlp-2441,1,1,11.734375,0.00025258155073970556,0.9999808073043823,0,,0.0,0,0.9999808073043823,3.785266471822979e-06,4.565903054754017e-06,8.013409569684882e-06,2.812971615639981e-06
generation-for-nlp-2442,2,2,6.5625,0.014449932612478733,0.9982085227966309,0,,0.0,0,0.0001270991488127038,0.9982085227966309,8.07891265139915e-05,0.001409820280969143,0.0001737239508656785
generation-for-nlp-2443,2,2,8.171875,0.007223749998956919,0.9992353916168213,0,,0.0,0,0.00017120652773883194,0.9992353916168213,6.200689676916227e-05,0.00024910407955758274,0.0002822718524839729
generation-for-nlp-2444,3,3,6.84375,0.014769764617085457,0.9982348680496216,0,,0.0,0,0.00012319197412580252,0.00012710251030512154,0.9982348680496216,0.0010642163688316941,0.0004506175173446536
generation-for-nlp-2445,1,1,14.3203125,2.6013074602815323e-05,0.9999984502792358,0,,0.0,0,0.9999984502792358,6.036241870788217e-07,2.536015415444126e-07,5.285509701025148e-07,2.873681523851701e-07
generation-for-nlp-2446,1,1,12.03125,0.00024751806631684303,0.9999812841415405,0,,0.0,0,0.9999812841415405,4.029397587146377e-06,2.8572708288265858e-06,5.955063443252584e-06,5.8627388170862105e-06
generation-for-nlp-2447,1,1,13.03125,6.0407935961848125e-05,0.9999958276748657,0,,0.0,0,0.9999958276748657,1.1015920335921692e-06,4.020993173980969e-07,2.1907774225837784e-06,4.5563825779026956e-07
generation-for-nlp-2448,1,1,4.234375,0.16517741978168488,0.9701148271560669,0,,0.0,0,0.9701148271560669,0.0012671742588281631,0.014055860228836536,0.012599592097103596,0.001962637761607766
generation-for-nlp-2449,1,1,12.640625,0.000126517319586128,0.9999909400939941,0,,0.0,0,0.9999909400939941,2.6015995899797417e-06,9.570751444698544e-07,2.295903868798632e-06,3.2377431580243865e-06
generation-for-nlp-2450,1,1,12.21875,0.00016682033310644329,0.9999878406524658,0,,0.0,0,0.9999878406524658,2.902285359596135e-06,2.561257588240551e-06,4.9369537009624764e-06,1.8448047285346547e-06
generation-for-nlp-2451,1,1,12.546875,0.00012099329615011811,0.9999912977218628,0,,0.0,0,0.9999912977218628,1.8448110949975671e-06,9.422373068446177e-07,3.5559662592277164e-06,2.3320596937992377e-06
generation-for-nlp-2452,1,1,14.0859375,2.5331157303298824e-05,0.9999983310699463,0,,0.0,0,0.9999983310699463,3.836868245343794e-07,2.2732692173121904e-07,7.630524123669602e-07,2.4772683104856696e-07
generation-for-nlp-2453,1,1,8.359375,0.00461076945066452,0.9995285272598267,0,,0.0,0,0.9995285272598267,0.00023408023116644472,1.618021087779198e-05,7.481654756702483e-05,0.0001464836677769199
generation-for-nlp-2454,1,1,14.3125,2.5718161850818433e-05,0.9999983310699463,0,,0.0,0,0.9999983310699463,6.083583912186441e-07,2.255578550602877e-07,5.804996021652187e-07,2.3271782367828564e-07
generation-for-nlp-2455,2,2,11.65625,0.00029755354626104236,0.9999769926071167,0,,0.0,0,2.8129607017035596e-06,0.9999769926071167,4.0293803067470435e-06,8.664528650115244e-06,7.411164460791042e-06
generation-for-nlp-2456,3,3,9.515625,0.0010737375123426318,0.9999023675918579,0,,0.0,0,1.529266228317283e-06,7.468733201676514e-06,0.9999023675918579,7.3684161179699e-05,1.4969845324230846e-05
generation-for-nlp-2458,1,1,13.171875,8.018568041734397e-05,0.9999943971633911,0,,0.0,0,0.9999943971633911,1.8738684275376727e-06,7.934457357805513e-07,1.9033776652577217e-06,9.874592024061712e-07
generation-for-nlp-2459,1,1,13.7578125,4.255436215316877e-05,0.9999972581863403,0,,0.0,0,0.9999972581863403,8.250554515143449e-07,5.244371550361393e-07,1.0593921615509316e-06,4.148639334289328e-07
generation-for-nlp-2460,1,1,15.0,1.2207372492412105e-05,0.9999991655349731,0,,0.0,0,0.9999991655349731,3.059020627915743e-07,7.322797301867467e-08,2.438864044052025e-07,1.1701796864826974e-07
generation-for-nlp-2461,1,1,13.3125,5.5142467317637056e-05,0.9999963045120239,0,,0.0,0,0.9999963045120239,1.1102324606326874e-06,5.004209242542856e-07,1.6536862403881969e-06,4.775050115313206e-07
generation-for-nlp-2464,1,1,13.4375,5.218947626417503e-05,0.9999964237213135,0,,0.0,0,0.9999964237213135,1.4593731521017617e-06,3.156115724323172e-07,1.3081736369713326e-06,4.4857452508040296e-07
generation-for-nlp-2466,1,1,14.46875,2.117602343787439e-05,0.9999986886978149,0,,0.0,0,0.9999986886978149,4.592131688241352e-07,1.5623940896603017e-07,5.203567070566351e-07,2.0698360003734706e-07
generation-for-nlp-2467,1,1,12.234375,0.0001157154401880689,0.9999916553497314,0,,0.0,0,0.9999916553497314,4.8604315452394076e-06,9.349051310891809e-07,1.8738631979431375e-06,7.224386422421958e-07
generation-for-nlp-2468,1,1,12.5625,0.00011878463556058705,0.9999914169311523,0,,0.0,0,0.9999914169311523,3.1875481454335386e-06,7.811422619852237e-07,3.5008367831323994e-06,1.0845085398614174e-06
generation-for-nlp-2470,1,1,12.921875,6.319653039099649e-05,0.9999955892562866,0,,0.0,0,0.9999955892562866,1.3184327372073312e-06,2.4772617734925007e-07,2.4439882508886512e-06,3.777372796776035e-07
generation-for-nlp-2471,1,1,13.125,6.463577301474288e-05,0.9999955892562866,0,,0.0,0,0.9999955892562866,1.9947249256802024e-06,7.168193292272917e-07,1.0930190228464198e-06,6.227834887795325e-07
generation-for-nlp-2472,1,1,14.5859375,1.4777823707845528e-05,0.9999990463256836,0,,0.0,0,0.9999990463256836,2.1522897952763742e-07,9.329484385034448e-08,4.62814966795122e-07,1.433733842759466e-07
generation-for-nlp-2473,1,1,14.171875,2.3520198737969622e-05,0.9999984502792358,0,,0.0,0,0.9999984502792358,3.8368688137779827e-07,1.8553886604877334e-07,7.002163329161704e-07,2.2910990082891658e-07
generation-for-nlp-2474,1,1,9.140625,0.0024917353875935078,0.9997618794441223,0,,0.0,0,0.9997618794441223,0.00010719476995291188,1.3842899534211028e-05,9.313242480857298e-05,2.3918384613352828e-05
generation-for-nlp-2475,1,1,13.484375,5.14118219143711e-05,0.999996542930603,0,,0.0,0,0.999996542930603,1.267925426873262e-06,3.747980485968583e-07,1.392543822476e-06,4.381833207389718e-07
generation-for-nlp-2476,1,1,14.125,2.465914803906344e-05,0.9999984502792358,0,,0.0,0,0.9999984502792358,3.604404525958671e-07,2.2206091898624436e-07,7.338204000006954e-07,2.6370386763119313e-07
generation-for-nlp-2477,1,1,14.171875,2.6078963855979964e-05,0.9999983310699463,0,,0.0,0,0.9999983310699463,3.8972902416389843e-07,2.720746863360546e-07,7.002162192293326e-07,3.083010540194664e-07
generation-for-nlp-2479,1,1,7.53125,0.008084751665592194,0.9990932941436768,0,,0.0,0,0.9990932941436768,1.776274984877091e-05,4.828415694646537e-05,0.0005355817265808582,0.00030516524566337466
generation-for-nlp-2480,1,1,13.5625,3.903941615135409e-05,0.9999973773956299,0,,0.0,0,0.9999973773956299,6.73390729843959e-07,3.107187467321637e-07,1.2878934967375244e-06,3.156118850711209e-07
generation-for-nlp-2481,1,1,14.4609375,2.5618097424739972e-05,0.9999983310699463,0,,0.0,0,0.9999983310699463,4.926636165691889e-07,2.516279664632748e-07,5.244377234703279e-07,3.632673895026528e-07
generation-for-nlp-2482,1,1,12.890625,7.629566243849695e-05,0.9999946355819702,0,,0.0,0,0.9999946355819702,9.42240433232655e-07,1.1544572089405847e-06,2.5215663299604785e-06,6.733888540111366e-07
generation-for-nlp-2483,2,2,11.546875,0.00026097544468939304,0.9999799728393555,0,,0.0,0,4.092846211278811e-06,0.9999799728393555,1.5534691328866757e-06,9.666009646025486e-06,4.7108369471970946e-06
generation-for-nlp-2484,3,3,5.734375,0.024133240804076195,0.9965349435806274,0,,0.0,0,2.2749416530132294e-05,3.013807872775942e-05,0.9965349435806274,0.003221699967980385,0.0001904785167425871
generation-for-nlp-2485,1,1,8.234375,0.0044835833832621574,0.9995394945144653,0,,0.0,0,0.9995394945144653,0.00012335296196397394,2.0453928300412372e-05,0.00026525056455284357,5.142117151990533e-05
generation-for-nlp-2486,4,4,8.875,0.0020401973742991686,0.9998018145561218,0,,0.0,0,5.213491931499448e-06,4.092116796527989e-06,4.9079302698373795e-05,0.9998018145561218,0.00013981391384731978
generation-for-nlp-2487,1,1,14.0234375,3.340045805089176e-05,0.9999978542327881,0,,0.0,0,0.9999978542327881,8.122646022457047e-07,3.989709966845112e-07,6.577919862138515e-07,3.0830091191091924e-07
generation-for-nlp-2488,2,2,10.453125,0.0009445674950256944,0.9999195337295532,0,,0.0,0,2.355127980990801e-05,0.9999195337295532,8.26727682579076e-06,1.9832164980471134e-05,2.8855631171609275e-05
generation-for-nlp-2489,1,1,12.75,0.00011391565931262448,0.9999918937683105,0,,0.0,0,0.9999918937683105,2.8130027658335166e-06,1.2193463589937892e-06,2.902297183027258e-06,1.191100295727665e-06
generation-for-nlp-2491,3,3,11.2421875,0.0002338116755709052,0.9999817609786987,0,,0.0,0,1.248249645868782e-06,1.7741203919285908e-06,0.9999817609786987,1.3109075553074945e-05,2.1233443021628773e-06
generation-for-nlp-2492,1,1,13.71875,4.755953705171123e-05,0.9999967813491821,0,,0.0,0,0.9999967813491821,8.714318369129614e-07,4.812503675566404e-07,1.1015930567737087e-06,7.112419098120881e-07
generation-for-nlp-2493,1,1,13.0625,7.543755054939538e-05,0.9999947547912598,0,,0.0,0,0.9999947547912598,1.5294074273697333e-06,6.786703465877508e-07,2.123371814377606e-06,8.851530424180964e-07
generation-for-nlp-2494,3,3,9.921875,0.000808600801974535,0.9999293088912964,0,,0.0,0,1.219270075125678e-06,7.353139608312631e-06,0.9999293088912964,4.908556002192199e-05,1.3108387975080404e-05
generation-for-nlp-2495,1,1,9.40625,0.0017627328634262085,0.9998389482498169,0,,0.0,0,0.9998389482498169,3.071418177569285e-05,1.6440117178717628e-05,8.219541632570326e-05,3.168915645801462e-05
generation-for-nlp-2496,1,1,14.34375,2.7147441869601607e-05,0.9999983310699463,0,,0.0,0,0.9999983310699463,5.203565365263785e-07,2.516279664632748e-07,5.896412176298327e-07,3.836868245343794e-07
generation-for-nlp-2497,2,2,12.3984375,0.00011658071889542043,0.9999915361404419,0,,0.0,0,1.1635079317784403e-06,0.9999915361404419,5.804956799693173e-07,4.124994120502379e-06,2.541335106798215e-06
generation-for-nlp-2498,1,1,13.859375,3.475281846476719e-05,0.9999977350234985,0,,0.0,0,0.9999977350234985,6.276694080042944e-07,2.596153194645012e-07,9.570816246196046e-07,4.313904753416864e-07
generation-for-nlp-2499,1,1,14.734375,1.721970329526812e-05,0.999998927116394,0,,0.0,0,0.999998927116394,3.9897142301015265e-07,1.2652655811962177e-07,3.6898822486364224e-07,1.7983050781822385e-07
generation-for-nlp-2500,1,1,14.125,3.508809095364995e-05,0.9999977350234985,0,,0.0,0,0.9999977350234985,6.475937652794528e-07,2.8291276521486e-07,7.338198884099256e-07,6.276694080042944e-07
generation-for-nlp-2502,1,1,13.1796875,6.758594827260822e-05,0.9999953508377075,0,,0.0,0,0.9999953508377075,1.5056970141813508e-06,5.453272819977428e-07,1.8885671124735381e-06,7.057059860926529e-07
generation-for-nlp-2503,1,1,13.703125,3.620444476837292e-05,0.999997615814209,0,,0.0,0,0.999997615814209,6.839952675363747e-07,3.156119703362492e-07,1.1189415545231896e-06,2.678563930658129e-07
generation-for-nlp-2506,1,1,14.1328125,2.7429476176621392e-05,0.9999982118606567,0,,0.0,0,0.9999982118606567,4.280335303974425e-07,2.3090677814252558e-07,7.281095122380066e-07,3.7479867387446575e-07
generation-for-nlp-2507,1,1,12.453125,0.00012600989430211484,0.9999910593032837,0,,0.0,0,0.9999910593032837,1.873862174761598e-06,1.6797191619843943e-06,3.9054639273672365e-06,1.6027992160161375e-06
generation-for-nlp-2508,1,1,14.1796875,2.558477717684582e-05,0.9999983310699463,0,,0.0,0,0.9999983310699463,5.714998110306624e-07,1.7566463839102653e-07,6.947671522539167e-07,2.021887581804549e-07
generation-for-nlp-2509,1,1,13.484375,4.4396590965334326e-05,0.9999970197677612,0,,0.0,0,0.9999970197677612,7.002153097346309e-07,4.0525355871068314e-07,1.3925443909101887e-06,4.628140288787108e-07
generation-for-nlp-2511,1,1,14.15625,3.092072074650787e-05,0.9999979734420776,0,,0.0,0,0.9999979734420776,6.375539101100003e-07,3.3335274451928854e-07,7.11242762463371e-07,3.180874159625091e-07
generation-for-nlp-2513,2,2,10.59375,0.0008475159993395209,0.9999285936355591,0,,0.0,0,2.1781570467283018e-05,0.9999285936355591,8.397542842430994e-06,2.5070432457141578e-05,1.6186688299058005e-05
generation-for-nlp-2514,1,1,13.65625,4.7729354264447466e-05,0.9999969005584717,0,,0.0,0,0.9999969005584717,1.172639827018429e-06,2.8513142069641617e-07,8.64650417042867e-07,8.782665759099473e-07
generation-for-nlp-2515,1,1,14.21875,2.5830911908997223e-05,0.9999983310699463,0,,0.0,0,0.9999983310699463,4.9652766165309e-07,2.457990149196121e-07,6.681509603367886e-07,2.4388620545323647e-07
generation-for-nlp-2517,1,1,12.453125,0.0001223309664055705,0.9999910593032837,0,,0.0,0,0.9999910593032837,2.6016000447270926e-06,1.3709468476008624e-06,3.9054639273672365e-06,9.204102298099315e-07
generation-for-nlp-2519,4,4,9.875,0.0008917745435610414,0.9999217987060547,0,,0.0,0,5.296227755025029e-06,4.2225210563628934e-06,1.723052264424041e-05,0.9999217987060547,5.1440838433336467e-05
generation-for-nlp-2520,4,4,8.65625,0.0024062793236225843,0.9997627139091492,0,,0.0,0,1.5203461771307047e-05,4.821503353014123e-06,4.331063246354461e-05,0.9997627139091492,0.00017399442731402814
generation-for-nlp-2521,1,1,14.0859375,2.5540801289025694e-05,0.9999983310699463,0,,0.0,0,0.9999983310699463,4.3818408812512644e-07,2.118920008342684e-07,7.630524123669602e-07,2.255578550602877e-07
generation-for-nlp-2522,2,2,5.953125,0.034420326352119446,0.9953141212463379,0,,0.0,0,0.00015286629786714911,0.9953141212463379,0.0003040109295397997,0.002585537265986204,0.0016434676945209503
generation-for-nlp-2524,1,1,13.703125,4.834686842514202e-05,0.9999966621398926,0,,0.0,0,0.9999966621398926,1.1189404176548123e-06,4.6281388677016366e-07,1.093020159714797e-06,5.496051471709507e-07
generation-for-nlp-2525,1,1,13.703125,4.614757563103922e-05,0.9999970197677612,0,,0.0,0,0.9999970197677612,1.0845146789506543e-06,3.9586581124240183e-07,1.1189408724021632e-06,4.888290163762576e-07
generation-for-nlp-2527,3,3,8.953125,0.001779880840331316,0.9998294115066528,0,,0.0,0,4.028785951959435e-06,1.0128364920092281e-05,0.9998294115066528,0.00012931031233165413,2.7104913897346705e-05
generation-for-nlp-2528,2,2,9.09375,0.0015182087663561106,0.9998557567596436,0,,0.0,0,4.09233780374052e-06,0.9998557567596436,3.446093842285336e-06,0.00011234970588702708,2.4297325580846518e-05
generation-for-nlp-2530,1,1,13.015625,7.7387536293827e-05,0.9999946355819702,0,,0.0,0,0.9999946355819702,1.4255643918659189e-06,6.526708489218436e-07,1.0593894330668263e-06,2.22527432924835e-06
generation-for-nlp-2531,2,2,11.34375,0.00035092607140541077,0.9999725818634033,0,,0.0,0,2.5612184799683746e-06,0.9999725818634033,5.338037681212882e-06,1.1842954336316325e-05,7.76679917180445e-06
generation-for-nlp-2532,1,1,4.34375,0.16010992228984833,0.9719573259353638,0,,0.0,0,0.9719573259353638,0.0015555231366306543,0.003560628043487668,0.010303018614649773,0.01262352243065834
generation-for-nlp-2533,1,1,9.71875,0.0008148725028149784,0.9999270439147949,0,,0.0,0,0.9999270439147949,6.014074824634008e-05,1.816093345041736e-06,6.540002686961088e-06,4.494873792282306e-06
generation-for-nlp-2534,2,2,9.125,0.002483088057488203,0.9997606873512268,0,,0.0,0,1.2408679140207823e-05,0.9997606873512268,1.4060876310395543e-05,0.00010389660019427538,0.00010888271208386868
generation-for-nlp-2535,1,1,8.015625,0.00517496420070529,0.9994608759880066,0,,0.0,0,0.9994608759880066,8.216433343477547e-05,3.94228809454944e-05,8.746347884880379e-05,0.00033008368336595595
generation-for-nlp-2537,1,1,12.65625,0.00010654263314791024,0.9999924898147583,0,,0.0,0,0.9999924898147583,1.9947187865909655e-06,9.721482001623372e-07,3.1875515560386702e-06,1.414467419635912e-06
generation-for-nlp-2538,1,1,14.171875,2.468328057148028e-05,0.9999984502792358,0,,0.0,0,0.9999984502792358,4.181182475804235e-07,2.1691688800729025e-07,7.002163329161704e-07,2.457990433413215e-07
generation-for-nlp-2539,1,1,14.265625,3.0981667805463076e-05,0.9999980926513672,0,,0.0,0,0.9999980926513672,6.131296004241449e-07,2.678565067526506e-07,6.37554023796838e-07,4.926634460389323e-07
generation-for-nlp-2540,1,1,12.3125,0.00015532129327766597,0.9999886751174927,0,,0.0,0,0.9999886751174927,2.1567971089098137e-06,1.9033667513213004e-06,4.4951507334189955e-06,2.7693822630681098e-06
generation-for-nlp-2541,2,2,3.453125,0.2948688864707947,0.9370282888412476,0,,0.0,0,0.028741396963596344,0.9370282888412476,0.003029320854693651,0.029653742909431458,0.0015472257509827614
generation-for-nlp-2542,1,1,12.234375,9.406667231814936e-05,0.9999932050704956,0,,0.0,0,0.9999932050704956,4.860438821197022e-06,5.163043965694669e-07,1.0188033456870471e-06,4.2803139876923524e-07
generation-for-nlp-2543,3,3,4.9375,0.0907522663474083,0.9856714606285095,0,,0.0,0,0.002641767030581832,0.00026157035608775914,0.9856714606285095,0.0043555377051234245,0.0070697348564863205
generation-for-nlp-2544,1,1,14.5546875,1.9136170521960594e-05,0.9999988079071045,0,,0.0,0,0.9999988079071045,3.958665217851376e-07,1.161072873401281e-07,4.775062052431167e-07,2.1522892268421856e-07
generation-for-nlp-2545,1,1,14.109375,2.6140896807191893e-05,0.9999984502792358,0,,0.0,0,0.9999984502792358,3.661165806079225e-07,1.663159423515026e-07,7.453763828380033e-07,4.1163593778037466e-07
generation-for-nlp-2547,5,5,6.859375,0.00887986458837986,0.9988970756530762,0,,0.0,0,6.533266059705056e-06,1.6683279682183638e-05,3.116847074124962e-05,0.001048412173986435,0.9988970756530762
generation-for-nlp-2548,1,1,14.3125,2.531896097934805e-05,0.9999983310699463,0,,0.0,0,0.9999983310699463,5.32696390109777e-07,1.7294121334998636e-07,6.083583912186441e-07,3.0352126145771763e-07
generation-for-nlp-2549,1,1,9.296875,0.0023114276118576527,0.9997841715812683,0,,0.0,0,0.9997841715812683,4.0687446016818285e-05,2.3183012672234327e-05,9.169058466795832e-05,6.013215534039773e-05
generation-for-nlp-2550,1,1,10.1875,0.0007320430595427752,0.9999375343322754,0,,0.0,0,0.9999375343322754,5.682112259819405e-06,3.5006480629817815e-06,1.5688816347392276e-05,3.763551285373978e-05
generation-for-nlp-2551,4,4,8.421875,0.0033844374120235443,0.9996601343154907,0,,0.0,0,3.5345485230209306e-05,1.3207642950874288e-05,7.139984518289566e-05,0.9996601343154907,0.0002199269802076742
generation-for-nlp-2552,1,1,14.359375,2.688757740543224e-05,0.9999983310699463,0,,0.0,0,0.9999983310699463,5.453289304568898e-07,2.596154899947578e-07,5.804996021652187e-07,3.412581577322271e-07
generation-for-nlp-2553,4,4,10.46875,0.00047181593254208565,0.9999605417251587,0,,0.0,0,2.074112899208558e-06,1.3081266843073536e-06,7.646293852303643e-06,0.9999605417251587,2.8409431251930073e-05
generation-for-nlp-2554,2,2,8.875,0.0038069807924330235,0.9996242523193359,0,,0.0,0,0.0001397890882799402,0.9996242523193359,2.3179303752840497e-05,8.747777610551566e-05,0.00012530612002592534
generation-for-nlp-2555,1,1,10.5,0.0005255817668512464,0.999956488609314,0,,0.0,0,0.999956488609314,5.682220034941565e-06,3.500714456095011e-06,2.7535252229426987e-05,6.747803126927465e-06
generation-for-nlp-2556,1,1,14.9375,1.2077871360816061e-05,0.9999991655349731,0,,0.0,0,0.9999991655349731,2.1522899373849214e-07,7.61450493769189e-08,3.256310492361081e-07,1.1430725521677232e-07
generation-for-nlp-2557,3,3,9.671875,0.0009165749070234597,0.9999179840087891,0,,0.0,0,2.6631003038346535e-06,7.071365416777553e-06,0.9999179840087891,6.302639667410403e-05,9.22279832593631e-06
generation-for-nlp-2558,1,1,14.3828125,2.585671973065473e-05,0.9999983310699463,0,,0.0,0,0.9999983310699463,4.926636165691889e-07,2.699573826703272e-07,5.670523819389928e-07,3.2058235888143827e-07
generation-for-nlp-2559,1,1,13.171875,7.693812949582934e-05,0.9999946355819702,0,,0.0,0,0.9999946355819702,1.3925410939918947e-06,1.9033781200050726e-06,1.436745037608489e-06,5.850504294357961e-07
generation-for-nlp-2560,2,2,12.7578125,0.00011279035970801488,0.9999920129776001,0,,0.0,0,1.6536791918042582e-06,0.9999920129776001,9.42237988965644e-07,2.5612682748032967e-06,2.8797114737244556e-06
generation-for-nlp-2561,1,1,8.703125,0.0020172817166894674,0.9998012185096741,0,,0.0,0,0.9998012185096741,0.00016603303083684295,1.0951065632980317e-05,1.0781284800032154e-05,1.0951065632980317e-05
generation-for-nlp-2562,2,2,7.109375,0.010249410755932331,0.9988144636154175,0,,0.0,0,0.00021633415599353611,0.9988144636154175,4.395095311338082e-05,0.00010877965542022139,0.0008164366008713841
generation-for-nlp-2563,1,1,4.0,0.1163456067442894,0.9784854054450989,0,,0.0,0,0.9784854054450989,0.00026375247398391366,0.017921585589647293,0.0025418212171643972,0.0007874194998294115
generation-for-nlp-2564,1,1,14.0625,2.4800983737804927e-05,0.9999984502792358,0,,0.0,0,0.9999984502792358,4.021003690013458e-07,1.611989404182168e-07,7.811477757968532e-07,2.516279948849842e-07
generation-for-nlp-2565,2,2,8.921875,0.003053399734199047,0.9997044205665588,0,,0.0,0,6.501317693619058e-05,0.9997044205665588,1.618305941519793e-05,8.091019844869152e-05,0.00013339838187675923
generation-for-nlp-2566,1,1,13.640625,4.6200002543628216e-05,0.9999969005584717,0,,0.0,0,0.9999969005584717,8.250551672972506e-07,3.7773779126837326e-07,1.1911063211300643e-06,6.839948127890239e-07
generation-for-nlp-2567,2,2,11.515625,0.0003083353512920439,0.9999761581420898,0,,0.0,0,2.8350207230687374e-06,0.9999761581420898,4.975615865987493e-06,9.972803127311636e-06,6.048810973879881e-06
generation-for-nlp-2568,2,2,5.15625,0.07591396570205688,0.9883861541748047,0,,0.0,0,0.0018206587992608547,0.9883861541748047,0.0002425793354632333,0.005696338135749102,0.0038543345872312784
generation-for-nlp-2569,3,3,10.8984375,0.0003730732714757323,0.9999699592590332,0,,0.0,0,8.990699598143692e-07,3.340450120958849e-06,0.9999699592590332,1.8486542103346437e-05,7.3534383773221634e-06
generation-for-nlp-2570,4,4,9.984375,0.001160845160484314,0.9998966455459595,0,,0.0,0,1.1477713997010142e-05,2.424729018457583e-06,4.331643503974192e-05,0.9998966455459595,4.611010808730498e-05
generation-for-nlp-2571,1,1,14.1484375,2.798757668642793e-05,0.9999982118606567,0,,0.0,0,0.9999982118606567,5.24437666626909e-07,2.5360148470099375e-07,7.168212050601142e-07,3.0830102559775696e-07
generation-for-nlp-2572,1,1,14.2578125,2.797539309540298e-05,0.9999982118606567,0,,0.0,0,0.9999982118606567,5.163070113667345e-07,2.7852672701556003e-07,6.425544825106044e-07,3.604403673307388e-07
generation-for-nlp-2573,1,1,14.0546875,2.6384670491097495e-05,0.9999982118606567,0,,0.0,0,0.9999982118606567,4.701028615272662e-07,2.1355386081722827e-07,7.872741321079957e-07,2.220608621428255e-07
generation-for-nlp-2574,1,1,13.734375,5.143604721524753e-05,0.999996542930603,0,,0.0,0,0.999996542930603,9.276341188524384e-07,5.043459054832056e-07,1.0845141105164657e-06,9.276341188524384e-07
generation-for-nlp-2575,1,1,14.59375,1.8399054170004092e-05,0.999998927116394,0,,0.0,0,0.999998927116394,4.1163610831063124e-07,1.3054294356606988e-07,4.5921328251097293e-07,1.5994456248336064e-07
generation-for-nlp-2576,2,2,7.25,0.008580856025218964,0.999018669128418,0,,0.0,0,5.22037225891836e-05,0.999018669128418,3.1663159461459145e-05,0.0007094774628058076,0.00018799281679093838
generation-for-nlp-2577,1,1,14.21875,2.520343696232885e-05,0.9999983310699463,0,,0.0,0,0.9999983310699463,4.926636165691889e-07,2.255578550602877e-07,6.681509603367886e-07,2.2380255870757537e-07
generation-for-nlp-2578,3,3,10.078125,0.0009351817425340414,0.9999185800552368,0,,0.0,0,2.790907046801294e-06,8.731974958209321e-06,0.9999185800552368,4.19846510339994e-05,2.7967807909590192e-05
generation-for-nlp-2579,1,1,14.046875,3.366800956428051e-05,0.9999977350234985,0,,0.0,0,0.9999977350234985,7.934483505778189e-07,4.3477388089741e-07,6.375537964231626e-07,3.2058215992947225e-07
generation-for-nlp-2580,1,1,8.9375,0.0015627689426764846,0.9998486042022705,0,,0.0,0,0.9998486042022705,2.9475788778654533e-06,0.00013134916662238538,9.971530744223855e-06,7.182224635471357e-06
generation-for-nlp-2581,2,2,12.0,0.00018554531561676413,0.9999861717224121,0,,0.0,0,1.9182900814485038e-06,0.9999861717224121,2.2602982880925993e-06,6.144127382867737e-06,3.446543132668012e-06
generation-for-nlp-2583,1,1,13.125,5.744030204368755e-05,0.9999960660934448,0,,0.0,0,0.9999960660934448,9.570800330038765e-07,3.281840008639847e-07,1.994725835174904e-06,6.425531182685518e-07
generation-for-nlp-2584,1,1,10.828125,0.0004116436466574669,0.9999667406082153,0,,0.0,0,0.9999667406082153,8.139487363223452e-06,1.4593298374165897e-06,3.905368885170901e-06,1.9833099941024557e-05
generation-for-nlp-2585,5,5,8.140625,0.004358273930847645,0.9995502829551697,0,,0.0,0,8.611518569523469e-05,1.921489638334606e-05,5.3054027375765145e-05,0.0002913239295594394,0.9995502829551697
generation-for-nlp-2586,1,1,13.9375,3.1653176847612485e-05,0.9999979734420776,0,,0.0,0,0.9999979734420776,6.325923891381535e-07,2.8291285047998826e-07,8.851558845890395e-07,2.63703725522646e-07
generation-for-nlp-2587,1,1,14.921875,1.2027185221086256e-05,0.9999992847442627,0,,0.0,0,0.9999992847442627,1.756648089212831e-07,1.024643765390465e-07,3.307590361600887e-07,1.255419732615337e-07
generation-for-nlp-2588,2,2,5.1875,0.08593608438968658,0.9869905114173889,0,,0.0,0,0.0055132838897407055,0.9869905114173889,0.0012301799142733216,0.0028159096837043762,0.003450124990195036
generation-for-nlp-2589,1,1,13.5703125,4.464182711672038e-05,0.9999970197677612,0,,0.0,0,0.9999970197677612,8.71432007443218e-07,3.01158820548153e-07,1.2778706377503113e-06,5.285501742946508e-07
generation-for-nlp-2590,1,1,13.625,5.24109200341627e-05,0.9999964237213135,0,,0.0,0,0.9999964237213135,1.2004475138382986e-06,4.3818326389555295e-07,1.2098628303647274e-06,6.733901045663515e-07
generation-for-nlp-2591,1,1,14.0234375,3.1946612580213696e-05,0.9999979734420776,0,,0.0,0,0.9999979734420776,7.057078619254753e-07,2.7635914534585027e-07,8.122647159325425e-07,2.8962190867787285e-07
generation-for-nlp-2592,4,4,8.09375,0.005410477053374052,0.9994321465492249,0,,0.0,0,8.216196874855086e-05,1.1836554222099949e-05,0.00016858542221598327,0.9994321465492249,0.00030526876798830926
generation-for-nlp-2593,2,2,7.875,0.010687122121453285,0.9988237023353577,0,,0.0,0,0.00037379542482085526,0.9988237023353577,0.00017383100930601358,0.00024900143034756184,0.00037968182004988194
generation-for-nlp-2594,4,4,6.09375,0.03556849807500839,0.9951649904251099,0,,0.0,0,0.00019321215222589672,0.00031855300767347217,0.002246017334982753,0.9951649904251099,0.0020772262942045927
generation-for-nlp-2596,1,1,11.234375,0.0003010274958796799,0.9999765157699585,0,,0.0,0,0.9999765157699585,4.4254061322135385e-06,2.9943796562292846e-06,1.3211822988523636e-05,2.857257186406059e-06
generation-for-nlp-2597,4,4,7.671875,0.00885423831641674,0.9990081191062927,0,,0.0,0,7.836623262846842e-05,2.4659029804752208e-05,0.00046528177335858345,0.9990081191062927,0.00042364385444670916
generation-for-nlp-2598,1,1,13.9765625,4.054172313772142e-05,0.9999973773956299,0,,0.0,0,0.9999973773956299,7.338196041928313e-07,5.004214926884742e-07,8.512456588505302e-07,5.850520210515242e-07
generation-for-nlp-2599,1,1,14.6015625,2.0606048565241508e-05,0.9999988079071045,0,,0.0,0,0.9999988079071045,4.556396220323222e-07,1.7429766785426182e-07,4.381843154988019e-07,2.3823668016120791e-07
generation-for-nlp-2600,1,1,7.25,0.014197710901498795,0.9983280301094055,0,,0.0,0,0.9983280301094055,0.0007089870050549507,0.00024887785548344254,0.0006765201105736196,3.757493323064409e-05
generation-for-nlp-2601,1,1,13.78125,3.490607559797354e-05,0.9999977350234985,0,,0.0,0,0.9999977350234985,5.626392294288962e-07,2.988154221839068e-07,1.0348518344471813e-06,3.9278546637433465e-07
generation-for-nlp-2602,3,3,11.03125,0.00033248658291995525,0.9999736547470093,0,,0.0,0,2.7264059099252336e-06,2.9943710160296177e-06,0.9999736547470093,1.6187417713808827e-05,4.425393854035065e-06
generation-for-nlp-2603,1,1,13.15625,7.67921083024703e-05,0.9999946355819702,0,,0.0,0,0.9999946355819702,1.6028049003580236e-06,6.839932211732958e-07,1.933351541083539e-06,1.0845120641533867e-06
generation-for-nlp-2604,1,1,13.7265625,4.91369137307629e-05,0.9999967813491821,0,,0.0,0,0.9999967813491821,8.18634418919828e-07,6.131288046162808e-07,1.0930202734016348e-06,7.571130709038698e-07
generation-for-nlp-2606,5,5,9.78125,0.000981271849013865,0.9999133348464966,0,,0.0,0,1.3210988072387408e-05,3.4194729323644424e-06,1.3419030437944457e-05,5.649622835335322e-05,0.9999133348464966
generation-for-nlp-2607,2,2,10.75,0.000538479769602418,0.9999560117721558,0,,0.0,0,5.594123194896383e-06,0.9999560117721558,5.422009962785523e-06,2.144446443708148e-05,1.147839520854177e-05
generation-for-nlp-2608,2,2,8.359375,0.0050829267129302025,0.9994829893112183,0,,0.0,0,6.602235225727782e-05,0.9994829893112183,8.346007962245494e-05,0.00023406957916449755,0.00013336882693693042
generation-for-nlp-2609,1,1,13.859375,3.2813375582918525e-05,0.9999978542327881,0,,0.0,0,0.9999978542327881,5.896409334127384e-07,2.4388609176639875e-07,9.570817383064423e-07,3.5209066595598415e-07
generation-for-nlp-2610,1,1,14.1953125,2.848915391950868e-05,0.9999982118606567,0,,0.0,0,0.9999982118606567,6.276696922213887e-07,2.7852672701556003e-07,6.839956654403068e-07,2.5162793804156536e-07
generation-for-nlp-2611,2,2,10.671875,0.0008423926774412394,0.9999293088912964,0,,0.0,0,1.4284712051448878e-05,0.9999293088912964,1.696351682767272e-05,2.3186377802630886e-05,1.6186699212994426e-05
generation-for-nlp-2613,2,2,11.0,0.0004933420568704605,0.99996018409729,0,,0.0,0,2.9710288345086155e-06,0.99996018409729,8.530054401489906e-06,1.670103483775165e-05,1.1659202755254228e-05
generation-for-nlp-2614,1,1,6.640625,0.01406921073794365,0.9982765913009644,0,,0.0,0,0.9982765913009644,0.0001657798420637846,0.00019081142090726644,6.292293255683035e-05,0.0013039595214650035
generation-for-nlp-2615,1,1,10.390625,0.0010297149419784546,0.999911904335022,0,,0.0,0,0.999911904335022,2.1111069145263173e-05,1.5445186363649555e-05,3.071642277063802e-05,2.0783771105925553e-05
generation-for-nlp-2617,1,1,14.0625,3.067417492275126e-05,0.9999978542327881,0,,0.0,0,0.9999978542327881,5.942655434409971e-07,1.7983032307711255e-07,7.811473210495024e-07,4.247024207870709e-07
generation-for-nlp-2618,2,2,8.203125,0.00720620434731245,0.9992406368255615,0,,0.0,0,0.00010547784040682018,0.9992406368255615,0.00012723056715913117,0.00027358869556337595,0.0002530281781218946
generation-for-nlp-2619,1,1,10.28125,0.0006583111826330423,0.9999445676803589,0,,0.0,0,0.9999445676803589,6.048619979992509e-06,4.425265160534764e-06,3.426776675041765e-05,1.0782830941025168e-05
generation-for-nlp-2620,1,1,13.09375,7.153019396355376e-05,0.9999949932098389,0,,0.0,0,0.9999949932098389,1.7061776134141837e-06,5.942638381384313e-07,2.0580432646966074e-06,5.850505999660527e-07
generation-for-nlp-2621,3,3,9.6875,0.0008918101666495204,0.999920129776001,0,,0.0,0,1.3708496453546104e-06,9.07983303477522e-06,0.999920129776001,6.20493883616291e-05,7.3530723057047e-06
generation-for-nlp-2622,3,3,10.71875,0.000358767865691334,0.9999706745147705,0,,0.0,0,1.1454455943749053e-06,2.424908416287508e-06,0.9999706745147705,2.212551044067368e-05,3.6118899515713565e-06
generation-for-nlp-2624,1,1,13.890625,3.767090674955398e-05,0.999997615814209,0,,0.0,0,0.999997615814209,9.27635085190559e-07,2.785265849070129e-07,7.934482937344001e-07,4.85025225316349e-07
generation-for-nlp-2625,5,5,5.078125,0.07758976519107819,0.9882802963256836,0,,0.0,0,0.0009444442694075406,0.006158549804240465,0.002128337975591421,0.0024882792495191097,0.9882802963256836
generation-for-nlp-2627,1,1,13.7265625,4.2251947888871655e-05,0.9999972581863403,0,,0.0,0,0.9999972581863403,1.0930208418358234e-06,2.9418259828162263e-07,9.349103606837161e-07,4.888291300630954e-07
generation-for-nlp-2629,1,1,13.8046875,3.835602547042072e-05,0.9999973773956299,0,,0.0,0,0.9999973773956299,6.227845688044908e-07,3.2818442718962615e-07,1.0108792594110128e-06,5.539160383705166e-07
generation-for-nlp-2630,1,1,7.859375,0.008217154070734978,0.9991138577461243,0,,0.0,0,0.9991138577461243,0.0002569802163634449,7.478550833184272e-05,0.0003857729898300022,0.0001685317256487906
generation-for-nlp-2631,1,1,13.1875,6.715369818266481e-05,0.9999954700469971,0,,0.0,0,0.9999954700469971,1.2289142432564404e-06,7.453741659446678e-07,1.873870360213914e-06,7.571121045657492e-07
generation-for-nlp-2632,1,1,11.421875,0.0004587667353916913,0.9999634027481079,0,,0.0,0,0.9999634027481079,3.905356152245076e-06,1.095284187613288e-05,1.0783033758343663e-05,1.095284187613288e-05
generation-for-nlp-2634,1,1,10.5,0.0004021064378321171,0.9999665021896362,0,,0.0,0,0.9999665021896362,2.7535528715816326e-05,1.6027598803702858e-06,2.76932087217574e-06,1.7061289554476389e-06
generation-for-nlp-2635,1,1,10.59375,0.0005284913349896669,0.9999566078186035,0,,0.0,0,0.9999566078186035,5.771702490164898e-06,5.337952643458266e-06,2.5071134587051347e-05,7.183000434451969e-06
generation-for-nlp-2637,1,1,13.296875,7.405885844491422e-05,0.9999948740005493,0,,0.0,0,0.9999948740005493,1.5294076547434088e-06,5.850505431226338e-07,1.6797255284473067e-06,1.3081715906082536e-06
generation-for-nlp-2640,1,1,13.6875,5.7609431678429246e-05,0.9999960660934448,0,,0.0,0,0.9999960660934448,7.934470431791851e-07,1.0429665735500748e-06,1.1365606269464479e-06,9.061450327862985e-07
generation-for-nlp-2641,2,2,6.796875,0.014865405857563019,0.9982162117958069,0,,0.0,0,0.00038542639231309295,0.9982162117958069,7.019135955488309e-05,0.00021285266848281026,0.0011152682127431035
generation-for-nlp-2642,1,1,13.8125,3.7099460314493626e-05,0.999997615814209,0,,0.0,0,0.999997615814209,7.750681447760144e-07,2.8736792501149466e-07,1.0030126986748655e-06,3.807006692113646e-07
generation-for-nlp-2644,2,2,9.734375,0.0012336242944002151,0.9998899698257446,0,,0.0,0,6.961538929317612e-06,0.9998899698257446,1.1124507182103116e-05,5.920615512877703e-05,3.2696741982363164e-05
generation-for-nlp-2645,3,3,8.46875,0.002327162539586425,0.9997629523277283,0,,0.0,0,4.600711690727621e-06,7.294703209481668e-06,0.9997629523277283,0.00020987738389521837,1.5322710169130005e-05
generation-for-nlp-2646,1,1,9.734375,0.001669278834015131,0.9998496770858765,0,,0.0,0,0.9998496770858765,2.3920485546113923e-05,4.468935003387742e-05,5.920377225265838e-05,2.2471218471764587e-05
generation-for-nlp-2647,2,2,7.4375,0.01422344520688057,0.9983773231506348,0,,0.0,0,0.0005877998773939908,0.9983773231506348,0.0002955643576569855,0.0004436946474015713,0.0002955643576569855
generation-for-nlp-2648,3,3,10.921875,0.00028435036074370146,0.9999769926071167,0,,0.0,0,5.850400839335634e-07,1.9182725736754946e-06,0.9999769926071167,1.805842839530669e-05,2.350316663068952e-06
generation-for-nlp-2650,1,1,13.21875,6.180649506859481e-05,0.9999957084655762,0,,0.0,0,0.9999957084655762,1.0188059604843147e-06,9.570796919433633e-07,1.816217945815879e-06,4.213964075461263e-07
generation-for-nlp-2651,3,3,10.8515625,0.00031386985210701823,0.9999746084213257,0,,0.0,0,7.811291311554669e-07,2.242682512587635e-06,0.9999746084213257,1.937382148753386e-05,2.9943739718873985e-06
generation-for-nlp-2652,1,1,13.53125,5.7531866332283244e-05,0.9999960660934448,0,,0.0,0,0.9999960660934448,1.3287738056533271e-06,5.539153562494903e-07,8.122631811602332e-07,1.1911052979485248e-06
generation-for-nlp-2653,2,2,11.53125,0.00025203157565556467,0.9999808073043823,0,,0.0,0,3.446524715400301e-06,0.9999808073043823,2.3687593966315035e-06,9.818235412240028e-06,3.640255499703926e-06
generation-for-nlp-2654,1,1,13.734375,3.37040692102164e-05,0.9999977350234985,0,,0.0,0,0.9999977350234985,5.896408765693195e-07,1.944429044442586e-07,1.0845153610716807e-06,3.412579587802611e-07
generation-for-nlp-2655,1,1,14.3125,2.2213618649402633e-05,0.9999986886978149,0,,0.0,0,0.9999986886978149,3.7479887282643176e-07,1.742976536434071e-07,6.083586185923195e-07,2.596155752598861e-07
generation-for-nlp-2656,2,2,10.0,0.0012970695970579982,0.999886155128479,0,,0.0,0,2.8407317586243153e-05,0.999886155128479,2.5069368348340504e-05,4.5394761400530115e-05,1.4969602489145473e-05
generation-for-nlp-2657,1,1,13.390625,5.6055199820548296e-05,0.9999961853027344,0,,0.0,0,0.9999961853027344,1.1365607406332856e-06,5.850513389304979e-07,1.5294097011064878e-06,5.410840344666212e-07
generation-for-nlp-2658,3,3,9.25,0.0012625774834305048,0.9998819828033447,0,,0.0,0,2.2077083485783078e-06,9.15069722395856e-06,0.9998819828033447,9.610030974727124e-05,1.0532387932471465e-05
generation-for-nlp-2659,1,1,13.453125,4.8022615374065936e-05,0.9999967813491821,0,,0.0,0,0.9999967813491821,8.380478107028466e-07,4.737892425055179e-07,1.4367481071531074e-06,4.701022078279493e-07
generation-for-nlp-2660,1,1,12.734375,0.00011214219557587057,0.9999920129776001,0,,0.0,0,0.9999920129776001,2.9480015655281022e-06,8.714276873433846e-07,2.260311475765775e-06,1.9033731177842128e-06
generation-for-nlp-2661,3,3,7.296875,0.013644305057823658,0.998399555683136,0,,0.0,0,3.066996578127146e-05,0.0006765685975551605,0.998399555683136,0.0006557527813129127,0.00023749790852889419
generation-for-nlp-2662,1,1,11.421875,0.0003398603294044733,0.9999734163284302,0,,0.0,0,0.9999734163284302,8.939538929553237e-06,3.3930662084458163e-06,1.0952951924991794e-05,3.288672587586916e-06
generation-for-nlp-2663,5,5,9.046875,0.0029294854030013084,0.9997187256813049,0,,0.0,0,8.748604159336537e-05,2.0457597202039324e-05,5.56095146748703e-05,0.0001177253361674957,0.9997187256813049
generation-for-nlp-2664,2,2,10.0,0.0008826541597954929,0.999923586845398,0,,0.0,0,4.5396460336633027e-05,0.999923586845398,9.972278348868713e-06,1.568859806866385e-05,5.255021733319154e-06
generation-for-nlp-2665,1,1,14.1640625,2.670940557436552e-05,0.9999982118606567,0,,0.0,0,0.9999982118606567,7.057080324557319e-07,1.8846061777821888e-07,5.670523250955739e-07,2.5360148470099375e-07
generation-for-nlp-2668,1,1,13.46875,4.275105311535299e-05,0.9999971389770508,0,,0.0,0,0.9999971389770508,1.414473899785662e-06,3.6898757116432535e-07,7.338194336625747e-07,3.3596703019611596e-07
generation-for-nlp-2669,1,1,12.53125,8.855053602019325e-05,0.9999936819076538,0,,0.0,0,0.9999936819076538,1.2482645388445235e-06,5.759794703408261e-07,3.6119731703365687e-06,8.38045195905579e-07
generation-for-nlp-2670,1,1,14.21875,2.9307677323231474e-05,0.9999980926513672,0,,0.0,0,0.9999980926513672,5.163069545233157e-07,3.5209075122111244e-07,6.681508466499508e-07,3.4935075632347434e-07
generation-for-nlp-2671,1,1,14.4375,1.964383409358561e-05,0.9999988079071045,0,,0.0,0,0.9999988079071045,3.958665217851376e-07,1.4908469836427685e-07,5.368746656131407e-07,1.6119899726163567e-07
generation-for-nlp-2672,3,3,7.0625,0.01084842812269926,0.9987345337867737,0,,0.0,0,2.5835366614046507e-05,0.0001312028180109337,0.9987345337867737,0.0008555497624911368,0.0002529000339563936
generation-for-nlp-2673,1,1,11.375,0.00023217695706989616,0.9999821186065674,0,,0.0,0,0.9999821186065674,1.1478694432298653e-05,1.8161932757720933e-06,3.041551281057764e-06,1.5779361319800955e-06
generation-for-nlp-2674,1,1,12.4375,0.0001212971837958321,0.9999912977218628,0,,0.0,0,0.9999912977218628,2.2603096567763714e-06,1.0348452406105935e-06,3.966967142332578e-06,1.459365648770472e-06
generation-for-nlp-2675,3,3,8.703125,0.0021243190858513117,0.999790608882904,0,,0.0,0,2.0737604700116208e-06,1.2506377061072271e-05,0.999790608882904,0.00016603127005510032,2.885190951928962e-05
generation-for-nlp-2676,4,4,10.546875,0.00039299274794757366,0.9999672174453735,0,,0.0,0,1.5293653632397763e-06,8.186102036233933e-07,4.124894076085184e-06,0.9999672174453735,2.627460162329953e-05
generation-for-nlp-2677,1,1,13.8515625,4.194569919491187e-05,0.9999972581863403,0,,0.0,0,0.9999972581863403,8.446210131296539e-07,2.918932295870036e-07,9.645875707064988e-07,6.786720518903167e-07
generation-for-nlp-2678,2,2,11.3125,0.0003528285014908761,0.9999722242355347,0,,0.0,0,2.5813055799517315e-06,0.9999722242355347,5.338035862223478e-06,1.2218885785841849e-05,7.527837169618579e-06
generation-for-nlp-2679,1,1,14.0546875,3.104792631347664e-05,0.9999979734420776,0,,0.0,0,0.9999979734420776,7.872739615777391e-07,2.1024295904226165e-07,7.571139803985716e-07,2.6785647833094117e-07
generation-for-nlp-2680,2,2,11.578125,0.0002467942831572145,0.9999810457229614,0,,0.0,0,2.40606232182472e-06,0.9999810457229614,1.69287648077443e-06,9.368627615913283e-06,5.4221454774960876e-06
generation-for-nlp-2681,2,2,7.765625,0.0062674651853740215,0.9993281364440918,0,,0.0,0,3.8806527300039306e-05,0.9993281364440918,7.597949297633022e-05,0.0004237795656081289,0.00013334816321730614
generation-for-nlp-2682,2,2,12.296875,0.00014593724336009473,0.99998939037323,0,,0.0,0,4.565942163026193e-06,0.99998939037323,1.0429596386529738e-06,3.2125415145856095e-06,1.8304510831512744e-06
generation-for-nlp-2683,1,1,12.6875,9.463211608817801e-05,0.9999933242797852,0,,0.0,0,0.9999933242797852,1.258054453501245e-06,1.0593880688247737e-06,3.0894832434569253e-06,1.258054453501245e-06
generation-for-nlp-2684,2,2,11.03125,0.000511220539920032,0.999958872795105,0,,0.0,0,7.527736670454033e-06,0.999958872795105,9.515951205685269e-06,1.618717760720756e-05,7.888999789429363e-06
generation-for-nlp-2685,2,2,11.96875,0.00020481442334130406,0.999984622001648,0,,0.0,0,1.5779401110194158e-06,0.999984622001648,2.1567882413364714e-06,5.296560630085878e-06,6.339153515000362e-06
generation-for-nlp-2686,1,1,13.65625,4.469280975172296e-05,0.9999970197677612,0,,0.0,0,0.9999970197677612,1.1726399407052668e-06,3.689875143209065e-07,8.51245317790017e-07,5.804988632007735e-07
generation-for-nlp-2689,1,1,13.484375,4.436142626218498e-05,0.9999970197677612,0,,0.0,0,0.9999970197677612,7.69036091696762e-07,4.247020513048483e-07,1.3925443909101887e-06,3.747982475488243e-07
generation-for-nlp-2690,4,4,8.453125,0.0041392347775399685,0.9995822310447693,0,,0.0,0,5.9187932492932305e-05,2.0137680621701293e-05,0.00012530085223261267,0.9995822310447693,0.00021314393961802125
generation-for-nlp-2691,2,2,13.0390625,9.735019557410851e-05,0.9999932050704956,0,,0.0,0,1.8738661538009183e-06,0.9999932050704956,8.782633358350722e-07,1.9183037238690304e-06,2.173722805309808e-06
generation-for-nlp-2693,1,1,8.015625,0.004349231719970703,0.9995378255844116,0,,0.0,0,0.9995378255844116,0.00011587920016609132,7.885678314778488e-06,0.0003301090910099447,8.394260476052295e-06
generation-for-nlp-2694,1,1,8.4375,0.003824033308774233,0.9996176958084106,0,,0.0,0,0.9996176958084106,5.2235023758839816e-05,3.268783984822221e-05,0.00021650813869200647,8.090318442555144e-05
generation-for-nlp-2695,3,3,9.859375,0.0009389551123604178,0.9999176263809204,0,,0.0,0,4.459852334548486e-06,7.827285116945859e-06,0.9999176263809204,5.225069617154077e-05,1.7777405446395278e-05
generation-for-nlp-2696,1,1,14.5234375,1.778320256562438e-05,0.999998927116394,0,,0.0,0,0.999998927116394,3.30758922473251e-07,1.2359556933461135e-07,4.926639007862832e-07,1.7026010823428805e-07
generation-for-nlp-2697,1,1,10.796875,0.0005286773084662855,0.9999567270278931,0,,0.0,0,0.9999567270278931,2.0462466636672616e-05,2.857200570360874e-06,1.428510313417064e-05,5.682221399183618e-06
generation-for-nlp-2698,1,1,10.984375,0.0005664239870384336,0.9999538660049438,0,,0.0,0,0.9999538660049438,5.173706540517742e-06,9.665757715993095e-06,1.6963933376246132e-05,1.428506220690906e-05
generation-for-nlp-2699,4,4,9.453125,0.0017760844202712178,0.9998373985290527,0,,0.0,0,3.4264096029801294e-05,1.044995769916568e-05,3.943773117498495e-05,0.9998373985290527,7.843128696549684e-05
generation-for-nlp-2700,3,3,6.234375,0.023810017853975296,0.9969274401664734,0,,0.0,0,0.0004942583036608994,5.459450403577648e-05,0.9969274401664734,0.00195482955314219,0.0005688878009095788
generation-for-nlp-2701,4,4,9.09375,0.0017103718128055334,0.9998369216918945,0,,0.0,0,3.212051751688705e-06,3.4730562674667453e-06,4.399594763526693e-05,0.9998369216918945,0.00011234758858336136
generation-for-nlp-2703,5,5,8.171875,0.005522683262825012,0.9994217157363892,0,,0.0,0,0.00028232450131326914,2.4286777261295356e-05,6.499479059129953e-05,0.0002065530134132132,0.9994217157363892
generation-for-nlp-2704,2,2,5.625,0.056705158203840256,0.9919010996818542,0,,0.0,0,0.0035773541312664747,0.9919010996818542,0.00033274575253017247,0.002273904625326395,0.0019148197025060654
generation-for-nlp-2705,1,1,13.96875,3.0866387533023953e-05,0.9999980926513672,0,,0.0,0,0.9999980926513672,5.989265332573268e-07,2.5961543315133895e-07,8.579226005167584e-07,2.9649010002685827e-07
generation-for-nlp-2706,1,1,13.6875,5.763406079495326e-05,0.9999960660934448,0,,0.0,0,0.9999960660934448,1.1015922609658446e-06,5.163058744983573e-07,1.1365606269464479e-06,1.1365606269464479e-06
generation-for-nlp-2708,2,2,11.75,0.0002459556271787733,0.9999814033508301,0,,0.0,0,2.9022667149547487e-06,0.9999814033508301,2.7052096811530646e-06,7.88917805039091e-06,5.173848876438569e-06
generation-for-nlp-2709,1,1,11.703125,0.00020575053349602968,0.9999843835830688,0,,0.0,0,0.9999843835830688,3.2377220122725703e-06,1.3709377526538447e-06,8.267812518170103e-06,2.642551635290147e-06
generation-for-nlp-2712,3,3,6.46875,0.019480794668197632,0.997550904750824,0,,0.0,0,0.00011747005191864446,0.00012901562149636447,0.997550904750824,0.001547364518046379,0.0006551953847520053
generation-for-nlp-2713,1,1,14.0,3.6187768273521215e-05,0.999997615814209,0,,0.0,0,0.999997615814209,8.315267336911347e-07,3.307584677259001e-07,8.122644317154482e-07,3.958660670377867e-07
generation-for-nlp-2714,2,2,9.171875,0.002140776952728629,0.999798595905304,0,,0.0,0,1.5443436495843343e-05,0.999798595905304,1.8055205146083608e-05,6.40112702967599e-05,0.00010390053648734465
generation-for-nlp-2715,1,1,14.390625,2.265729744976852e-05,0.9999984502792358,0,,0.0,0,0.9999984502792358,4.812511633645045e-07,1.9750507362914504e-07,5.626396273328282e-07,1.9142849794206995e-07
generation-for-nlp-2717,1,1,12.703125,7.370582898147404e-05,0.9999948740005493,0,,0.0,0,0.9999948740005493,8.186328273040999e-07,6.227830340321816e-07,3.041589934582589e-06,6.733890245413932e-07
generation-for-nlp-2718,2,2,5.015625,0.09881522506475449,0.9842514991760254,0,,0.0,0,0.00019109327695332468,0.9842514991760254,0.005005971062928438,0.006529017351567745,0.004022411070764065
generation-for-nlp-2719,1,1,14.1328125,2.4280270736198872e-05,0.9999985694885254,0,,0.0,0,0.9999985694885254,3.927857790131384e-07,1.7429762522169767e-07,7.281097964551009e-07,2.6785664886119775e-07
generation-for-nlp-2720,2,2,7.203125,0.013379378244280815,0.9984523057937622,0,,0.0,0,0.0007431045523844659,0.9984523057937622,8.468695887131616e-05,0.00026913461624644697,0.00045071568456478417
generation-for-nlp-2721,2,2,8.140625,0.0070472476072609425,0.999255359172821,0,,0.0,0,0.00019706146849785,0.999255359172821,5.303837315295823e-05,0.0002033168711932376,0.00029123795684427023
generation-for-nlp-2722,1,1,11.515625,0.0002918801619671285,0.9999775886535645,0,,0.0,0,0.9999775886535645,5.338064511306584e-06,4.029382580483798e-06,9.972816769732162e-06,3.138086412945995e-06
generation-for-nlp-2725,1,1,13.1875,7.087638368830085e-05,0.9999951124191284,0,,0.0,0,0.9999951124191284,1.8738696780928876e-06,4.888281068815559e-07,1.6536843077119556e-06,8.714303589840711e-07
generation-for-nlp-2726,1,1,10.421875,0.00048037024680525064,0.9999598264694214,0,,0.0,0,0.9999598264694214,2.977280382765457e-05,4.029311185149709e-06,3.668729505079682e-06,2.64248660641897e-06
generation-for-nlp-2728,1,1,14.125,2.7314599719829857e-05,0.9999983310699463,0,,0.0,0,0.9999983310699463,7.338202863138577e-07,2.657720870047342e-07,4.6644456119793176e-07,2.9649018529198656e-07
generation-for-nlp-2729,1,1,14.671875,1.705993417999707e-05,0.999998927116394,0,,0.0,0,0.999998927116394,4.1163610831063124e-07,1.2456496278900886e-07,4.2470287553442176e-07,1.0738169464730163e-07
generation-for-nlp-2730,1,1,5.8125,0.02211015671491623,0.9968516230583191,0,,0.0,0,0.9968516230583191,7.942849333630875e-05,5.63232388230972e-05,0.002980532357469201,3.209201531717554e-05
generation-for-nlp-2731,1,1,10.640625,0.000518954242579639,0.9999574422836304,0,,0.0,0,0.9999574422836304,2.3923063054098748e-05,3.785178250836907e-06,9.665792276791763e-06,5.173725185159128e-06
generation-for-nlp-2732,1,1,13.0625,6.0265720094321296e-05,0.9999959468841553,0,,0.0,0,0.9999959468841553,7.571124456262623e-07,6.036226523065125e-07,2.123374315488036e-06,6.42553004581714e-07
generation-for-nlp-2734,1,1,14.921875,1.700014945527073e-05,0.999998927116394,0,,0.0,0,0.999998927116394,2.9881579166612937e-07,1.2456496278900886e-07,3.0115941740405106e-07,3.30758922473251e-07
generation-for-nlp-2735,4,4,9.84375,0.0008540232083760202,0.9999244213104248,0,,0.0,0,2.581182116045966e-06,2.1735734208050417e-06,1.7777525499695912e-05,0.9999244213104248,5.307388346409425e-05
generation-for-nlp-2738,1,1,13.84375,3.3404325222363696e-05,0.9999978542327881,0,,0.0,0,0.9999978542327881,9.721534297568724e-07,2.699572689834895e-07,7.281092848643311e-07,2.2380244502073765e-07
generation-for-nlp-2739,1,1,14.1953125,2.5937280952348374e-05,0.9999983310699463,0,,0.0,0,0.9999983310699463,6.839957791271445e-07,2.255578550602877e-07,5.12289147991396e-07,2.419882321191835e-07
generation-for-nlp-2740,3,3,6.40625,0.030573051422834396,0.9960489869117737,0,,0.0,0,0.0016446810914203525,0.0001845280930865556,0.9960489869117737,0.001241470454260707,0.0008803343516774476
generation-for-nlp-2741,5,5,10.21875,0.0007685448508709669,0.9999345541000366,0,,0.0,0,1.6186784705496393e-05,4.1571097426640335e-06,8.596736734034494e-06,3.647748235380277e-05,0.9999345541000366
generation-for-nlp-2742,1,1,10.03125,0.0013691082131117582,0.9998794794082642,0,,0.0,0,0.9998794794082642,2.4680539354449138e-05,1.8629849364515394e-05,4.3997817556373775e-05,3.321129406685941e-05
generation-for-nlp-2743,1,1,13.6640625,3.512415423756465e-05,0.9999977350234985,0,,0.0,0,0.9999977350234985,1.1635152077360544e-06,2.72074515805798e-07,5.942654297541594e-07,2.873679534332041e-07
generation-for-nlp-2745,1,1,14.1484375,3.0280954888439737e-05,0.9999980926513672,0,,0.0,0,0.9999980926513672,6.947669817236601e-07,2.6995732582690835e-07,7.168211482166953e-07,2.8513176175692934e-07
generation-for-nlp-2746,2,2,10.625,0.0007483824156224728,0.9999374151229858,0,,0.0,0,1.8342081602895632e-05,0.9999374151229858,6.048576778994175e-06,2.4299310098285787e-05,1.3845329704054166e-05
generation-for-nlp-2747,1,1,13.296875,6.660664803348482e-05,0.9999954700469971,0,,0.0,0,0.9999954700469971,1.6797265516288462e-06,9.570794645696878e-07,1.0930187954727444e-06,8.186333388948697e-07
generation-for-nlp-2748,3,3,9.78125,0.001146792434155941,0.9998986721038818,0,,0.0,0,1.0782336175907403e-05,9.294953997596167e-06,0.9998986721038818,5.64953988941852e-05,2.468101229169406e-05
generation-for-nlp-2749,2,2,10.421875,0.0008327765390276909,0.9999297857284546,0,,0.0,0,1.45096691994695e-05,0.9999297857284546,9.222907465300523e-06,2.977191070385743e-05,1.670052733970806e-05
generation-for-nlp-2750,1,1,13.578125,5.3003903303761035e-05,0.9999964237213135,0,,0.0,0,0.9999964237213135,8.851545203469868e-07,3.493501594675763e-07,1.2679253131864243e-06,1.0677001682779519e-06
generation-for-nlp-2751,3,3,9.671875,0.0009692329331301153,0.9999133348464966,0,,0.0,0,1.994560989260208e-06,1.036942376231309e-05,0.9999133348464966,6.302609835984185e-05,1.1212019671802409e-05
generation-for-nlp-2752,4,4,7.96875,0.0073705315589904785,0.9992019534111023,0,,0.0,0,0.0003248820430599153,2.6667943529901095e-05,0.00010064375965157524,0.9992019534111023,0.0003458351129665971
generation-for-nlp-2753,1,1,14.46875,1.8693481251830235e-05,0.999998927116394,0,,0.0,0,0.999998927116394,3.466323903467128e-07,1.7294131282596936e-07,5.203568207434728e-07,1.4225763322883722e-07
generation-for-nlp-2755,1,1,14.5390625,1.7938509699888527e-05,0.999998927116394,0,,0.0,0,0.999998927116394,3.8070118080213433e-07,1.3680784149983083e-07,4.850258505939564e-07,1.2751891631523904e-07
generation-for-nlp-2756,4,4,5.15625,0.05189412832260132,0.9921591281890869,0,,0.0,0,0.005718082655221224,8.415318006882444e-05,0.0004996404750272632,0.9921591281890869,0.0015390010084956884
generation-for-nlp-2757,3,3,9.640625,0.0008891483885236084,0.9999198913574219,0,,0.0,0,1.459261511627119e-06,6.143720383988693e-06,0.9999198913574219,6.502719043055549e-05,7.527443358412711e-06
generation-for-nlp-2758,1,1,12.765625,8.675640856381506e-05,0.9999939203262329,0,,0.0,0,0.9999939203262329,1.5294061768145184e-06,5.163047944733989e-07,2.8573069812409813e-06,1.1911026831512572e-06
generation-for-nlp-2759,2,2,11.484375,0.0003442712186370045,0.9999731779098511,0,,0.0,0,4.710804660135182e-06,0.9999731779098511,3.4464983400539495e-06,1.0289343663316686e-05,8.397916644753423e-06
generation-for-nlp-2760,4,4,9.453125,0.0013706076424568892,0.9998739957809448,0,,0.0,0,4.601222826750018e-06,4.710337634605821e-06,3.822575672529638e-05,0.9998739957809448,7.843416096875444e-05
generation-for-nlp-2761,1,1,12.140625,0.00020952432532794774,0.9999843835830688,0,,0.0,0,0.9999843835830688,5.338100891094655e-06,3.7852801142435055e-06,3.966939857491525e-06,2.521540409361478e-06
generation-for-nlp-2762,1,1,14.4453125,2.0414867321960628e-05,0.9999986886978149,0,,0.0,0,0.9999986886978149,4.0843264059731155e-07,1.5262013164374366e-07,5.326966174834524e-07,1.944430891853699e-07
generation-for-nlp-2763,1,1,13.96875,3.386076423339546e-05,0.9999978542327881,0,,0.0,0,0.9999978542327881,6.681506761196943e-07,2.8291282205827883e-07,8.579224299865018e-07,4.0525387134948687e-07
generation-for-nlp-2764,2,2,11.21875,0.0003435128601267934,0.999972939491272,0,,0.0,0,1.3419830793282017e-05,0.999972939491272,2.332016720174579e-06,6.048791419743793e-06,5.173805220692884e-06
generation-for-nlp-2765,1,1,11.078125,0.0005326635437086225,0.9999569654464722,0,,0.0,0,0.9999569654464722,1.5445883036591113e-05,1.130044984165579e-05,7.527722573286155e-06,8.664354936627205e-06
generation-for-nlp-2766,2,2,9.6875,0.001752221491187811,0.9998403787612915,0,,0.0,0,8.799774150247686e-06,0.9998403787612915,4.5392684114631265e-05,6.204444071045145e-05,4.3314001231919974e-05
generation-for-nlp-2767,1,1,12.203125,0.00017734296852722764,0.999987006187439,0,,0.0,0,0.999987006187439,2.9944110337964958e-06,5.014695034333272e-06,2.406076646366273e-06,2.64255845650041e-06
generation-for-nlp-2768,2,2,3.34375,0.27084606885910034,0.9446035027503967,0,,0.0,0,0.0017130326014012098,0.9446035027503967,0.007677280344069004,0.012657694518566132,0.033348582684993744
generation-for-nlp-2769,1,1,13.484375,3.559417382348329e-05,0.9999977350234985,0,,0.0,0,0.9999977350234985,4.4857509351459157e-07,2.5360137101415603e-07,1.3925454140917282e-06,2.7420844617154216e-07
generation-for-nlp-2770,2,2,8.6875,0.00378896901383996,0.999627947807312,0,,0.0,0,6.920086889294907e-05,0.999627947807312,6.603192741749808e-05,0.00016861845506355166,6.812800711486489e-05
generation-for-nlp-2771,3,3,9.984375,0.0010477111209183931,0.9999065399169922,0,,0.0,0,1.8737038089966518e-06,4.71049088446307e-06,0.9999065399169922,4.0692430047784e-05,4.6110562834655866e-05
generation-for-nlp-2772,3,3,9.859375,0.0007796235149726272,0.9999314546585083,0,,0.0,0,2.5214069410139928e-06,4.39076984548592e-06,0.9999314546585083,5.225141649134457e-05,9.441638212592807e-06
generation-for-nlp-2773,2,2,11.6875,0.0002175773843191564,0.999983549118042,0,,0.0,0,2.0420036435098154e-06,0.999983549118042,1.1634987231445848e-06,8.398003956244793e-06,4.936932327836985e-06
generation-for-nlp-2774,1,1,14.3671875,2.500266782590188e-05,0.9999984502792358,0,,0.0,0,0.9999984502792358,5.759821988249314e-07,2.5559054961377115e-07,5.163071250535722e-07,2.516279948849842e-07
generation-for-nlp-2775,1,1,12.703125,0.00012666601105593145,0.9999908208847046,0,,0.0,0,0.9999908208847046,2.0904437860735925e-06,1.1365546015440486e-06,3.0415776564041153e-06,2.8129995826020604e-06
generation-for-nlp-2776,5,5,6.203125,0.01844988390803337,0.9975831508636475,0,,0.0,0,0.00021947003551758826,6.693458271911368e-05,0.00011209434160264209,0.002018209081143141,0.9975831508636475
generation-for-nlp-2777,1,1,12.421875,0.00012696984049398452,0.9999909400939941,0,,0.0,0,0.9999909400939941,2.6841833005164517e-06,1.010872665574425e-06,4.0294366954185534e-06,1.4480082199952449e-06
generation-for-nlp-2778,1,1,14.171875,3.229192225262523e-05,0.9999979734420776,0,,0.0,0,0.9999979734420776,6.577920999006892e-07,2.516278811981465e-07,7.002159918556572e-07,4.926633891955134e-07
generation-for-nlp-2779,1,1,12.171875,0.00010532727901590988,0.9999922513961792,0,,0.0,0,0.9999922513961792,1.2778644986610743e-06,4.280309724435938e-07,5.173905265110079e-06,7.811429441062501e-07
generation-for-nlp-2780,1,1,12.734375,0.00011408224963815883,0.9999918937683105,0,,0.0,0,0.9999918937683105,2.9480013381544268e-06,1.0676953934307676e-06,2.5612680474296212e-06,1.5534876638412243e-06
generation-for-nlp-2781,4,4,6.96875,0.010380087420344353,0.9987673759460449,0,,0.0,0,7.8347344242502e-05,1.146475005953107e-05,0.00020321756892371923,0.9987673759460449,0.0009396685636602342
generation-for-nlp-2782,1,1,13.65625,3.5282064345665276e-05,0.9999977350234985,0,,0.0,0,0.9999977350234985,5.163067271496402e-07,3.520906375342747e-07,1.1726408501999686e-06,2.851316480700916e-07
generation-for-nlp-2783,1,1,14.5546875,1.7843121895566583e-05,0.9999988079071045,0,,0.0,0,0.9999988079071045,3.2563093554927036e-07,1.161072873401281e-07,4.775062052431167e-07,1.9292994579700462e-07
generation-for-nlp-2784,3,3,10.390625,0.0005203927867114544,0.9999563694000244,0,,0.0,0,1.034809088196198e-06,3.785174158110749e-06,0.9999563694000244,3.0717790650669485e-05,8.203242032323033e-06
generation-for-nlp-2785,2,2,11.484375,0.00025510037085041404,0.9999804496765137,0,,0.0,0,2.835032773873536e-06,0.9999804496765137,2.3138863980420865e-06,1.0289418241882231e-05,4.12494864576729e-06
generation-for-nlp-2786,1,1,13.5,4.5693916035816073e-05,0.9999970197677612,0,,0.0,0,0.9999970197677612,5.896404218219686e-07,6.375533416758117e-07,1.3709550330531783e-06,4.5563879780274874e-07
generation-for-nlp-2787,1,1,12.015625,0.0001371284160995856,0.9999898672103882,0,,0.0,0,0.9999898672103882,6.0488937378977425e-06,1.0930127700703451e-06,2.2959013676882023e-06,6.681453328383213e-07
generation-for-nlp-2788,4,4,3.390625,0.22289851307868958,0.9545783996582031,0,,0.0,0,0.03215746954083443,0.00038626554305665195,0.006137360353022814,0.9545783996582031,0.0067405723966658115
generation-for-nlp-2789,4,4,1.09375,0.7893562316894531,0.6964782476425171,0,,0.0,0,0.0004132713074795902,0.0019259349210187793,0.06789154559373856,0.6964782476425171,0.23329098522663116
generation-for-nlp-2791,2,2,9.109375,0.0029098072554916143,0.9997219443321228,0,,0.0,0,8.091161726042628e-05,0.9997219443321228,2.5459970856900327e-05,0.0001105930787161924,6.107529043219984e-05
generation-for-nlp-2793,1,1,14.3046875,2.2361933588399552e-05,0.9999985694885254,0,,0.0,0,0.9999985694885254,4.5209364429865673e-07,1.5869980529714667e-07,6.13129941484658e-07,1.9905415626908507e-07
generation-for-nlp-2794,4,4,9.953125,0.0009327562875114381,0.9999183416366577,0,,0.0,0,6.2404601521848235e-06,3.5557068258640356e-06,2.4298846255987883e-05,0.9999183416366577,4.757483475259505e-05
generation-for-nlp-2795,2,2,12.15625,0.0001799245656002313,0.9999866485595703,0,,0.0,0,2.0580259842972737e-06,0.9999866485595703,1.4255530231821467e-06,4.601741238730028e-06,5.25535324413795e-06
generation-for-nlp-2796,1,1,14.2109375,3.16170699079521e-05,0.9999979734420776,0,,0.0,0,0.9999979734420776,6.73391127747891e-07,2.699572974051989e-07,6.179384399729315e-07,4.888295279670274e-07
generation-for-nlp-2798,1,1,9.921875,0.0006469330983236432,0.9999427795410156,0,,0.0,0,0.9999427795410156,2.6014743070845725e-06,1.3081034921924584e-06,4.908622213406488e-05,4.15714384871535e-06
generation-for-nlp-2799,1,1,13.640625,3.6641045880969614e-05,0.9999974966049194,0,,0.0,0,0.9999974966049194,5.453284757095389e-07,3.5209055226914643e-07,1.1911070032510906e-06,3.205821030860534e-07
generation-for-nlp-2800,1,1,12.015625,0.00021025170281063765,0.9999842643737793,0,,0.0,0,0.9999842643737793,4.35683023169986e-06,2.857279241652577e-06,6.048860086593777e-06,2.443960511300247e-06
generation-for-nlp-2801,1,1,14.0625,3.505414497340098e-05,0.9999977350234985,0,,0.0,0,0.9999977350234985,7.811472073626646e-07,3.689877985380008e-07,7.002158213254006e-07,4.3818383232974156e-07
generation-for-nlp-2802,3,3,6.578125,0.019072558730840683,0.9976471066474915,0,,0.0,0,0.00010530963481869549,0.0002999991993419826,0.9976471066474915,0.0013871823903173208,0.0005604723701253533
generation-for-nlp-2805,1,1,14.640625,1.6022537238313816e-05,0.999998927116394,0,,0.0,0,0.999998927116394,3.4935104054056865e-07,1.188607043900447e-07,4.381843439205113e-07,8.902255643761237e-08
generation-for-nlp-2806,1,1,10.78125,0.0006149900145828724,0.9999492168426514,0,,0.0,0,0.9999492168426514,2.0784547814400867e-05,7.2960619945661165e-06,1.8342298062634654e-05,4.356677436589962e-06
generation-for-nlp-2807,1,1,12.15625,0.0001355161366518587,0.9999901056289673,0,,0.0,0,0.9999901056289673,2.123362037309562e-06,1.1102255257355864e-06,5.255371434031986e-06,1.39253484121582e-06
generation-for-nlp-2808,1,1,14.703125,1.642785719013773e-05,0.999998927116394,0,,0.0,0,0.999998927116394,3.256309923926892e-07,1.008757735121435e-07,4.1163610831063124e-07,1.8124092093785293e-07
generation-for-nlp-2810,1,1,12.75,9.765318100107834e-05,0.999993085861206,0,,0.0,0,0.999993085861206,2.90230059363239e-06,1.0593878414510982e-06,1.9947199234593427e-06,9.349064384878147e-07
generation-for-nlp-2811,1,1,13.40625,3.8902486267033964e-05,0.9999973773956299,0,,0.0,0,0.9999973773956299,5.285504016683262e-07,2.9881530849706905e-07,1.5057000837259693e-06,2.6165142230638594e-07
generation-for-nlp-2812,1,1,13.1875,5.252106348052621e-05,0.9999964237213135,0,,0.0,0,0.9999964237213135,7.002149118306988e-07,3.412575040329102e-07,1.8738721792033175e-06,6.475929126281699e-07
generation-for-nlp-2813,1,1,14.0,3.220022335881367e-05,0.9999979734420776,0,,0.0,0,0.9999979734420776,6.036238460183085e-07,2.555904359269334e-07,8.31527017908229e-07,4.0843235638021724e-07
generation-for-nlp-2815,1,1,13.734375,4.278443520888686e-05,0.9999971389770508,0,,0.0,0,0.9999971389770508,9.349102469968784e-07,3.604399978485162e-07,1.084514792637492e-06,4.5921245828139945e-07
generation-for-nlp-2816,1,1,12.046875,0.00020660064183175564,0.9999845027923584,0,,0.0,0,0.9999845027923584,5.862757461727597e-06,1.3709378663406824e-06,3.4465374483261257e-06,4.7850435294094495e-06
generation-for-nlp-2817,1,1,13.625,4.000506305601448e-05,0.9999973773956299,0,,0.0,0,0.9999973773956299,1.2098639672331046e-06,3.604400831136445e-07,7.002155939517252e-07,3.807005839462363e-07
generation-for-nlp-2818,2,2,11.65625,0.0002822859096340835,0.9999783039093018,0,,0.0,0,5.594247795670526e-06,0.9999783039093018,2.2252381768339546e-06,8.664539564051665e-06,5.173832960281288e-06
generation-for-nlp-2819,1,1,13.671875,3.805715459748171e-05,0.999997615814209,0,,0.0,0,0.999997615814209,6.681505055894377e-07,4.052537860843586e-07,1.1544606195457163e-06,2.941826835467509e-07
generation-for-nlp-2823,2,2,11.609375,0.0003114570281468332,0.9999759197235107,0,,0.0,0,2.260275095977704e-06,0.9999759197235107,5.014639100409113e-06,9.080339623324107e-06,7.7668246376561e-06
generation-for-nlp-2824,1,1,13.71875,3.8066456909291446e-05,0.9999973773956299,0,,0.0,0,0.9999973773956299,6.681503350591811e-07,3.131557662072737e-07,1.101593738894735e-06,4.181177928330726e-07
generation-for-nlp-2825,1,1,13.046875,8.564023301005363e-05,0.9999939203262329,0,,0.0,0,0.9999939203262329,2.1568082502199104e-06,9.061431001100573e-07,2.090450152536505e-06,8.186320314962359e-07
generation-for-nlp-2826,1,1,14.0390625,3.561404810170643e-05,0.999997615814209,0,,0.0,0,0.999997615814209,6.03623675488052e-07,3.0590157962251396e-07,7.996713975444436e-07,6.131293162070506e-07
generation-for-nlp-2827,4,4,10.703125,0.0005653657717630267,0.9999533891677856,0,,0.0,0,1.3845550711266696e-05,2.1399371235020226e-06,8.139379133353941e-06,0.9999533891677856,2.247354859719053e-05
generation-for-nlp-2828,1,1,13.9296875,3.9832666516304016e-05,0.9999973773956299,0,,0.0,0,0.9999973773956299,8.920977165871591e-07,4.850251116295112e-07,7.338196041928313e-07,5.083019800622424e-07
generation-for-nlp-2829,1,1,12.15625,0.0001418733736500144,0.9999896287918091,0,,0.0,0,0.9999896287918091,5.25536870554788e-06,1.4367378753377125e-06,2.5215535970346536e-06,1.1544514109118609e-06
generation-for-nlp-2831,2,2,10.03125,0.0011004675179719925,0.9999040365219116,0,,0.0,0,4.399889803607948e-05,0.9999040365219116,6.24037102170405e-06,2.392178612353746e-05,2.1781035684398375e-05
generation-for-nlp-2832,2,2,11.84375,0.00022574429749511182,0.9999829530715942,0,,0.0,0,2.8350398224574747e-06,0.9999829530715942,1.4707992477269727e-06,5.594273716269527e-06,7.183189609349938e-06
generation-for-nlp-2833,1,1,10.3125,0.0008272335398942232,0.9999297857284546,0,,0.0,0,0.9999297857284546,2.046191548288334e-05,1.112495010602288e-05,3.3212963899131864e-05,5.507249625225086e-06
generation-for-nlp-2834,2,2,12.0,0.00020552547357510775,0.9999845027923584,0,,0.0,0,2.902275582528091e-06,0.9999845027923584,1.2679101928370073e-06,6.144117378426017e-06,5.093651907372987e-06
generation-for-nlp-2835,1,1,13.015625,6.890845543239266e-05,0.999995231628418,0,,0.0,0,0.999995231628418,2.2252756934904028e-06,6.22783261405857e-07,1.2385523859848035e-06,6.629492759202549e-07
generation-for-nlp-2836,5,5,10.34375,0.0005921698175370693,0.9999501705169678,0,,0.0,0,1.1842688763863407e-05,2.4248588488262612e-06,3.473449623925262e-06,3.219176869606599e-05,0.9999501705169678
generation-for-nlp-2839,3,3,10.375,0.0004951147711835802,0.9999583959579468,0,,0.0,0,9.87423732112802e-07,4.222675670462195e-06,0.9999583959579468,3.120158726233058e-05,5.25520454175421e-06
generation-for-nlp-2840,1,1,14.484375,1.751560193952173e-05,0.999998927116394,0,,0.0,0,0.999998927116394,2.5360165523125033e-07,1.5143247367177537e-07,5.122894322084903e-07,1.7983050781822385e-07
generation-for-nlp-2841,1,1,13.53125,5.4639807785861194e-05,0.9999963045120239,0,,0.0,0,0.9999963045120239,1.0429668009237503e-06,4.592120603774674e-07,1.3287741467138403e-06,8.512447493558284e-07
generation-for-nlp-2842,1,1,14.2734375,2.3075910576153547e-05,0.9999984502792358,0,,0.0,0,0.9999984502792358,6.325927301986667e-07,1.826623474698863e-07,4.592130551372975e-07,1.9142849794206995e-07
generation-for-nlp-2843,1,1,4.78125,0.05346892401576042,0.9911106824874878,0,,0.0,0,0.9911106824874878,4.361196261015721e-05,0.00018076655396725982,0.008310969918966293,0.0003539237368386239
generation-for-nlp-2844,2,2,9.25,0.0026261210441589355,0.9997525811195374,0,,0.0,0,4.399223325890489e-05,0.9997525811195374,3.480072336969897e-05,7.253093644976616e-05,9.60878751357086e-05
generation-for-nlp-2845,2,2,11.125,0.00045940044219605625,0.9999632835388184,0,,0.0,0,4.3567388274823315e-06,0.9999632835388184,7.183048182923812e-06,1.4738657228008378e-05,1.0451272828504443e-05
generation-for-nlp-2846,1,1,13.7265625,3.916427885997109e-05,0.9999974966049194,0,,0.0,0,0.9999974966049194,1.0930210692094988e-06,2.5559029381838627e-07,8.579220889259886e-07,3.927853526874969e-07
generation-for-nlp-2847,1,1,14.15625,2.585310721769929e-05,0.9999983310699463,0,,0.0,0,0.9999983310699463,7.112429898370465e-07,2.2033280799860222e-07,4.850255663768621e-07,2.419882321191835e-07
generation-for-nlp-2848,1,1,11.5,0.00029847881523892283,0.9999769926071167,0,,0.0,0,0.9999769926071167,3.2376979106629733e-06,2.5612298486521468e-06,1.0129860129381996e-05,7.183146863098955e-06
generation-for-nlp-2849,1,1,14.0625,2.741377284110058e-05,0.9999982118606567,0,,0.0,0,0.9999982118606567,4.888296416538651e-07,2.0860690597146458e-07,7.811475484231778e-07,2.8736809554175125e-07
generation-for-nlp-2850,1,1,13.7265625,4.1013794543687254e-05,0.9999972581863403,0,,0.0,0,0.9999972581863403,1.0930208418358234e-06,4.280331324935105e-07,7.281088301169802e-07,4.592125151248183e-07
generation-for-nlp-2851,1,1,13.515625,4.0643277316121385e-05,0.9999972581863403,0,,0.0,0,0.9999972581863403,6.475934810623585e-07,3.632669915987208e-07,1.3497005966200959e-06,3.3860206372082757e-07
generation-for-nlp-2852,1,1,8.515625,0.00361472531221807,0.999640703201294,0,,0.0,0,0.999640703201294,6.812888022977859e-05,2.1775298591819592e-05,6.9201756559778e-05,0.00020024192053824663
generation-for-nlp-2853,1,1,13.546875,5.800260623800568e-05,0.9999960660934448,0,,0.0,0,0.9999960660934448,9.952057098416844e-07,5.004208105674479e-07,1.118939735533786e-06,1.3081731822239817e-06
generation-for-nlp-2854,1,1,13.5625,4.929303395329043e-05,0.9999967813491821,0,,0.0,0,0.9999967813491821,1.287892814616498e-06,4.052534450238454e-07,1.110233029066876e-06,5.12288352183532e-07
generation-for-nlp-2855,2,2,6.125,0.02750767022371292,0.9964078068733215,0,,0.0,0,0.0021796333603560925,0.9964078068733215,0.0001393393031321466,0.00047137876390479505,0.0008018422522582114
generation-for-nlp-2856,2,2,9.140625,0.0014514019712805748,0.9998635053634644,0,,0.0,0,8.396996236115228e-06,0.9998635053634644,5.421508376457496e-06,0.00010720566933741793,1.5444438759004697e-05
generation-for-nlp-2857,1,1,13.7265625,3.6212848499417305e-05,0.999997615814209,0,,0.0,0,0.999997615814209,1.0930211828963365e-06,2.616514791498048e-07,6.94766640663147e-07,3.3596720072637254e-07
generation-for-nlp-2858,3,3,11.265625,0.00022366034681908786,0.999982476234436,0,,0.0,0,5.539077960747818e-07,2.0420015971467365e-06,0.999982476234436,1.2805413462047e-05,2.0741583739436464e-06
generation-for-nlp-2859,1,1,5.0,0.05369841307401657,0.9917245507240295,0,,0.0,0,0.9917245507240295,0.00668218731880188,0.0004476786416489631,0.0006616261671297252,0.00048405604320578277
generation-for-nlp-2860,1,1,12.71875,9.347910236101598e-05,0.9999934434890747,0,,0.0,0,0.9999934434890747,1.6536815792278503e-06,1.0593881825116114e-06,2.9944303605589084e-06,8.782635632087477e-07
generation-for-nlp-2863,1,1,12.9375,5.959379268460907e-05,0.9999958276748657,0,,0.0,0,0.9999958276748657,4.116348577554163e-07,4.7010175308059843e-07,2.4060980194917647e-06,8.122629537865578e-07
generation-for-nlp-2864,1,1,13.828125,4.393197377794422e-05,0.9999970197677612,0,,0.0,0,0.9999970197677612,9.874618172034388e-07,3.689875143209065e-07,9.79777269094484e-07,5.759814030170674e-07
generation-for-nlp-2865,1,1,13.59375,5.0297330744797364e-05,0.9999966621398926,0,,0.0,0,0.9999966621398926,9.132525633503974e-07,4.812503107132216e-07,1.2482681768233306e-06,7.281083753696294e-07
generation-for-nlp-2866,4,4,9.28125,0.0012714802287518978,0.9998807907104492,0,,0.0,0,1.994495960389031e-06,1.577776288286259e-06,2.247191696369555e-05,0.9998807907104492,9.314350609201938e-05
generation-for-nlp-2867,1,1,10.390625,0.0008661410538479686,0.9999266862869263,0,,0.0,0,0.9999266862869263,1.696347135293763e-05,1.696347135293763e-05,3.0716877517988905e-05,8.664093002153095e-06
generation-for-nlp-2868,5,5,9.78125,0.00114386563654989,0.99989914894104,0,,0.0,0,1.922160117828753e-05,7.126692253223155e-06,1.805702231649775e-05,5.649542799801566e-05,0.99989914894104
generation-for-nlp-2869,2,2,11.21875,0.0005651280516758561,0.999954342842102,0,,0.0,0,8.530004379281309e-06,0.999954342842102,1.341958068223903e-05,1.2805053302145097e-05,1.0952742741210386e-05
generation-for-nlp-2870,3,3,6.125,0.022807257249951363,0.997015118598938,0,,0.0,0,0.00040979054756462574,6.483828474301845e-05,0.997015118598938,0.0021809616591781378,0.00032927593565545976
generation-for-nlp-2871,3,3,8.640625,0.003899474162608385,0.9996116757392883,0,,0.0,0,1.9671770132845268e-05,7.252071372931823e-05,0.9996116757392883,0.00017670771921984851,0.00011956642993027344
generation-for-nlp-2872,1,1,14.171875,3.153108627884649e-05,0.9999979734420776,0,,0.0,0,0.9999979734420776,5.850523621120374e-07,2.8071119118067145e-07,7.002159918556572e-07,4.775058073391847e-07
generation-for-nlp-2873,1,1,13.875,4.752562745125033e-05,0.9999967813491821,0,,0.0,0,0.9999967813491821,9.42242479595734e-07,5.453280778056069e-07,8.446206152257218e-07,8.250550536104129e-07
generation-for-nlp-2874,1,1,13.71875,3.673428000183776e-05,0.999997615814209,0,,0.0,0,0.999997615814209,5.989262490402325e-07,3.5763517303166736e-07,1.1015939662684104e-06,3.604401683787728e-07
generation-for-nlp-2875,4,4,9.859375,0.0010208770399913192,0.9999094009399414,0,,0.0,0,5.464280548039824e-06,3.0413300464715576e-06,2.9771303161396645e-05,0.9999094009399414,5.225026689004153e-05
generation-for-nlp-2878,5,5,1.6875,0.5513811111450195,0.8222076296806335,0,,0.0,0,0.0004271982761565596,0.0023094122298061848,0.022962627932429314,0.15209312736988068,0.8222076296806335
generation-for-nlp-2879,2,2,11.390625,0.0003464929177425802,0.999972939491272,0,,0.0,0,7.4111344474658836e-06,0.999972939491272,2.8572469545906642e-06,1.1300630831101444e-05,5.5074870033422485e-06
generation-for-nlp-2880,4,4,9.9375,0.0008353963494300842,0.9999274015426636,0,,0.0,0,6.591299552383134e-06,4.322679615142988e-06,1.3419219612842426e-05,0.9999274015426636,4.8324469389626756e-05
generation-for-nlp-2881,1,1,12.9375,8.809175051283091e-05,0.9999938011169434,0,,0.0,0,0.9999938011169434,2.406093017270905e-06,7.750651889182336e-07,1.9033765283893445e-06,1.076071498573583e-06
generation-for-nlp-2882,1,1,14.0546875,3.875100810546428e-05,0.9999973773956299,0,,0.0,0,0.9999973773956299,7.872735068303882e-07,3.604400831136445e-07,7.224427918117726e-07,6.681503350591811e-07
generation-for-nlp-2883,3,3,10.03125,0.0006244780961424112,0.9999456405639648,0,,0.0,0,1.706093371467432e-06,2.6840616556000896e-06,0.9999456405639648,4.4000731577398255e-05,5.95485107623972e-06
generation-for-nlp-2884,2,2,12.34375,0.00014418968930840492,0.9999895095825195,0,,0.0,0,1.5413945675391005e-06,0.9999895095825195,2.1400144305516733e-06,4.356852969067404e-06,2.424954118396272e-06
generation-for-nlp-2885,1,1,11.875,0.0002587574999779463,0.9999803304672241,0,,0.0,0,0.9999803304672241,6.04883598498418e-06,2.8572681003424805e-06,6.962167844903888e-06,3.785264880207251e-06
generation-for-nlp-2886,1,1,14.65625,1.9600771338446066e-05,0.9999988079071045,0,,0.0,0,0.9999988079071045,4.313909300890373e-07,1.7429766785426182e-07,4.1811838968897064e-07,2.1024312957251823e-07
generation-for-nlp-2888,1,1,14.03125,2.4963830583146773e-05,0.9999984502792358,0,,0.0,0,0.9999984502792358,4.965277184965089e-07,1.5994449142908707e-07,8.05943955128896e-07,1.5262008901117952e-07
generation-for-nlp-2889,2,2,8.078125,0.004731679335236549,0.9995080232620239,0,,0.0,0,3.881351585732773e-05,0.9995080232620239,3.0704017262905836e-05,0.0003100995672866702,0.0001123106267186813
generation-for-nlp-2890,1,1,12.765625,0.00012905008043162525,0.9999908208847046,0,,0.0,0,0.9999908208847046,2.857298113667639e-06,2.2959034140512813e-06,2.5215565528924344e-06,1.5779498880874598e-06
generation-for-nlp-2892,3,3,8.171875,0.005106676369905472,0.9994704127311707,0,,0.0,0,1.7222744645550847e-05,9.024072642205283e-05,0.9994704127311707,0.0002823382674250752,0.00013976758054923266
generation-for-nlp-2893,1,1,13.4921875,4.781262396136299e-05,0.9999969005584717,0,,0.0,0,0.9999969005584717,8.122638632812595e-07,5.122884090269508e-07,1.381707420478051e-06,5.004212653147988e-07
generation-for-nlp-2894,4,4,7.53125,0.00829706247895956,0.9990735054016113,0,,0.0,0,0.000535571132786572,1.2595424777828157e-05,9.602260979590937e-05,0.9990735054016113,0.0002822261303663254
generation-for-nlp-2895,1,1,13.6328125,4.0967686800286174e-05,0.9999972581863403,0,,0.0,0,0.9999972581863403,7.630515597156773e-07,4.4857489456262556e-07,1.2004485370198381e-06,3.035209488189139e-07
generation-for-nlp-2896,1,1,14.1328125,3.2920703233685344e-05,0.9999977350234985,0,,0.0,0,0.9999977350234985,6.681505624328565e-07,3.059016364659328e-07,7.281091711774934e-07,4.280333314454765e-07
generation-for-nlp-2899,5,5,10.171875,0.000807375879958272,0.9999309778213501,0,,0.0,0,1.5935775081743486e-05,4.189699666312663e-06,1.0615513929224107e-05,3.8227935874601826e-05,0.9999309778213501
